Cp,7412,116.2339151,40.5937809,1,-1
El,1678,116.3948338,40.0014787,1,-1
Cn,1060,116.4982216,39.7625636,1,-1
Bz,433,116.3910322,39.9125195,1,-1
El,1682,116.4919209,39.8002114,1,-1
Al,669,116.4929509,39.7902699,1,-1
Cn,1062,116.4920068,39.7899896,1,-1
Br,92,116.5001442,39.7807016,1,-1
El,1683,116.4038902,39.9378557,1,-1
El,1684,116.4245878,39.9232908,1,-1
Al,670,116.3405004,40.0323599,1,-1
Al,671,116.3429216,40.0300866,1,-1
El,1688,116.3668247,39.9791686,1,-1
El,1689,116.3734627,39.9800601,1,-1
Bd,1031,116.4128468,39.9787676,1,-1
Cn,1098,116.4126029,39.9787926,1,-1
El,1698,116.4154813,39.9782941,1,-1
Bd,1033,116.4303284,39.9696953,1,-1
El,1699,116.4179368,39.97802,1,-1
Cn,1099,116.4064885,39.9816586,1,-1
El,1700,116.3443045,39.9989587,1,-1
Bd,1035,116.3459125,39.9969559,1,-1
El,1701,116.3696484,40.0000758,1,-1
El,1702,116.371361,40.000083,1,-1
El,1703,116.3726112,40.0000107,1,-1
Bd,1036,116.3719594,40.0001073,1,-1
El,1704,116.372394,40.0006744,1,-1
Bh,33,116.3782412,40.0001053,1,-1
Ex,205,116.3278976,39.9362349,1,-1
Bf,230,116.32772,39.9364465,1,-1
Bf,231,116.3281329,39.9365036,1,-1
Bf,232,116.3278009,39.9365123,1,-1
Ci,406,116.3258628,39.9981749,1,-1
Ci,407,116.3245699,39.998366,1,-1
El,1706,116.3459485,40.0037158,1,-1
El,1708,116.3303984,39.9918604,1,-1
Al,674,116.327566,39.9911329,1,-1
Al,675,116.3279898,39.9911473,1,-1
Bf,233,116.3273982,39.9360678,1,-1
Cp,7783,115.5807732,40.0819431,1,-1
Cp,7784,115.5805872,40.0823079,1,-1
Cp,7785,115.6372745,40.1154729,1,-1
Cp,7803,116.2049454,40.5913043,1,-1
Cp,7804,116.2022101,40.591511,1,-1
Cp,7805,116.2223756,40.5918666,1,-1
Cp,7806,116.2175314,40.5930475,1,-1
Cp,7807,116.1919472,40.5956668,1,-1
Cp,7808,116.2594117,40.603943,1,-1
Cp,7810,116.2573482,40.6019186,1,-1
Cp,7811,116.1287686,40.4634299,1,-1
Cp,7812,116.1457246,40.4638881,1,-1
Cp,7813,116.1442306,40.4641768,1,-1
Cp,7814,116.235211,40.4653908,1,-1
Cp,7815,116.1805168,40.472117,1,-1
Cp,7816,116.2161428,40.4757794,1,-1
Cp,7817,116.2722088,40.4964256,1,-1
Cp,7818,116.2651767,40.4981743,1,-1
Cp,7819,116.2546817,40.500395,1,-1
Cn,1101,116.5026712,39.8003185,1,-1
El,1736,116.5029287,39.798604,1,-1
Cn,1102,116.5042162,39.7970873,1,-1
El,1737,116.5061259,39.7964073,1,-1
Cp,9129,116.7671105,39.8542777,1,-1
Cn,1140,116.3656595,40.000507,1,-1
Ci,420,116.3936998,39.9395478,1,-1
El,1778,116.3922465,39.9394272,1,-1
El,1791,116.402474,39.9416823,1,-1
El,1807,116.3902719,39.9405675,1,-1
El,1808,116.3987582,39.9401712,1,-1
El,1817,116.2281425,40.1932492,1,-1
Bz,445,116.2509881,40.1936844,1,-1
Eu,181,116.4843035,39.8001784,1,-1
Ci,442,116.3311014,40.0704849,1,-1
Al,717,116.3319084,40.070476,1,-1
Al,718,116.3307344,40.0709322,1,-1
Cp,9379,117.3742237,40.6777377,1,-1
Cp,9420,117.2544744,40.4416329,1,-1
El,1921,116.4083047,40.0525998,1,-1
At,1242,116.4341931,39.9355563,1,-1
El,1924,116.4346577,39.9348286,1,-1
At,1245,116.3602029,39.9641683,1,-1
El,1926,116.3724184,40.0001489,1,-1
El,1927,116.369519,40.000087,1,-1
At,1247,116.4020163,39.8304149,1,-1
At,1248,116.4004287,39.8354311,1,-1
El,1935,116.4114401,40.002978,1,-1
Al,730,116.4110287,40.0073916,1,-1
Bd,1167,116.411072,40.007176,1,-1
El,1936,116.409727,40.0075209,1,-1
Al,731,116.357142,39.8578704,1,-1
El,1937,116.38347,39.8866065,1,-1
At,1252,116.3803221,39.9467492,1,-1
Al,732,116.4104914,40.0018212,1,-1
Al,733,116.39004,39.99846,1,-1
Ct,143,116.379161,39.996652,1,-1
Cn,1256,116.378796,39.996257,1,-1
Cn,1257,116.3765,39.996224,1,-1
At,1253,116.378946,39.995534,1,-1
Al,734,116.4036969,40.045927,1,-1
Al,735,116.4033241,40.0458941,1,-1
Bd,1170,116.4033616,40.0459187,1,-1
El,1941,116.4031229,40.0459208,1,-1
Cl,12,116.402447,40.0459064,1,-1
El,1942,116.4031471,40.0459208,1,-1
El,1943,116.4033563,40.0459023,1,-1
Bd,1171,116.407873,40.043093,1,-1
Cn,1260,116.411127,40.031721,1,-1
El,1944,116.399334,40.000864,1,-1
El,1945,116.394883,40.001323,1,-1
Bh,39,116.407442,40.051402,1,-1
El,1946,116.406417,40.053006,1,-1
Al,737,116.4095981,40.0391446,1,-1
Cj,138,116.4124208,40.0317264,1,-1
Al,738,116.4112522,40.0298111,1,-1
Fa,258,116.4069581,40.0224547,1,-1
Ef,114,116.1913974,39.8808742,1,-1
Al,740,116.369887,39.9999816,1,-1
At,1258,116.4080395,39.9398578,1,-1
El,1955,116.411547,39.9393761,1,-1
El,1956,116.369868,39.999888,1,-1
Cn,1268,116.368177,39.999748,1,-1
El,1957,116.367577,40.000533,1,-1
Cn,1269,116.366327,40.000514,1,-1
Al,746,116.364078,40.000591,1,-1
Cn,1270,116.332823,39.9995386,1,-1
Al,747,116.329215,39.995681,1,-1
Dw,10,116.4578824,40.0151945,1,-1
Ci,461,116.3092035,39.9818072,1,-1
Bd,1180,116.4153452,39.99212,1,-1
Cn,1277,116.4117052,39.9937967,1,-1
El,1979,116.5412524,40.4134239,1,-1
El,1990,116.4047867,40.0420272,1,-1
Al,754,116.4050651,40.0413027,1,-1
Cn,1314,116.400404,40.000958,1,-1
Cn,1315,116.402314,40.001386,1,-1
Cn,1316,116.402893,40.001386,1,-1
Al,756,116.410232,40.00178,1,-1
Al,757,116.411991,40.032741,1,-1
Al,758,116.408533,40.040925,1,-1
Eu,195,116.408019,40.042275,1,-1
El,2007,116.410575,40.018321,1,-1
Cn,1317,116.395125,40.001287,1,-1
Cn,1318,116.398945,40.001484,1,-1
Cn,1319,116.3980893,40.0020819,1,-1
Cn,1320,116.401063,40.002331,1,-1
Cn,1321,116.402095,40.00241,1,-1
Al,760,116.401058,40.003427,1,-1
Cn,1322,116.402217,40.004712,1,-1
Cn,1323,116.402156,40.00498,1,-1
Ci,468,116.402217,40.006277,1,-1
Cn,1324,116.369309,40.001791,1,-1
Bd,1189,116.369126,40.003193,1,-1
Ci,469,116.369126,40.003305,1,-1
El,2009,116.375218,40.007257,1,-1
Ci,470,116.375282,40.00775,1,-1
Cn,1325,116.375776,40.008095,1,-1
Cn,1326,116.408653,40.038393,1,-1
Al,761,116.412252,40.028057,1,-1
Cn,1327,116.402959,40.000948,1,-1
Cn,1328,116.375381,39.999234,1,-1
Cn,1329,116.364749,40.000538,1,-1
Ci,471,116.345985,39.998681,1,-1
Cn,1330,116.346128,39.9959464,1,-1
Al,762,116.346409,39.993319,1,-1
Ci,472,116.328354,39.99472,1,-1
Bt,30,116.331474,39.991319,1,-1
El,2011,116.332385,39.991867,1,-1
El,2012,116.332342,39.992168,1,-1
Ci,473,116.332887,39.991131,1,-1
Cn,1331,116.333782,39.992168,1,-1
Ci,474,116.4079177,39.9413413,1,-1
El,2063,116.369285,40.002941,1,-1
Ci,477,116.372131,40.000704,1,-1
El,2067,116.4082952,40.0413833,1,-1
Cn,1349,116.3966584,40.0007195,1,-1
Ci,478,116.395871,40.001395,1,-1
Ci,480,116.4196359,40.0320518,1,-1
Bd,1204,116.417293,40.0320659,1,-1
El,2075,116.4273847,40.0306732,1,-1
El,2076,116.645785,40.1278801,1,-1
El,2077,116.6458589,40.1276162,1,-1
Cn,1357,116.6446679,40.1284161,1,-1
Ci,481,116.410983,39.943206,1,-1
El,2078,116.5118038,40.4649342,1,-1
El,2079,116.356002,39.913693,1,-1
El,2080,116.357697,39.915134,1,-1
Cn,1360,116.359009,39.915831,1,-1
At,1281,116.40838,39.942744,1,-1
El,2082,116.405884,39.942316,1,-1
El,2083,116.405173,39.942562,1,-1
El,2084,116.404998,39.942535,1,-1
Al,763,116.403118,39.939621,1,-1
El,2085,116.403702,39.939638,1,-1
Dn,186,116.406527,39.939909,1,-1
Cn,1361,116.407281,39.939836,1,-1
Cn,1362,116.406645,39.939132,1,-1
Cn,1363,116.402496,39.94064,1,-1
At,1284,116.364634,39.913966,1,-1
Cn,1368,116.363647,39.915513,1,-1
Cn,1369,116.3667339,39.9135484,1,-1
El,2095,116.2852298,39.9067606,1,-1
At,1287,116.408439,39.943763,1,-1
Ex,226,116.410031,39.944387,1,-1
Eu,199,116.37629,39.996191,1,-1
Eu,200,116.402617,39.945034,1,-1
El,2097,116.389632,39.999315,1,-1
Al,766,116.387358,39.998756,1,-1
Bd,1219,116.3403081,40.0141455,1,-1
Ci,489,116.4000926,39.939404,1,-1
El,2099,116.4114278,40.0339139,1,-1
El,2100,116.4107107,40.0356914,1,-1
El,2103,116.4843326,39.9748367,1,-1
Al,768,116.4112252,40.0299693,1,-1
El,2115,116.4116542,40.0069693,1,-1
El,2116,116.4117388,40.006825,1,-1
Cn,1390,116.4072781,40.0415328,1,-1
El,2118,116.409867,40.006547,1,-1
El,2119,116.4124088,40.0323162,1,-1
Ci,495,116.4112169,40.0301308,1,-1
Cn,1391,116.4021378,40.0017326,1,-1
El,2120,116.4001579,40.001547,1,-1
El,2121,116.401041,40.0026814,1,-1
Bd,1235,116.4009054,40.0036302,1,-1
Eu,203,116.4121741,40.0255145,1,-1
El,2128,116.359769,39.992022,1,-1
El,2129,116.359209,39.992839,1,-1
El,2132,116.397936,40.000712,1,-1
El,2133,116.411691,40.032806,1,-1
El,2134,116.412141,40.032724,1,-1
As,10,116.412258,40.0282324,1,-1
As,11,116.412258,40.0283497,1,-1
Bz,507,116.4275213,40.0036091,1,-1
El,2135,116.412249,40.028074,1,-1
El,2136,116.4116635,40.0329139,1,-1
Bd,1242,116.408343,39.839848,1,-1
Ex,233,116.408772,39.835086,1,-1
Ex,234,116.3957365,39.8337152,1,-1
El,2138,116.394338,39.836069,1,-1
El,2139,116.39519,39.839518,1,-1
Eu,207,116.395211,39.839584,1,-1
El,2140,116.395125,39.839815,1,-1
El,2141,116.395147,39.840342,1,-1
El,2142,116.394889,39.843225,1,-1
El,2143,116.4113818,40.0340169,1,-1
El,2144,116.411197,40.03021,1,-1
El,2145,116.409845,40.00635,1,-1
El,2151,116.3281862,39.9923114,1,-1
El,2152,116.389685,39.999542,1,-1
Bd,1250,116.2968965,39.9270423,1,-1
El,2168,116.3534056,39.8649835,1,-1
El,2169,116.403418,40.045929,1,-1
Bd,1276,116.408064,40.052289,1,-1
Dl,202,116.5311771,40.4656816,1,-1
El,2221,116.370234,39.995961,1,-1
El,2222,116.370943,39.996076,1,-1
El,2223,116.37014,39.995943,1,-1
Al,780,116.5031862,39.7984721,1,-1
El,2232,116.3744402,39.9439711,1,-1
Dl,204,116.3614732,39.9276739,1,-1
El,2234,116.3908636,39.9367096,1,-1
Bh,48,116.3759377,40.0001572,1,-1
El,2238,116.3759627,40.0001588,1,-1
El,2239,116.408043,40.041251,1,-1
Cn,1422,116.378045,40.000202,1,-1
Cn,1423,116.402163,40.001616,1,-1
El,2243,116.410124,40.00178,1,-1
Ca,80,116.4120453,40.0203475,1,-1
Ca,81,116.4121001,40.0197882,1,-1
El,2244,116.412504,40.0168599,1,-1
Eu,213,116.4082179,40.0394625,1,-1
El,2248,116.3387867,39.9808296,1,-1
Cn,1424,116.39931,39.927049,1,-1
El,2249,116.231232,40.198331,1,-1
El,2250,116.231554,40.19838,1,-1
El,2251,116.2315279,40.1985593,1,-1
El,2252,116.372466,40.000679,1,-1
El,2253,116.377637,40.000202,1,-1
Cn,1425,116.377788,40.000202,1,-1
Ef,161,116.0910544,40.1032852,1,-1
Eu,214,116.4874833,39.9092445,1,-1
El,2255,116.2447777,40.2206561,1,-1
Ca,82,116.407694,40.040366,1,-1
Cn,1430,116.4142805,39.9475403,1,-1
Cn,1431,116.4149282,39.9475431,1,-1
Cn,1432,116.4153069,39.9475783,1,-1
Eu,216,116.394932,39.995961,1,-1
Bd,1283,116.394911,39.996191,1,-1
Fb,7,116.394889,39.996586,1,-1
El,2285,116.397336,39.996717,1,-1
Al,782,116.4999354,40.0348898,1,-1
Ci,521,116.4996457,40.0349062,1,-1
Al,783,116.5005684,40.033292,1,-1
El,2288,116.412881,39.945926,1,-1
El,2292,116.409738,39.993545,1,-1
El,2293,116.405511,39.993397,1,-1
Cn,1436,116.401863,39.993331,1,-1
El,2294,116.417484,39.991999,1,-1
Cn,1437,116.451087,39.995945,1,-1
El,2295,116.454778,39.995435,1,-1
El,2296,116.458447,39.99555,1,-1
El,2297,116.458404,39.995567,1,-1
El,2298,116.460164,39.996142,1,-1
Cn,1438,116.460936,39.996208,1,-1
Ci,522,116.461236,39.996356,1,-1
El,2299,116.460434,39.996133,1,-1
El,2300,116.451173,39.997063,1,-1
El,2301,116.451194,39.996898,1,-1
Cn,1439,116.448963,39.995419,1,-1
Al,785,116.420016,39.99241,1,-1
Bd,1285,116.419973,39.99241,1,-1
El,2302,116.409845,39.993939,1,-1
Al,786,116.401927,39.996767,1,-1
El,2303,116.406326,39.993841,1,-1
Bd,1286,116.405532,39.993857,1,-1
El,2304,116.398044,40.000564,1,-1
Cn,1440,116.401155,40.000301,1,-1
El,2309,116.4079884,40.0729182,1,-1
Ci,523,116.382912,39.8920481,1,-1
El,2313,116.402764,39.997556,1,-1
Eu,218,116.404524,39.997211,1,-1
El,2314,116.403129,39.997211,1,-1
Ci,524,116.40079,39.997638,1,-1
El,2315,116.402893,39.997227,1,-1
El,2316,116.404245,39.997211,1,-1
El,2317,116.397893,39.996915,1,-1
Bd,1294,116.398022,39.99698,1,-1
Bo,43,116.395404,39.996915,1,-1
Cn,1445,116.402614,39.997161,1,-1
El,2318,116.399288,39.997506,1,-1
El,2319,116.396842,39.997095,1,-1
El,2320,116.396263,39.997013,1,-1
El,2321,116.394846,39.996931,1,-1
El,2322,116.395061,39.996948,1,-1
El,2323,116.39504,39.996602,1,-1
El,2324,116.395662,39.996948,1,-1
Cj,153,116.4299329,39.9351115,1,-1
Bd,1318,116.429036,39.9386861,1,-1
At,1364,116.409996,40.001764,1,-1
El,2371,116.412206,40.032691,1,-1
As,12,116.371415,40.000054,1,-1
Bh,51,116.371586,40.000071,1,-1
Al,794,116.372552,40.000136,1,-1
El,2383,116.36987,39.995961,1,-1
El,2384,116.369913,39.995649,1,-1
El,2385,116.372681,39.995797,1,-1
Eu,222,116.370878,39.996093,1,-1
El,2386,116.372037,39.995731,1,-1
Bd,1324,116.371822,39.995698,1,-1
Bh,52,116.371779,39.996158,1,-1
Ct,163,116.371028,39.997835,1,-1
El,2387,116.369977,39.998509,1,-1
El,2388,116.369977,39.998657,1,-1
El,2389,116.369891,39.99892,1,-1
Ci,527,116.390362,39.997539,1,-1
El,2390,116.390233,39.997769,1,-1
Al,802,116.390104,39.997769,1,-1
El,2391,116.390233,39.997901,1,-1
El,2392,116.390104,39.997901,1,-1
El,2393,116.390083,39.997983,1,-1
El,2394,116.39004,39.998082,1,-1
El,2395,116.390233,39.998032,1,-1
El,2396,116.39004,39.998328,1,-1
El,2397,116.39019,39.998328,1,-1
El,2398,116.390169,39.998558,1,-1
El,2399,116.389976,39.998591,1,-1
El,2400,116.390147,39.998674,1,-1
El,2401,116.390233,39.99869,1,-1
El,2402,116.389825,39.999232,1,-1
Ci,528,116.390083,39.998904,1,-1
El,2403,116.389589,39.999479,1,-1
El,2404,116.38989,39.999052,1,-1
El,2405,116.39004,39.999052,1,-1
El,2406,116.389847,39.99915,1,-1
El,2407,116.389954,39.99938,1,-1
Az,16,116.396713,40.001451,1,-1
El,2411,116.409888,40.001764,1,-1
El,2412,116.410317,40.00178,1,-1
Az,17,116.300736,39.97579,1,-1
El,2413,116.408687,40.058793,1,-1
Al,803,116.408665,40.058859,1,-1
Al,804,116.408665,40.058711,1,-1
Cn,1466,116.408987,40.055196,1,-1
Eu,223,116.40358,40.046507,1,-1
El,2414,116.403537,40.046507,1,-1
El,2415,116.403429,40.046524,1,-1
El,2416,116.403322,40.046524,1,-1
El,2417,116.397657,40.046162,1,-1
El,2418,116.399696,40.046015,1,-1
El,2419,116.39976,40.046015,1,-1
Cn,1467,116.400425,40.046327,1,-1
El,2420,116.399631,40.046015,1,-1
El,2421,116.397357,40.046146,1,-1
Eu,224,116.397078,40.045637,1,-1
Bh,53,116.399224,40.046015,1,-1
El,2422,116.397293,40.046146,1,-1
El,2423,116.399181,40.046212,1,-1
El,2424,116.399052,40.046015,1,-1
Bd,1331,116.39843,40.046162,1,-1
Bd,1332,116.398323,40.046146,1,-1
El,2425,116.397164,40.04562,1,-1
El,2426,116.398237,40.046162,1,-1
El,2427,116.397958,40.046162,1,-1
El,2428,116.397829,40.046162,1,-1
El,2429,116.397614,40.046162,1,-1
El,2430,116.39755,40.046146,1,-1
El,2431,116.397486,40.046146,1,-1
El,2432,116.3974,40.045653,1,-1
Cn,1468,116.397614,40.045653,1,-1
El,2433,116.397228,40.046146,1,-1
As,13,116.397078,40.045275,1,-1
El,2434,116.407528,40.051599,1,-1
Bd,1333,116.407099,40.051041,1,-1
Bh,54,116.409202,40.055147,1,-1
El,2435,116.407592,40.051796,1,-1
El,2436,116.407442,40.051468,1,-1
Ci,529,116.409931,40.055016,1,-1
El,2437,116.41006,40.055196,1,-1
Al,805,116.409287,40.055673,1,-1
El,2438,116.409416,40.055656,1,-1
El,2439,116.409867,40.056116,1,-1
El,2440,116.410875,40.056822,1,-1
Fc,2,116.411047,40.06014,1,-1
Cn,1469,116.408408,40.060238,1,-1
Ci,530,116.408601,40.05876,1,-1
Cn,1470,116.408558,40.059269,1,-1
Al,806,116.408558,40.059007,1,-1
El,2441,116.405983,40.056231,1,-1
Al,807,116.406991,40.055459,1,-1
El,2442,116.4726721,39.9274288,1,-1
At,1376,116.5129226,39.9105669,1,-1
Cj,155,116.4649248,39.9078032,1,-1
El,2446,116.401842,40.056806,1,-1
El,2447,116.401649,40.056789,1,-1
Cn,1473,116.2213235,40.0686536,1,-1
Cn,1499,116.3669811,39.9064465,1,-1
Cj,158,116.3690323,39.9049571,1,-1
Al,827,116.337707,39.9754042,1,-1
At,1405,116.4200922,39.9631212,1,-1
At,1406,116.3771407,39.9359137,1,-1
Bz,611,116.4641398,39.9213962,1,-1
At,1409,116.4464685,39.9094017,1,-1
Cn,1511,116.4739042,39.7969936,1,-1
Cn,1512,116.4739201,39.7970983,1,-1
Al,835,116.3481539,40.0357871,1,-1
El,2496,116.4563027,39.9555314,1,-1
Ex,253,116.1984979,39.878212,1,-1
Al,842,116.5131796,39.7764952,1,-1
Bd,1381,116.5033629,39.7632669,1,-1
Cn,1537,116.368432,40.008026,1,-1
Al,844,116.365643,40.008618,1,-1
El,2516,116.365106,40.01059,1,-1
El,2517,116.365128,40.0099,1,-1
El,2518,116.365106,40.010393,1,-1
El,2519,116.366351,40.008683,1,-1
El,2520,116.366179,40.008667,1,-1
Ct,170,116.365557,40.0099,1,-1
El,2538,116.300044,39.980805,1,-1
Ci,573,116.309063,39.9800493,1,-1
El,2546,116.311634,39.9758885,1,-1
Cn,1572,116.319048,39.933909,1,-1
Cn,1573,116.31907,39.933658,1,-1
Ci,575,116.31896,39.933049,1,-1
Cn,1574,116.318296,39.931621,1,-1
Cn,1575,116.318983,39.932247,1,-1
El,2561,116.387937,39.998361,1,-1
Al,859,116.388066,39.996323,1,-1
El,2562,116.38813,39.996323,1,-1
El,2563,116.382079,39.997917,1,-1
El,2564,116.4494491,39.9263376,1,-1
El,2568,116.3374834,39.9266035,1,-1
El,2575,116.3177986,39.9469924,1,-1
El,2576,116.3178147,39.9468135,1,-1
El,2577,116.3192132,39.9439525,1,-1
Bd,1396,116.323757,39.937777,1,-1
Cn,1605,116.321418,39.936856,1,-1
El,2578,116.325409,39.937547,1,-1
Cn,1606,116.321676,39.936872,1,-1
Cn,1607,116.321869,39.936856,1,-1
El,2579,116.324036,39.937678,1,-1
Al,864,116.328242,39.932084,1,-1
El,2580,116.328242,39.932216,1,-1
Bd,1398,116.4299824,39.9345275,1,-1
Cn,1610,116.318779,39.947204,1,-1
Cn,1611,116.318715,39.947516,1,-1
Cn,1612,116.318672,39.947779,1,-1
El,2582,116.4390979,39.9352262,1,-1
Fa,309,116.449309,39.9114912,1,-1
El,2599,116.4482258,39.935719,1,-1
El,2600,116.461857,39.8713493,1,-1
El,2604,116.2984228,39.983056,1,-1
El,2615,116.3220636,39.9810498,1,-1
Fa,312,116.398494,39.90516,1,-1
Fa,313,116.394302,39.901335,1,-1
El,2618,116.393955,39.900051,1,-1
Bd,1409,116.41372,40.041647,1,-1
Cn,1625,116.396799,39.898673,1,-1
Cn,1626,116.415343,40.040516,1,-1
Al,868,116.405364,39.909914,1,-1
Ci,589,116.300062,39.980678,1,-1
El,2657,116.4113151,39.8870305,1,-1
Ci,595,116.393769,39.9367798,1,-1
Ci,596,116.3966819,39.9377361,1,-1
Dc,232,116.2773785,40.0970963,1,-1
Ci,603,116.3660199,40.073155,1,-1
El,2698,116.4319164,39.9493905,1,-1
Cn,1706,116.319089,39.933928,1,-1
Cn,1707,116.317577,39.93151,1,-1
El,2699,116.3629422,40.0020745,1,-1
El,2701,116.3886837,39.8944511,1,-1
Fa,335,116.2776839,40.0969617,1,-1
Dx,895,116.6326949,40.4102797,1,-1
Bz,680,116.2544616,40.0324442,1,-1
Bz,681,116.2544764,40.0325896,1,-1
Bz,682,116.2540452,40.0325794,1,-1
Ci,607,116.42626,39.8851933,1,-1
Es,912,116.2809266,39.8074302,1,-1
Es,913,116.2814807,39.8094849,1,-1
Es,914,116.2815869,39.8084828,1,-1
Es,915,116.2816065,39.8074106,1,-1
Es,916,116.2779086,39.8077014,1,-1
Es,917,116.2823983,39.8093552,1,-1
Es,918,116.2822537,39.8085892,1,-1
Es,919,116.2809962,39.8077296,1,-1
Es,920,116.2813673,39.8087727,1,-1
Es,921,116.2822452,39.807854,1,-1
Es,922,116.2783642,39.8084453,1,-1
Es,923,116.2788872,39.8095344,1,-1
Es,924,116.2805974,39.810246,1,-1
Es,925,116.2802693,39.8087809,1,-1
Es,926,116.2819819,39.808404,1,-1
Es,927,116.284572,39.8084211,1,-1
Es,928,116.2826867,39.8112746,1,-1
Es,929,116.2810672,39.8085943,1,-1
Es,930,116.2815168,39.8104267,1,-1
Es,931,116.2800943,39.8097201,1,-1
Es,932,116.2844542,39.8078321,1,-1
Es,933,116.2836424,39.808949,1,-1
Es,934,116.2787303,39.8076185,1,-1
Es,935,116.2778487,39.8088896,1,-1
Es,936,116.2778346,39.8084956,1,-1
Cn,1742,116.3695296,39.9085003,1,-1
Ci,609,116.4649303,39.9063924,1,-1
Bd,1457,116.3286011,39.9815843,1,-1
Bd,1458,116.3283275,39.9815822,1,-1
At,1663,116.328836,39.981618,1,-1
Ci,621,116.4738688,39.9978115,1,-1
El,2766,116.1923598,39.9133625,1,-1
Dn,211,116.164938,39.7304141,1,-1
El,2768,116.3985384,40.0000561,1,-1
El,2769,116.3986264,40.0014916,1,-1
Cn,1775,116.4049893,40.0563045,1,-1
El,2770,116.4048784,40.0569432,1,-1
Cn,1786,116.4066693,40.0316125,1,-1
Cn,1787,116.4064466,40.0316167,1,-1
Cn,1788,116.4058646,40.0316249,1,-1
Cn,1789,116.4095848,40.0315561,1,-1
Ex,276,116.155674,39.9362881,2,-1
Cz,184,116.1956366,40.0103176,2,-1
Ci,643,116.4704038,39.9474859,2,-1
Fa,396,116.2120529,39.9007656,2,-1
El,2838,116.42548,40.0130209,2,-1
Cn,1860,116.2091074,39.9730435,2,-1
El,2863,116.4507756,39.9352885,2,-1
El,2864,116.4505433,39.9305318,2,-1
El,2865,116.4509987,39.9302772,2,-1
El,2866,116.450436,39.9305174,2,-1
El,2867,116.393615,39.9417357,2,-1
Ci,649,116.4927749,39.9832355,2,-1
El,2868,116.4888965,39.9831862,2,-1
Cz,188,116.1609359,40.0021492,2,-1
Et,61,116.1746763,39.9691605,2,-1
Cj,180,116.1544324,39.8065799,2,-1
Dx,1324,115.601894,40.0154258,2,-1
Dx,1325,115.4845293,39.949825,2,-1
Dx,1326,115.483765,39.95095,2,-1
Dx,1327,115.5653213,39.9993882,2,-1
Dx,1328,115.4971109,40.0494731,2,-1
El,2927,116.440138,39.915705,2,-1
El,2930,116.44332,39.930547,2,-1
Cp,9762,116.2239419,40.0119775,2,-1
Dl,258,116.3924963,39.9279585,2,-1
El,2939,116.3977907,39.9386122,2,-1
El,2951,116.4737183,39.9857408,2,-1
Ci,662,116.4738726,39.9855347,2,-1
El,2952,116.4695,39.9856045,2,-1
Bd,1543,116.476763,39.9679323,2,-1
Al,944,116.484827,39.9702167,2,-1
El,2959,116.4340955,39.9212079,2,-1
El,2961,116.4660533,39.9846142,2,-1
El,2964,116.3737214,39.9337669,2,-1
Al,952,115.980431,39.9696801,2,-1
Es,1044,116.0905842,39.8706694,2,-1
Ef,256,116.0727971,39.8688982,2,-1
Es,1045,116.06353,39.8653656,2,-1
Es,1046,116.0626265,39.8656268,2,-1
Es,1049,116.0729318,39.8562483,2,-1
Es,1050,116.0844361,39.8500838,2,-1
Ef,257,116.0750906,39.8522377,2,-1
El,3013,116.4695053,39.9727166,2,-1
El,3014,116.4697548,39.9725645,2,-1
El,3038,116.0304021,40.0036449,2,-1
El,3047,116.455868,39.9554018,2,-1
Ci,678,116.3889223,39.9125763,2,-1
El,3075,116.186559,39.9065384,2,-1
El,3076,116.2006521,39.9129445,2,-1
El,3077,116.2006521,39.9129275,2,-1
El,3078,116.3407941,39.9848742,2,-1
El,3079,116.3560927,39.8873604,2,-1
Dn,229,116.6520539,40.1211685,2,-1
At,1858,116.6519188,40.1223338,2,-1
El,3109,116.4495402,39.9140705,2,-1
Al,976,116.3010665,39.9814214,2,-1
At,1871,116.4139864,39.9386847,2,-1
Al,978,116.36333,39.9743465,2,-1
Al,980,116.4373793,39.9078465,2,-1
Bd,1639,116.4386612,39.9057186,2,-1
Al,981,116.4534418,39.9126291,2,-1
Ci,698,116.4531472,39.9039768,2,-1
Ci,700,116.4519924,39.915809,2,-1
Cn,1977,116.4544715,39.9148093,2,-1
El,3134,116.4090932,40.0577104,2,-1
El,3135,116.4090423,40.0576345,2,-1
Cn,1981,116.3283435,39.9948668,2,-1
Ci,703,116.4379184,39.9321337,2,-1
El,3139,116.4347606,39.9348937,2,-1
Cn,1984,116.3650197,40.0005521,2,-1
Ct,214,116.4406269,39.9462164,2,-1
Aw,330,116.441791,39.9326426,2,-1
El,3145,116.441056,39.9462485,2,-1
Ct,215,116.4419573,39.9388701,2,-1
Ct,216,116.4344363,39.9376526,2,-1
Ci,705,116.2757042,39.998716,2,-1
Bd,1647,116.3007833,40.0613551,2,-1
El,3152,116.4395927,39.9350073,2,-1
El,3153,116.4433388,39.9346227,2,-1
El,3154,116.4462316,39.9336627,2,-1
Ci,707,116.4445258,39.9309747,2,-1
El,3155,116.4509608,39.9311127,2,-1
Bo,48,116.4504451,39.9306623,2,-1
Ci,709,116.3306997,39.9907159,2,-1
El,3163,116.4288758,39.9267484,2,-1
El,3164,116.4288702,39.9266885,2,-1
El,3165,116.4336919,39.9201496,2,-1
El,3166,116.4335611,39.9202033,2,-1
Cn,1985,116.4324295,39.9320022,2,-1
Br,224,116.4295277,39.9325172,2,-1
Br,225,116.4342003,39.9324464,2,-1
Br,226,116.4335402,39.9332946,2,-1
Cn,1986,116.4299997,39.931748,2,-1
Cn,1987,116.4380893,39.9401719,2,-1
Dx,1459,117.1889099,40.4210166,2,-1
Dx,1460,117.2285264,40.4233294,2,-1
Dx,1461,117.179751,40.4515893,2,-1
Dx,1462,117.0190565,40.3855265,2,-1
Dx,1463,117.0273623,40.3879787,2,-1
Dx,1464,117.046883,40.400636,2,-1
Dx,1465,117.136523,40.409454,2,-1
El,3167,116.4326181,39.9222247,2,-1
El,3168,116.4622812,39.928222,2,-1
El,3169,116.4652026,39.9282847,2,-1
El,3170,116.4644581,39.928778,2,-1
El,3171,116.4560867,39.9287104,2,-1
Br,227,116.4586216,39.9275211,2,-1
Br,228,116.4529567,39.9272125,2,-1
Ef,290,116.4405823,39.9254531,2,-1
Br,229,116.4378015,39.9256713,2,-1
Br,230,116.4292782,39.9232914,2,-1
Cn,1991,116.331074,39.9493675,2,-1
El,3172,116.4447,39.9344225,2,-1
El,3173,116.4456332,39.9344348,2,-1
El,3174,116.4460496,39.9344153,2,-1
El,3175,116.4470601,39.9345911,2,-1
El,3176,116.4459397,39.9337442,2,-1
Bo,49,116.4478575,39.9350976,2,-1
Ci,711,116.4294536,39.9267976,2,-1
El,3177,116.4445649,39.9076858,2,-1
Cj,198,116.4543475,39.8938954,2,-1
El,3178,116.4591562,39.8939977,2,-1
El,3179,116.4519582,39.8985013,2,-1
El,3180,116.4506869,39.931011,2,-1
El,3181,116.450284,39.9301913,2,-1
Ci,712,116.4507915,39.9304907,2,-1
El,3182,116.4359307,39.9350374,2,-1
El,3183,116.4361068,39.9350442,2,-1
Ab,31,116.4347784,39.9321229,2,-1
Bo,50,116.4383849,39.9320206,2,-1
El,3184,116.4389335,39.9337941,2,-1
Cn,1992,116.4396452,39.9326345,2,-1
El,3185,116.4377678,39.9343271,2,-1
El,3187,116.4379786,39.9350773,2,-1
Bh,60,116.4375656,39.9348137,2,-1
Du,48,116.4375762,39.9349027,2,-1
El,3188,116.4375784,39.9349484,2,-1
El,3189,116.4375613,39.9350585,2,-1
El,3194,116.4387098,39.9356641,2,-1
El,3195,116.4385236,39.9353548,2,-1
El,3196,116.4393538,39.9351908,2,-1
El,3197,116.4392921,39.9351948,2,-1
Cn,1993,116.4366033,39.9351981,2,-1
El,3198,116.45102,39.9292804,2,-1
El,3215,116.4494676,39.9302631,2,-1
El,3216,116.4539444,39.932784,2,-1
El,3217,116.4534892,39.9327657,2,-1
Ci,715,116.4563129,39.9328987,2,-1
Ci,716,116.3505065,39.9582958,2,-1
Bd,1654,116.3510136,39.9581307,2,-1
El,3219,116.4660793,39.9845433,2,-1
Al,1001,116.4492645,39.9229796,2,-1
El,3220,116.4494568,39.9301479,2,-1
El,3221,116.4498604,39.9304279,2,-1
Ed,180,116.4480192,39.933305,2,-1
Dy,260,116.4480862,39.9335415,2,-1
Ci,717,116.4489193,39.9346749,2,-1
Cm,4,116.4478421,39.9348783,2,-1
Du,49,116.4462526,39.9339709,2,-1
Ci,718,116.446238,39.93381,2,-1
Ci,719,116.4462526,39.9340469,2,-1
El,3222,116.4389309,39.9338572,2,-1
El,3223,116.4330964,39.9372798,2,-1
El,3224,116.4344912,39.9347466,2,-1
Br,244,116.4400183,39.9247672,2,-1
El,3225,116.4386638,39.9215731,2,-1
El,3226,116.4650775,39.9279233,2,-1
El,3227,116.4650212,39.9280427,2,-1
Al,1002,116.46513,39.9289629,2,-1
Br,245,116.4537252,39.9326157,2,-1
El,3228,116.4560977,39.9286478,2,-1
El,3229,116.4560716,39.9287993,2,-1
Bd,1655,116.4650722,39.9279726,2,-1
Bu,17,116.4653635,39.9278918,2,-1
Bd,1656,116.4610897,39.9303063,2,-1
El,3231,116.4650803,39.9285916,2,-1
Al,1003,116.4648737,39.9289495,2,-1
El,3232,116.4525383,39.9272577,2,-1
Ci,720,116.4528655,39.9273688,2,-1
Ci,721,116.4541181,39.9276167,2,-1
El,3233,116.4516639,39.9273277,2,-1
Bd,1657,116.4514815,39.9277226,2,-1
El,3234,116.4514385,39.9285001,2,-1
El,3235,116.4517121,39.9278172,2,-1
El,3236,116.4517068,39.9279612,2,-1
El,3237,116.4516907,39.9279406,2,-1
El,3238,116.4516853,39.9280846,2,-1
El,3239,116.451696,39.9283931,2,-1
El,3240,116.4515136,39.9286194,2,-1
Eu,301,116.4515351,39.9287757,2,-1
Eu,302,116.4516746,39.9288168,2,-1
El,3241,116.4509879,39.9303882,2,-1
El,3242,116.4512347,39.9304006,2,-1
El,3243,116.4506758,39.9305267,2,-1
El,3244,116.4502305,39.9305596,2,-1
Bd,1658,116.468153,39.9470748,2,-1
El,3245,116.4684561,39.9469318,2,-1
El,3246,116.4502027,39.9305092,2,-1
El,3247,116.4503689,39.9306429,2,-1
Bo,51,116.4503985,39.9308815,2,-1
Cn,1995,116.4496054,39.9315952,2,-1
Bf,326,116.4494482,39.9321894,2,-1
Cn,1996,116.4498026,39.93183,2,-1
Dj,95,116.4493627,39.9322582,2,-1
Fa,448,116.4487712,39.9326367,2,-1
El,3248,116.4462246,39.9335669,2,-1
Cn,1997,116.4281182,39.9439306,2,-1
By,73,116.4095965,39.9491445,2,-1
El,3249,116.4100494,39.9474075,2,-1
El,3250,116.4086466,39.9469518,2,-1
Ci,723,116.4084302,39.9470226,2,-1
El,3251,116.4106024,39.9439723,2,-1
Al,1004,116.4106781,39.9402523,2,-1
El,3252,116.4198412,39.9399677,2,-1
El,3253,116.4336759,39.9394145,2,-1
Cn,1998,116.4437149,39.9394864,2,-1
El,3254,116.4437514,39.9392803,2,-1
El,3255,116.4437514,39.9394044,2,-1
Al,1005,116.4050841,39.9679061,2,-1
Bh,61,116.4049205,39.9681199,2,-1
El,3256,116.4052361,39.9686838,2,-1
El,3257,116.4053166,39.9679214,2,-1
El,3258,116.4054735,39.9679193,2,-1
El,3259,116.4047573,39.9678946,2,-1
Cn,1999,116.4010265,39.9635017,2,-1
Cn,2000,116.4010656,39.9626998,2,-1
Aw,332,116.4014879,39.9524926,2,-1
Al,1006,116.4014487,39.9520946,2,-1
Al,1007,116.4014383,39.9518786,2,-1
Bd,1659,116.4103857,39.9382913,2,-1
Br,246,116.4213725,39.9321193,2,-1
Aw,333,116.422012,39.9320375,2,-1
Br,247,116.4271203,39.9318176,2,-1
Br,248,116.4284717,39.9317035,2,-1
Cn,2001,116.430684,39.9317916,2,-1
El,3260,116.431858,39.9318656,2,-1
El,3261,116.4326224,39.9318656,2,-1
Bo,52,116.4412449,39.9306959,2,-1
El,3262,116.4413862,39.9306588,2,-1
El,3263,116.4445026,39.9298512,2,-1
El,3264,116.4446188,39.9297436,2,-1
El,3265,116.4448092,39.9296936,2,-1
El,3266,116.4446866,39.9297216,2,-1
Br,249,116.4490146,39.9274078,2,-1
Br,250,116.4399366,39.9325876,2,-1
Br,251,116.4379742,39.9322342,2,-1
Al,1008,116.402914,39.9384234,2,-1
Ci,724,116.3978832,39.9387453,2,-1
Br,252,116.444433,39.9328187,2,-1
Bh,62,116.4462927,39.9330791,2,-1
Al,1009,116.4511734,39.9271833,2,-1
Bh,63,116.4634714,39.9285307,2,-1
Cn,2002,116.4672293,39.922153,2,-1
El,3267,116.4604731,39.9231342,2,-1
El,3268,116.4546521,39.903834,2,-1
Dl,273,116.3995878,39.9121406,2,-1
El,3274,116.4110336,39.920472,2,-1
El,3276,116.4108722,39.9204858,2,-1
El,3277,116.4110625,39.9205281,2,-1
Cn,2004,116.4202988,39.922659,2,-1
El,3278,116.4460523,39.9327392,2,-1
El,3279,116.4561301,39.9278306,2,-1
El,3280,116.4567015,39.9276763,2,-1
El,3281,116.4578256,39.9276553,2,-1
El,3282,116.4581692,39.9276656,2,-1
Eu,304,116.4590951,39.9278407,2,-1
Br,254,116.4459096,39.9322148,2,-1
Aw,334,116.4447142,39.9317908,2,-1
El,3283,116.4445115,39.9312706,2,-1
Bo,53,116.4445212,39.9311543,2,-1
El,3284,116.4445115,39.9311195,2,-1
El,3285,116.4398201,39.9297191,2,-1
Cn,2005,116.4343572,39.9274974,2,-1
Cn,2006,116.4343518,39.9281309,2,-1
Fb,10,116.4314552,39.9269568,2,-1
Ci,725,116.4339228,39.9255869,2,-1
Fb,11,116.4339443,39.9256815,2,-1
Bo,54,116.4372391,39.9271335,2,-1
Cn,2007,116.438418,39.9257705,2,-1
Bo,55,116.4391523,39.9275483,2,-1
Du,50,116.4411591,39.9257843,2,-1
El,3286,116.4489008,39.9269561,2,-1
Bd,1662,116.448925,39.9270281,2,-1
Eu,305,116.4650877,39.9279055,2,-1
El,3287,116.465445,39.9276511,2,-1
El,3288,116.4379478,39.9329602,2,-1
El,3289,116.4374431,39.9329906,2,-1
Bo,56,116.432843,39.9256285,2,-1
Cn,2008,116.4320481,39.9311814,2,-1
El,3290,116.4473155,39.9328229,2,-1
Du,51,116.4474764,39.9345515,2,-1
Du,52,116.4629464,39.9287918,2,-1
El,3293,116.461036,39.9263428,2,-1
El,3294,116.4610521,39.9262831,2,-1
El,3295,116.4607087,39.924761,2,-1
El,3296,116.4606202,39.92393,2,-1
Fb,12,116.4575074,39.9221963,2,-1
Dj,96,116.4534063,39.9221945,2,-1
El,3297,116.4492275,39.9227045,2,-1
El,3298,116.448685,39.9224692,2,-1
El,3299,116.4485187,39.9222903,2,-1
Fa,449,116.4482987,39.9223458,2,-1
Eu,306,116.4477891,39.9223355,2,-1
Al,1013,116.4426983,39.9219118,2,-1
Cj,200,116.443047,39.9219632,2,-1
Al,1014,116.442937,39.9218974,2,-1
Cn,2010,116.4420653,39.9220804,2,-1
El,3300,116.4329641,39.9295868,2,-1
El,3301,116.4330137,39.9295928,2,-1
El,3302,116.4330815,39.9296188,2,-1
El,3303,116.4331389,39.9296348,2,-1
El,3304,116.4331989,39.9296388,2,-1
El,3305,116.4474992,39.9345541,2,-1
El,3307,116.4482054,39.9345853,2,-1
El,3308,116.4462412,39.9335058,2,-1
Bd,1663,116.4381271,39.9326553,2,-1
Bo,57,116.4380067,39.9287438,2,-1
El,3309,116.430537,39.9312778,2,-1
Cn,2011,116.4311214,39.9318799,2,-1
El,3310,116.4494799,39.9359134,2,-1
El,3311,116.4485154,39.9346087,2,-1
Cn,2012,116.4445519,39.9357596,2,-1
Cn,2013,116.4445144,39.9360846,2,-1
Fb,13,116.4446509,39.9365742,2,-1
Cn,2014,116.4446522,39.9367778,2,-1
El,3312,116.4450961,39.9364704,2,-1
Ci,727,116.4452477,39.9363573,2,-1
El,3313,116.4462213,39.9364416,2,-1
El,3314,116.4465137,39.9364385,2,-1
El,3315,116.4478519,39.9357867,2,-1
Dl,274,116.4477649,39.9353454,2,-1
Bo,58,116.4478803,39.9353557,2,-1
El,3316,116.4478722,39.9350575,2,-1
El,3317,116.4478628,39.9350204,2,-1
Bo,59,116.4480733,39.9346194,2,-1
Bo,60,116.4481755,39.934655,2,-1
El,3318,116.4480826,39.9342866,2,-1
Ci,728,116.4484381,39.9343456,2,-1
Ci,730,116.4494707,39.9345024,2,-1
Br,255,116.4493632,39.9354538,2,-1
Bo,61,116.4608539,39.9427047,2,-1
Bd,1664,116.4446528,39.8957723,2,-1
Bd,1667,116.480407,39.9639492,2,-1
Bh,66,116.4641232,39.9290375,2,-1
As,18,116.4614472,39.9284229,2,-1
El,3327,116.4610415,39.9287674,2,-1
El,3328,116.4610289,39.9339204,2,-1
Fb,15,116.4608375,39.9334637,2,-1
Al,1016,116.4592363,39.9327235,2,-1
El,3329,116.4583973,39.9327237,2,-1
Ci,731,116.4565947,39.9327428,2,-1
El,3330,116.4565363,39.9327781,2,-1
El,3331,116.453783,39.932785,2,-1
Br,256,116.4517513,39.9326391,2,-1
El,3332,116.4494163,39.9334925,2,-1
El,3333,116.4503312,39.9321469,2,-1
Bo,62,116.4504106,39.9303832,2,-1
El,3334,116.4494418,39.9296736,2,-1
Cn,2024,116.4399423,39.9326571,2,-1
Eu,321,116.4352097,39.9351767,2,-1
Dl,275,116.4346958,39.9349151,2,-1
Bd,1677,116.4357861,39.9376873,2,-1
Du,53,116.4329884,39.9379659,2,-1
El,3335,116.4254077,39.9411133,2,-1
El,3336,116.4252625,39.9411179,2,-1
El,3337,116.4246936,39.9411206,2,-1
Cn,2030,116.3986258,40.0040803,2,-1
El,3348,116.4561176,39.928126,2,-1
Bo,63,116.4480949,39.9354314,2,-1
Br,260,116.4662848,39.9220618,2,-1
Eu,323,116.4577725,39.9221505,2,-1
Br,261,116.4356373,39.9191097,2,-1
As,19,116.4344763,39.9181196,2,-1
El,3349,116.4381158,39.9390957,2,-1
Cn,2032,116.4371376,39.9285618,2,-1
El,3351,116.4624032,39.9282591,2,-1
El,3352,116.4624944,39.9282776,2,-1
Du,54,116.4627727,39.9283564,2,-1
El,3353,116.4611887,39.9284896,2,-1
Ed,181,116.3867287,40.0122487,2,-1
El,3356,116.4416264,39.9311558,2,-1
El,3357,116.4508585,39.9311107,2,-1
El,3358,116.4347728,39.9240065,2,-1
El,3359,116.4356198,39.9240108,2,-1
El,3360,116.4356606,39.925327,2,-1
Bo,64,116.4379802,39.9283317,2,-1
Al,1022,116.4610265,39.9278913,2,-1
Br,262,116.4405589,39.9350426,2,-1
Ci,735,116.4419906,39.9349794,2,-1
El,3361,116.4445011,39.9314687,2,-1
Cn,2033,116.4445534,39.9286241,2,-1
El,3362,116.4431523,39.9259638,2,-1
El,3363,116.4424166,39.9259621,2,-1
El,3364,116.4476922,39.9354564,2,-1
Ci,736,116.4480904,39.9354917,2,-1
El,3365,116.4560956,39.9331107,2,-1
Al,1023,116.466764,39.9244378,2,-1
Al,1024,116.4665852,39.9240904,2,-1
El,3366,116.4638106,39.9243858,2,-1
Du,55,116.4630928,39.9243756,2,-1
Eu,325,116.4610555,39.9246385,2,-1
Du,56,116.4610437,39.9255071,2,-1
El,3367,116.4637737,39.9286277,2,-1
Cn,2036,116.4579922,39.926989,2,-1
El,3368,116.4632771,39.931404,2,-1
El,3369,116.4411411,39.936635,2,-1
El,3370,116.4350663,39.9121262,2,-1
Bd,1682,116.4216291,39.9178871,2,-1
El,3371,116.4588337,39.9306173,2,-1
El,3372,116.4585038,39.9308077,2,-1
El,3373,116.4583852,39.9308205,2,-1
El,3374,116.4582944,39.9308333,2,-1
El,3375,116.4582388,39.9308304,2,-1
El,3376,116.4580646,39.9308404,2,-1
Cn,2037,116.4676924,39.9298837,2,-1
Bh,67,116.4633839,39.9285262,2,-1
Du,57,116.4623638,39.9282543,2,-1
El,3377,116.4619423,39.9281116,2,-1
Bd,1683,116.4617335,39.9280671,2,-1
Al,1025,116.461012,39.9278928,2,-1
Cn,2038,116.4560606,39.9266297,2,-1
Cn,2039,116.4560698,39.9264378,2,-1
El,3378,116.4560698,39.9272138,2,-1
Ed,182,116.4558864,39.9265345,2,-1
El,3386,116.4331184,39.9326095,2,-1
Bd,1685,116.4355136,39.9403317,2,-1
El,3398,116.4127178,39.9440723,2,-1
El,3399,116.4150067,39.9465736,2,-1
El,3400,116.413432,39.9436687,2,-1
El,3401,116.4312926,39.9297153,2,-1
El,3402,116.4311362,39.9297243,2,-1
El,3403,116.4310241,39.9297243,2,-1
El,3404,116.4309284,39.9297243,2,-1
El,3405,116.4307486,39.9297099,2,-1
Br,263,116.4305034,39.9299839,2,-1
Cn,2043,116.4300585,39.9295943,2,-1
El,3406,116.4288786,39.9261737,2,-1
Ex,328,116.4342159,39.9248898,2,-1
El,3407,116.4341985,39.924788,2,-1
Ci,738,116.4341153,39.9246275,2,-1
El,3408,116.4394539,39.9212422,2,-1
Ci,739,116.4501617,39.922985,2,-1
Ci,740,116.4501734,39.9231443,2,-1
El,3409,116.4503655,39.9234717,2,-1
Ci,741,116.4501617,39.9231011,2,-1
El,3410,116.4534321,39.9222611,2,-1
El,3411,116.4534067,39.9225659,2,-1
El,3412,116.4534113,39.9226391,2,-1
El,3413,116.4532057,39.9228542,2,-1
Eu,327,116.4531055,39.9237398,2,-1
Cn,2044,116.4546285,39.9283367,2,-1
El,3414,116.4579408,39.9261618,2,-1
Eu,328,116.4592391,39.9274797,2,-1
Dj,98,116.4598366,39.9277794,2,-1
El,3415,116.4618723,39.9281033,2,-1
Cn,2051,116.4548957,39.9245277,2,-1
El,3423,116.4548908,39.9238497,2,-1
Dj,99,116.4558222,39.9267563,2,-1
Dj,100,116.4558322,39.9272054,2,-1
El,3424,116.4577951,39.9276684,2,-1
Bd,1692,116.4579638,39.9276543,2,-1
El,3425,116.4582475,39.9276693,2,-1
Dj,101,116.4599552,39.9326505,2,-1
Dj,102,116.4593995,39.9326573,2,-1
Dj,103,116.4588156,39.9326614,2,-1
Dj,104,116.4577414,39.9326288,2,-1
El,3426,116.4565522,39.9327387,2,-1
Dj,105,116.4563664,39.9326342,2,-1
Br,265,116.4438436,39.9258851,2,-1
Dj,106,116.4438479,39.9258116,2,-1
Dj,107,116.4438685,39.9271497,2,-1
Dj,108,116.4439161,39.9299403,2,-1
Dj,109,116.4439198,39.9305201,2,-1
Dj,110,116.4438782,39.9319192,2,-1
Dj,111,116.4437441,39.9321804,2,-1
Cn,2052,116.4416897,39.9326685,2,-1
Dj,112,116.4434261,39.9255304,2,-1
El,3427,116.4446574,39.9254654,2,-1
El,3428,116.444706,39.9254576,2,-1
Eu,336,116.4454446,39.9253649,2,-1
Dj,113,116.4464654,39.9255616,2,-1
Dj,114,116.4485934,39.9255001,2,-1
Dj,115,116.449065,39.9258461,2,-1
Ci,742,116.4493522,39.9264144,2,-1
Dj,116,116.4491609,39.9267991,2,-1
Dj,117,116.4492551,39.9268837,2,-1
Ci,743,116.4502877,39.9268656,2,-1
Dj,118,116.4529592,39.9270646,2,-1
Br,266,116.4114888,39.922696,2,-1
Cn,2053,116.3192862,39.9745736,2,-1
Cn,2054,116.3187559,39.9746015,2,-1
Ci,744,116.4465015,39.9354113,2,-1
El,3430,116.4464165,39.935525,2,-1
Bd,1695,116.4626301,40.0096461,2,-1
At,1912,116.4242051,39.8541795,2,-1
Cn,2055,116.4009551,39.9915214,2,-1
Cn,2056,116.4005819,39.9910959,2,-1
Cn,2061,116.46064,39.9307572,2,-1
Bt,61,116.4569567,39.9288053,2,-1
Fc,3,116.4603886,39.9305312,2,-1
Bz,839,116.0471784,40.0790466,2,-1
Bz,840,116.0513971,40.07548,2,-1
Bz,841,116.0592825,40.0681621,2,-1
Dj,119,116.4203143,39.9232049,2,-1
Dj,120,116.418447,39.9231482,2,-1
Br,268,116.4181307,39.9232101,2,-1
El,3475,116.4026103,39.9578743,2,-1
El,3476,116.432945,39.9282488,2,-1
El,3477,116.433928,39.9285595,2,-1
El,3478,116.4339227,39.9286267,2,-1
Dj,121,116.4415657,39.932138,2,-1
Aw,346,116.460663,39.9304975,2,-1
El,3479,116.4606579,39.9303608,2,-1
Eu,349,116.4606588,39.930329,2,-1
El,3480,116.4606588,39.9303012,2,-1
Al,1030,116.4606537,39.9298717,2,-1
El,3481,116.4606969,39.9293625,2,-1
El,3482,116.4480362,39.9349414,2,-1
Bd,1704,116.3185117,39.9812057,2,-1
Dx,1627,115.6101538,39.8564857,2,-1
El,3498,116.4021878,39.9579032,2,-1
El,3499,116.402027,39.9593784,2,-1
Ci,752,116.4146845,39.9470519,2,-1
Cn,2073,116.4033053,39.9559448,2,-1
Cn,2074,116.402338,39.9540114,2,-1
Dl,281,116.4136001,39.9047327,2,-1
El,3540,116.5393761,39.7357183,2,-1
El,3554,116.478603,39.9753654,2,-1
El,3555,116.4769799,39.9673927,2,-1
Cn,2084,116.4036651,40.0479262,2,-1
El,3569,116.4951171,39.9608853,2,-1
El,3577,116.3376163,39.9755512,2,-1
El,3579,116.4444862,39.9357801,2,-1
Ci,767,116.3296528,39.9955868,2,-1
El,3614,116.3251734,39.9920471,2,-1
El,3615,116.3957067,39.9002239,2,-1
Bd,1737,116.3601056,39.8529905,2,-1
At,1958,116.2902714,39.8947381,2,-1
El,3659,116.4571445,39.9426537,2,-1
Bz,865,117.3833668,40.2263936,2,-1
Dl,283,116.41909,39.9171427,2,-1
Aw,355,116.3144881,39.9613665,2,-1
Cz,204,116.3137327,39.962386,2,-1
El,3675,116.3137954,39.9648008,2,-1
Dw,22,116.3129844,39.9645064,2,-1
Al,1073,116.3590554,39.9941362,2,-1
Aw,358,116.3600591,39.9931067,2,-1
Bd,1758,116.3619109,39.9921938,2,-1
El,3685,116.360576,39.9925784,2,-1
El,3686,116.3588264,39.9978406,2,-1
El,3687,116.3590128,39.9940819,2,-1
El,3705,116.3762103,39.875746,2,-1
Aw,360,116.4107923,39.9386269,2,-1
Al,1082,116.5267794,39.9158315,2,-1
El,3709,116.5263181,39.9158727,2,-1
Es,1116,115.729462,40.0025387,2,-1
El,3738,116.4520829,39.9300678,2,-1
Ci,789,116.4520078,39.9302241,2,-1
El,3739,116.4061974,39.9473592,2,-1
Ef,326,116.4494194,39.9159068,2,-1
El,3746,116.469287,39.9854407,2,-1
El,3748,116.396997,39.9338035,2,-1
El,3749,116.5559012,40.428739,2,-1
Cn,2202,116.3467649,40.0146289,2,-1
At,1973,116.3074598,39.8975966,2,-1
Aw,361,116.3415212,39.938504,2,-1
Cn,2205,116.3418981,39.9385176,2,-1
Cn,2206,116.3420538,39.9385529,2,-1
El,3760,116.3143088,39.988778,2,-1
Ci,795,116.428535,39.970232,2,-1
Al,1086,116.302722,39.975643,2,-1
Al,1088,116.462821,39.9841946,2,-1
Cn,2219,116.4618916,39.9848276,2,-1
Bd,1777,116.3437124,39.9789665,2,-1
El,3770,116.437555,39.9155315,2,-1
Ci,802,116.394877,40.0391839,2,-1
Bd,1794,116.3276327,39.983517,2,-1
Ef,335,116.3300712,40.0156318,2,-1
Cn,2255,116.39692,39.935547,2,-1
Cn,2267,116.3609252,39.9050773,2,-1
El,3805,116.350262,39.992287,2,-1
El,3806,116.347264,39.99502,2,-1
Cp,10318,116.1530986,39.9114975,2,-1
Cp,10324,116.1531361,39.9092549,2,-1
Cp,10325,116.1529269,39.9081606,2,-1
Cp,10329,116.1583825,39.9100287,2,-1
Cp,10332,116.1531469,39.9113249,2,-1
Cp,10333,116.1584952,39.9092634,2,-1
Cn,2279,116.3468075,39.9571376,2,-1
Dj,135,116.3938007,40.0175259,2,-1
Dy,302,116.3936096,40.017553,2,-1
Dj,136,116.3925577,40.0173092,2,-1
Dy,303,116.3924182,40.0173882,2,-1
Dy,304,116.3923125,40.017052,2,-1
Dy,305,116.3917392,40.016451,2,-1
Dy,306,116.3909931,40.0164712,2,-1
Dj,137,116.3907543,40.0166232,2,-1
Dy,307,116.3903413,40.0163397,2,-1
Dy,308,116.3904486,40.0159083,2,-1
Dy,309,116.3904593,40.0158446,2,-1
Dj,138,116.3919774,40.0161938,2,-1
Dy,310,116.3904862,40.015471,2,-1
Dy,311,116.3901288,40.0153273,2,-1
Dy,312,116.3902987,40.0152867,2,-1
Dy,313,116.3867055,40.0157807,2,-1
Dy,314,116.3869027,40.0158185,2,-1
Dj,139,116.3860115,40.0155809,2,-1
Dj,140,116.3857404,40.0154181,2,-1
Dj,141,116.3853213,40.0152695,2,-1
Dy,315,116.3851704,40.0152647,2,-1
Dy,316,116.3850872,40.0152459,2,-1
Dy,317,116.3850225,40.015227,2,-1
Dj,142,116.3834001,40.0141505,2,-1
Dy,319,116.3832928,40.0141176,2,-1
Dy,320,116.3832392,40.0141012,2,-1
Dy,321,116.3831534,40.0140848,2,-1
Dy,323,116.3817693,40.0139656,2,-1
Dy,324,116.3819196,40.0139985,2,-1
Dy,325,116.3821502,40.0140232,2,-1
Dy,326,116.3822414,40.0140519,2,-1
Dj,143,116.3811954,40.013867,2,-1
Dj,144,116.3808842,40.0138506,2,-1
Dy,327,116.3798972,40.0136616,2,-1
Dy,328,116.3798113,40.0136493,2,-1
Dj,145,116.3797416,40.0136041,2,-1
Dy,329,116.3793822,40.0130083,2,-1
Dy,330,116.3794197,40.0130535,2,-1
Dj,146,116.3792556,40.012892,2,-1
Dj,147,116.3795587,40.0127112,2,-1
Dj,148,116.3798617,40.0124503,2,-1
Dy,331,116.3802319,40.0118628,2,-1
Dy,332,116.3802587,40.0118052,2,-1
Dj,149,116.3803016,40.0116881,2,-1
Dy,333,116.3804813,40.0113882,2,-1
Dj,150,116.3805135,40.0113615,2,-1
Dj,151,116.3811733,40.0108109,2,-1
Dj,152,116.3817789,40.009943,2,-1
Dj,153,116.3837892,40.0108294,2,-1
Dy,334,116.3828973,40.0105719,2,-1
Dy,335,116.383,40.0105936,2,-1
Dj,154,116.3830955,40.0106234,2,-1
Dj,155,116.3838458,40.0106912,2,-1
Dj,156,116.3856756,40.0101165,2,-1
Dj,157,116.3848429,40.0106385,2,-1
El,3813,116.3524591,39.9563439,2,-1
El,3817,116.3451077,39.9571685,2,-1
Bd,1806,116.3465876,39.9570704,2,-1
El,3820,116.340225,39.9575756,2,-1
El,3821,116.3424539,39.9570863,2,-1
El,3825,116.3446305,39.9570019,2,-1
El,3826,116.3441964,39.9569776,2,-1
Bd,1810,116.4176044,39.9780722,2,-1
Cn,2283,116.3639348,39.9812944,2,-1
Ci,811,116.4099488,40.054316,2,-1
El,3827,116.3008827,40.0615597,2,-1
El,3828,116.3008586,40.0615495,2,-1
El,3829,116.3006843,40.0613401,2,-1
El,3830,116.3009149,40.0615721,2,-1
Cn,2284,116.3471716,39.9773428,2,-1
Cn,2285,116.3470774,39.9762826,2,-1
Cn,2286,116.3456667,39.9571297,2,-1
Ci,813,116.410511,39.944983,2,-1
Dl,293,116.4155878,39.9367242,2,-1
At,2007,116.4348893,39.9031339,2,-1
El,3834,116.4798182,39.9806108,2,-1
Cn,2292,116.371462,39.9673984,2,-1
El,3835,116.3555313,39.9537491,2,-1
Cn,2293,116.3554988,39.9542047,2,-1
Cn,2294,116.3555134,39.9529821,2,-1
Bj,63,116.391735,39.917669,2,-1
Bj,64,116.392148,39.917707,2,-1
Cn,2296,116.3645893,39.9672713,2,-1
Cn,2297,116.3652652,39.9672878,2,-1
Bd,1818,116.3645571,39.9676208,2,-1
Cn,2298,116.3645624,39.9675715,2,-1
Al,1114,116.3623668,39.9917617,2,-1
At,2009,116.410796,39.940439,2,-1
Ci,820,116.410677,39.940334,2,-1
Ci,821,116.4109731,39.9403499,2,-1
Al,1115,116.410678,39.940439,2,-1
As,29,116.4103656,39.9406317,2,-1
Al,1116,116.33975,39.9562924,2,-1
El,3839,116.3395113,39.9573143,2,-1
El,3840,116.392108,39.896693,2,-1
Cn,2299,116.392001,39.896792,2,-1
Ci,822,116.391506,39.896792,2,-1
Ci,823,116.447525,39.933598,2,-1
Al,1117,116.3744329,39.974851,2,-1
Bd,1819,116.3750013,39.9788614,2,-1
Al,1118,116.3750352,39.9787188,2,-1
Cj,219,116.374928,39.9791034,2,-1
El,3841,116.3744318,39.9803608,2,-1
El,3842,116.3395011,39.9570491,2,-1
Al,1119,116.3359468,39.9463272,2,-1
El,3843,116.4127217,39.9398297,2,-1
At,2011,116.4049379,39.9381886,2,-1
Cn,2302,116.3807322,39.9757836,2,-1
El,3844,116.3393639,39.9570131,2,-1
At,2012,116.4483079,39.889752,2,-1
At,2013,116.4526235,39.8884184,2,-1
At,2014,116.4513361,39.885356,2,-1
At,2015,116.4457678,39.8863624,2,-1
At,2016,116.4404855,39.8888055,2,-1
By,77,116.4260016,39.884327,2,-1
At,2017,116.4327232,39.8856072,2,-1
At,2018,116.4347187,39.8844629,2,-1
Ex,348,116.4282439,39.8822359,2,-1
At,2019,116.4354322,39.8825076,2,-1
El,3915,116.4112397,40.0436655,2,-1
Bd,1839,116.4095016,40.0452261,2,-1
Cn,2341,116.3806913,39.9882671,2,-1
Ci,840,116.362771,39.9776862,2,-1
Cn,2346,116.350253,39.9917599,2,-1
Bd,1865,116.2330654,40.2107888,2,-1
Ci,841,116.4337964,39.9326148,2,-1
El,3963,116.4113932,39.9386526,2,-1
Dl,301,116.415046,39.9375366,2,-1
Ex,353,116.3907817,39.9174311,2,-1
At,2055,116.612095,40.898915,2,-1
Cn,2347,116.617158,40.896711,2,-1
El,4004,116.4717228,39.9170578,2,-1
El,4005,116.4708294,39.9811096,2,-1
Cn,2363,116.3760102,39.9706894,2,-1
El,4009,116.4098165,40.0656107,2,-1
Cn,2364,116.4100077,40.0645111,2,-1
El,4012,116.4093173,40.066812,2,-1
Al,1155,116.342456,39.9563726,2,-1
Al,1156,116.342593,39.9563804,2,-1
El,4028,116.3485283,39.9803665,2,-1
Cn,2370,116.3483674,39.9803768,2,-1
Ex,354,116.3484244,39.9771455,2,-1
Al,1158,116.3398284,39.9747153,2,-1
Dy,361,116.384959,40.0152765,3,-1
Dy,362,116.3830782,40.0140642,3,-1
Bd,1892,116.5497622,39.9066323,3,-1
Bd,1893,116.3397736,39.9582977,3,-1
Cn,2405,116.3390697,39.9596614,3,-1
El,4046,116.3400677,39.9581388,3,-1
El,4047,116.3411429,39.9572075,3,-1
El,4048,116.355419,39.9576538,3,-1
El,4053,116.6594439,40.1068962,3,-1
El,4054,116.6456114,40.1141037,3,-1
El,4055,116.6489252,40.111247,3,-1
El,4056,116.6502815,40.1107706,3,-1
El,4057,116.6583578,40.1070672,3,-1
El,4058,116.656838,40.1080809,3,-1
El,4059,116.63464,40.1342102,3,-1
El,4060,116.6413091,40.1285157,3,-1
El,4061,116.660025,40.1107311,3,-1
El,4062,116.6588913,40.1352231,3,-1
El,4093,116.393524,39.9413344,3,-1
Cn,2410,116.3278568,39.9765263,3,-1
Ex,357,116.4162478,39.9166059,3,-1
Dl,320,116.3867152,39.8934368,3,-1
El,4096,116.4178998,39.9412725,3,-1
El,4098,116.4197957,39.9394199,3,-1
Bd,1905,116.3120859,39.9947971,3,-1
El,4100,116.37374,39.9231377,3,-1
Ci,854,116.327664,39.982751,3,-1
Cn,2414,116.4265914,39.9669951,3,-1
Ef,381,116.2786186,40.0558477,3,-1
Ef,382,116.2768284,40.0563306,3,-1
Ef,383,116.2727737,40.0584536,3,-1
Ef,385,116.2725371,40.0581776,3,-1
Ef,386,116.2733399,40.0541635,3,-1
Ef,388,116.256956,40.0571865,3,-1
Cn,2423,116.506657,39.9151986,3,-1
Cn,2424,116.5068716,39.9152233,3,-1
El,4143,116.3451152,39.9564452,3,-1
El,4144,116.3450904,39.9570132,3,-1
Aw,394,116.429767,39.911662,3,-1
Ci,867,116.3879834,39.8959718,3,-1
El,4159,116.4539353,39.9363381,3,-1
Dl,323,116.4220751,39.9044271,3,-1
El,4170,116.3686538,40.1087918,3,-1
El,4171,116.3685595,40.1088596,3,-1
El,4172,116.3684391,40.1088438,3,-1
El,4173,116.3684797,40.1089007,3,-1
El,4174,116.3684188,40.108942,3,-1
El,4175,116.368479,40.1089909,3,-1
El,4176,116.368434,40.1090352,3,-1
Bd,1932,116.3685246,40.1084732,3,-1
El,4177,116.3687258,40.1085327,3,-1
Bd,1933,116.3685273,40.1085307,3,-1
Bd,1934,116.3685005,40.108584,3,-1
Bd,1935,116.3684629,40.108625,3,-1
El,4178,116.3684441,40.1086907,3,-1
Bd,1936,116.3681758,40.1085493,3,-1
Bd,1937,116.3677279,40.1085124,3,-1
El,4179,116.3678593,40.1084673,3,-1
Ci,868,116.3688329,40.1080283,3,-1
Bd,1938,116.3683716,40.1080816,3,-1
El,4180,116.3683978,40.1090906,3,-1
Ci,869,116.3684425,40.1093658,3,-1
El,4181,116.3674483,40.1094195,3,-1
El,4182,116.3674802,40.1091932,3,-1
Ci,870,116.3675079,40.1089489,3,-1
El,4183,116.368368,40.109172,3,-1
El,4184,116.3683595,40.1092176,3,-1
El,4185,116.3683488,40.1092632,3,-1
Bd,1939,116.3683446,40.1093202,3,-1
El,4186,116.4482198,39.9413198,3,-1
El,4187,116.3673026,40.1084991,3,-1
El,4188,116.3673908,40.1082309,3,-1
Bd,1940,116.367708,40.1079818,3,-1
El,4189,116.3677144,40.1078727,3,-1
El,4190,116.3677165,40.1079362,3,-1
Bd,1941,116.3697623,40.1068535,3,-1
Al,1183,116.3009814,39.9815115,3,-1
Ci,871,116.3008717,39.9821394,3,-1
Al,1184,116.3009119,39.9819565,3,-1
Al,1185,116.3008234,39.9822833,3,-1
El,4193,116.3874843,39.938953,3,-1
El,4198,116.4876527,39.9863056,3,-1
Al,1190,116.5706247,39.9075774,3,-1
Al,1191,116.5716497,39.9075049,3,-1
Al,1192,116.3395414,39.9378213,3,-1
Al,1193,116.3398686,39.9368218,3,-1
Fa,559,116.3388306,39.9269521,3,-1
El,4217,116.489311,39.784057,3,-1
El,4236,116.3530307,39.9510989,3,-1
Dl,336,116.4147573,39.9251094,3,-1
Ci,884,116.409112,39.946935,3,-1
El,4246,116.402327,39.944695,3,-1
Ci,887,116.4894366,39.9842114,3,-1
Bd,1973,116.3138736,39.9889139,3,-1
Bd,1974,116.3133788,39.9888533,3,-1
Eu,399,116.3453908,39.9571435,3,-1
At,2156,116.3201975,39.9957888,3,-1
El,4269,116.4570386,39.9492506,3,-1
Bd,1990,116.4204062,39.9168548,3,-1
Eu,400,116.404645,39.9159691,3,-1
Cn,2527,116.4113125,39.9249697,3,-1
El,4274,116.4111917,39.9255998,3,-1
Al,1229,116.4114003,39.9233931,3,-1
Bd,1991,116.4608195,39.8917078,3,-1
Cn,2532,116.41136,39.9164204,3,-1
Cn,2533,116.4111162,39.9093008,3,-1
El,4280,116.4111891,39.9199215,3,-1
Bo,70,116.4355916,39.9166078,3,-1
Al,1234,116.5388958,40.4169139,3,-1
Ci,906,116.5395739,40.4175556,3,-1
Ex,366,116.5586314,40.4323765,3,-1
Ci,907,116.3932412,39.9291053,3,-1
El,4300,116.3875767,39.8946048,3,-1
El,4301,116.288011,39.8717683,3,-1
At,2165,116.3212035,39.9724644,3,-1
El,4302,116.3195381,39.9724063,3,-1
At,2166,116.2984965,39.9969247,3,-1
El,4359,116.3968564,39.9394222,3,-1
El,4362,116.3905814,39.939394,3,-1
El,4363,116.4018282,39.9427014,3,-1
Dl,349,116.3967271,39.9359216,3,-1
Bd,2019,116.4187997,40.0768869,3,-1
Al,1254,116.3279347,39.9921865,3,-1
Cz,246,115.5824739,39.6395212,3,-1
Cz,247,115.582625,39.6378009,3,-1
Es,1240,115.5168305,39.6676486,3,-1
Cz,248,115.5819511,39.6382303,3,-1
Bf,442,115.5807355,39.6362342,3,-1
Es,1241,115.5814355,39.6379848,3,-1
Es,1242,115.5827737,39.6379559,3,-1
El,4402,115.5173466,39.6665901,3,-1
Es,1243,115.5173547,39.6675006,3,-1
Ci,930,116.43547,39.9168037,3,-1
Bo,78,116.4356613,39.9166718,3,-1
Bd,2030,116.43316,39.9227639,3,-1
Eu,409,116.4346949,39.9165337,3,-1
El,4416,116.401119,39.9140799,3,-1
El,4428,116.4355294,39.9163004,3,-1
Al,1273,116.4496824,39.9500072,3,-1
El,4431,116.4500992,39.9514231,3,-1
Cn,2625,116.461489,39.9492083,3,-1
Al,1281,116.3889077,39.8986309,3,-1
Cn,2653,116.3891675,39.8986214,3,-1
Al,1282,116.3895821,39.8986105,3,-1
El,4469,116.4110429,39.9295153,3,-1
Cn,2657,116.4109998,39.9278071,3,-1
Dl,359,116.4150105,39.9316463,3,-1
El,4470,116.4111273,39.9287823,3,-1
Ci,957,116.4112454,39.9221878,3,-1
El,4471,116.4135294,39.9315285,3,-1
Cn,2658,116.4109407,39.928642,3,-1
El,4472,116.4110449,39.9266439,3,-1
Eu,413,116.4112057,39.926141,3,-1
El,4473,116.3923383,39.9169254,3,-1
Eu,414,116.410974,39.9307459,3,-1
Cn,2659,116.4109471,39.9296015,3,-1
Cn,2660,116.4109383,39.9285632,3,-1
Ci,958,116.4111951,39.9260354,3,-1
Cn,2661,116.3997683,39.921472,3,-1
Es,1263,116.3945891,39.9193076,3,-1
Cn,2662,116.4006404,39.9064249,3,-1
Bd,2059,116.3634113,40.0745243,3,-1
Al,1289,116.4293954,39.9401934,3,-1
Bo,79,116.4376738,39.9303545,3,-1
El,4510,116.4375301,39.9264188,3,-1
El,4512,116.4401084,39.9264504,3,-1
El,4514,116.4379304,39.9333439,3,-1
By,94,116.4324808,39.9388385,3,-1
Al,1293,116.414748,39.8836874,3,-1
Al,1294,116.4039416,39.9318467,3,-1
Fa,592,116.3303355,39.9593753,3,-1
Bf,450,116.3930764,39.8818641,3,-1
Cz,258,116.4051362,39.9137472,3,-1
El,4522,116.5784012,40.0605359,3,-1
El,4523,116.5785461,40.0607987,3,-1
El,4524,116.5711486,40.0601335,3,-1
El,4525,116.570301,40.0602731,3,-1
Ca,143,116.57014,40.0612421,3,-1
El,4526,116.5707516,40.0636767,3,-1
El,4527,116.5560772,40.0702145,3,-1
El,4528,116.5554657,40.0702638,3,-1
El,4531,116.4480233,39.9346471,3,-1
El,4532,116.4003058,39.8967661,3,-1
El,4533,116.4025454,39.936894,3,-1
Ci,969,116.421635,39.9041321,3,-1
Ci,971,116.4210561,39.9056946,3,-1
Al,1297,116.4215892,39.9049617,3,-1
Al,1298,116.4220634,39.9043042,3,-1
At,2212,116.282841,40.2084036,3,-1
Es,1289,116.4725429,40.6880771,3,-1
El,4565,116.474101,39.9835654,3,-1
El,4575,116.3400367,39.9470748,3,-1
Cs,237,116.3411553,39.9455961,3,-1
El,4576,116.3402918,39.9471506,3,-1
El,4577,116.3368259,39.9471663,3,-1
El,4578,116.3369412,39.9472321,3,-1
El,4579,116.411946,39.8957277,3,-1
Bd,2086,116.3390636,39.9479232,3,-1
El,4590,116.3371596,39.9491676,3,-1
Dn,274,116.182721,40.0404474,3,-1
Bj,79,116.4049743,39.9117174,3,-1
El,4608,116.3056425,40.0267928,3,-1
El,4609,116.3056132,40.0269973,3,-1
El,4610,116.3056232,40.026927,3,-1
El,4611,116.305288,40.0292381,3,-1
Al,1322,116.4843345,39.9741798,3,-1
Al,1323,116.4844186,39.9785416,3,-1
Cn,2727,116.4703741,39.892267,3,-1
Cn,2728,116.3162933,39.9565468,3,-1
El,4638,116.3425101,39.9562222,3,-1
El,4655,116.3462837,39.9874798,3,-1
El,4656,116.358128,39.9563478,3,-1
El,4657,116.3576023,39.956356,3,-1
El,4658,116.3579094,39.9563709,3,-1
El,4659,116.3538842,39.9568094,3,-1
El,4660,116.3504776,39.9637034,3,-1
El,4661,116.3549818,39.9563664,3,-1
Ci,1022,116.4767957,39.989129,3,-1
Al,1334,116.4899681,39.9754143,3,-1
Ci,1023,116.4909785,39.9827981,3,-1
El,4674,116.4890576,39.9831875,3,-1
El,4675,116.4892254,39.9831721,3,-1
El,4676,116.4872535,39.9851285,3,-1
Ci,1024,116.4900647,39.9831757,3,-1
Cn,2739,116.3654992,39.9538925,3,-1
Fa,612,116.4752125,39.9843754,3,-1
El,4678,116.3654957,39.9538048,3,-1
Cn,2742,116.334363,39.9569255,3,-1
Dl,395,116.4105703,39.9256444,3,-1
Es,1335,116.4004485,39.8784808,3,-1
Dl,398,116.3892665,39.8975871,3,-1
Al,1345,116.3874193,39.9441273,3,-1
El,4703,116.4050234,39.9142282,3,-1
Ci,1031,116.010882,40.4473474,3,-1
Ci,1032,116.013178,40.448621,3,-1
Ci,1033,116.4446252,39.9332118,3,-1
Cn,2759,116.444714,39.9239036,3,-1
Es,1340,117.257055,40.6778836,3,-1
Es,1341,117.2498603,40.6778611,3,-1
Es,1343,117.2345171,40.6768476,3,-1
Es,1344,117.2322274,40.6768323,3,-1
Es,1345,117.2273064,40.6811405,3,-1
El,4705,116.4084176,39.9934305,3,-1
El,4706,116.4042872,39.9933556,3,-1
Cn,2762,116.4160112,39.9977366,3,-1
El,4707,116.3412712,39.9531691,3,-1
Cn,2765,116.4114402,39.994123,3,-1
Cn,2766,116.4114365,39.994246,3,-1
El,4710,116.4085818,39.9934399,3,-1
El,4711,116.4082722,39.9934325,3,-1
El,4712,116.4086902,39.9934272,3,-1
El,4713,116.4088529,39.9934385,3,-1
El,4730,116.4032739,39.9427208,3,-1
Al,1353,116.4036679,39.9933892,3,-1
Cj,288,116.3071347,39.981725,3,-1
El,4768,116.3934384,39.9366596,3,-1
El,4769,116.392737,39.9332573,3,-1
El,4770,116.3970535,39.9267796,3,-1
El,4778,116.4262956,39.9175544,3,-1
El,4779,116.4054194,39.9259284,3,-1
El,4780,116.45072,39.9308086,3,-1
El,4781,116.4620733,39.9430229,3,-1
El,4782,116.4490608,39.9364219,3,-1
El,4784,116.4387349,39.935165,3,-1
Eu,431,116.4260772,39.9664082,3,-1
Ci,1050,116.4296241,39.9700149,3,-1
Al,1356,116.4296337,39.969945,3,-1
Cn,2788,116.4302479,39.9674365,3,-1
Cn,2789,116.3779922,39.8997566,3,-1
El,4801,116.388368,39.8984237,3,-1
Dl,410,116.3835724,39.8980636,3,-1
Cn,2790,116.3887615,39.8983975,3,-1
Al,1357,116.3857613,39.8982427,3,-1
Bd,2116,116.3780898,39.8990016,3,-1
El,4802,116.3779911,39.8999869,3,-1
Al,1358,116.3881541,39.8984222,3,-1
Cn,2792,116.3187226,39.9059011,3,-1
Al,1361,116.3185646,39.9059027,3,-1
Es,1384,116.3102282,39.9435501,3,-1
Al,1362,116.3187933,39.9050622,3,-1
El,4808,116.3600083,39.9271295,3,-1
El,4809,116.3119502,39.9415079,3,-1
Al,1363,116.3561438,39.925243,3,-1
El,4810,116.3852435,39.9141039,3,-1
El,4812,116.4165778,39.8857003,3,-1
Cn,2793,116.3551954,39.9513926,3,-1
Es,1387,117.2519681,40.2403331,3,-1
Cn,2794,116.355215,39.9515192,3,-1
Cn,2795,116.350997,39.9509345,3,-1
Cj,289,116.3549211,39.9520948,3,-1
Bd,2118,116.356378,39.9503175,3,-1
El,4817,116.3741989,39.8983151,3,-1
Al,1364,116.3551702,40.1798482,3,-1
Al,1365,116.2819934,40.1476647,3,-1
El,4818,116.3589491,39.8851135,3,-1
Aw,478,116.3566873,40.1811365,3,-1
Dw,37,116.4110633,39.9064827,3,-1
Bf,462,116.3596352,40.1816556,3,-1
Ex,406,116.3581208,40.18251,3,-1
Bf,463,116.3591136,40.184148,3,-1
El,4822,116.01424,40.3601348,3,-1
At,2255,116.4230178,39.9476854,3,-1
Aw,483,116.4288631,39.9125695,3,-1
Es,1392,116.4117532,39.8989406,3,-1
Ex,408,116.4083494,39.9143682,3,-1
Bd,2126,116.375237,39.977625,3,-1
Dl,429,116.3854808,39.9551941,3,-1
El,4892,116.6824677,40.3959391,3,-1
El,4893,116.6827152,40.3934984,3,-1
Ci,1088,116.4350686,39.908669,3,-1
Cn,2822,116.4350941,39.9077301,3,-1
El,4905,116.4022605,39.936194,3,-1
El,4906,116.3133918,39.9518869,3,-1
El,4907,116.4139861,39.9133887,3,-1
El,4908,116.4151611,39.9138657,3,-1
El,4909,116.3921168,39.8952903,3,-1
El,4910,116.3921322,39.8946754,3,-1
El,4915,116.4720215,40.0072536,3,-1
Cn,2824,116.4618681,40.006945,3,-1
Al,1377,116.4606786,40.0078669,3,-1
El,4946,116.4111834,39.9939085,3,-1
Es,1412,116.3968298,39.9321487,3,-1
Cp,10768,116.4185466,39.7955522,3,-1
Cp,10769,116.3991659,39.8031874,3,-1
Cp,10770,116.4157285,39.8090792,3,-1
El,4951,116.3452041,39.8986955,3,-1
Br,2895,116.4111925,39.9170198,3,-1
Eu,438,116.3436165,39.9010223,3,-1
Dl,450,116.3690826,39.9385564,3,-1
El,4966,116.1733012,40.0564481,3,-1
Ci,1114,116.4679035,39.9051012,3,-1
Cn,2882,116.4115282,39.9933061,3,-1
El,5057,116.4220716,39.9050238,3,-1
El,5058,116.446636,39.9162477,3,-1
El,5059,116.4486264,39.9142355,3,-1
Ci,1132,116.4470484,39.9148515,3,-1
El,5063,116.4403612,39.9394638,3,-1
Bz,1266,116.3852958,39.9214442,3,-1
Ci,1135,116.3686164,39.8774064,3,-1
Bz,1271,116.3860532,40.0138561,3,-1
Bd,2183,116.3657347,40.0118078,3,-1
Bd,2184,116.3641468,40.0129048,3,-1
Bd,2185,116.367996,40.016599,3,-1
Al,1416,116.4349394,39.9214654,3,-1
El,5096,116.4361257,39.9167718,3,-1
Al,1417,116.4329834,39.9232952,3,-1
Al,1418,116.4322737,39.9233297,3,-1
Eu,457,116.4323579,39.9232914,3,-1
Bd,2189,116.4326985,39.9233175,3,-1
Ab,199,116.4589801,39.9238869,3,-1
El,5099,116.4557366,39.884355,3,-1
Bd,2190,116.4851296,39.9122561,3,-1
Ci,1144,116.4475559,39.9162356,3,-1
Dl,484,116.3690815,39.9385641,3,-1
El,5111,116.3921512,39.9355294,3,-1
Ci,1147,116.396715,39.9130605,3,-1
Eu,462,116.4525249,40.0065111,3,-1
El,5117,116.4254467,39.8642914,3,-1
El,5118,116.4237344,39.8640976,3,-1
Cn,2925,116.4240791,39.8637792,3,-1
Al,1422,116.4220305,39.864091,3,-1
Cn,2926,116.428923,39.8643507,3,-1
El,5119,116.4249683,39.864263,3,-1
Aw,494,116.4238693,39.8636488,3,-1
El,5120,116.4215578,39.8640485,3,-1
Cn,2927,116.4206721,39.8637497,3,-1
Cn,2928,116.4235245,39.8640861,3,-1
El,5121,116.4261563,39.8643031,3,-1
El,5122,116.4317902,39.8647585,3,-1
El,5123,116.4238288,39.8623543,3,-1
Eu,463,116.4240415,39.8624673,3,-1
Ci,1151,116.4279076,39.8640533,3,-1
Al,1423,116.4240572,39.8623921,3,-1
Al,1424,116.4300963,39.8647162,3,-1
El,5124,116.4243359,39.8617305,3,-1
Cn,2929,116.4279965,39.8648256,3,-1
El,5125,116.4311114,39.8647065,3,-1
El,5126,116.4290129,39.8647162,3,-1
El,5127,116.4295851,39.8647133,3,-1
El,5128,116.430665,39.8647035,3,-1
Cn,2930,116.4323471,39.8650074,3,-1
Al,1425,116.4250877,39.8604914,3,-1
El,5129,116.4252343,39.8601935,3,-1
Al,1426,116.4233647,39.8575374,3,-1
El,5130,116.4295067,39.8643473,3,-1
El,5131,116.4243479,39.8616292,3,-1
El,5132,116.4251848,39.8567458,3,-1
El,5133,116.4240703,39.8623002,3,-1
El,5134,116.4232583,39.8622709,3,-1
El,5135,116.4244235,39.8615674,3,-1
El,5136,116.4247046,39.8611027,3,-1
El,5137,116.4246868,39.86098,3,-1
Al,1427,116.4248525,39.860898,3,-1
Cn,2931,116.4253053,39.8587832,3,-1
El,5138,116.4250018,39.8601687,3,-1
Ct,249,116.4267153,39.8591176,3,-1
El,5139,116.4302969,39.8563303,3,-1
Cn,2932,116.4327359,39.8599141,3,-1
El,5140,116.4294058,39.8532236,3,-1
El,5141,116.4293336,39.8568653,3,-1
Cn,2933,116.4356824,39.8649242,3,-1
Cn,2934,116.4327931,39.8596974,3,-1
Al,1428,116.4302809,39.8566462,3,-1
Cn,2935,116.4336814,39.8725386,3,-1
El,5142,116.4298697,39.8566311,3,-1
Cn,2936,116.4326978,39.8601483,3,-1
Al,1429,116.4288257,39.8800675,3,-1
Al,1430,116.4298931,39.8560261,3,-1
Al,1431,116.4339578,39.8732614,3,-1
El,5143,116.4303518,39.8557734,3,-1
Al,1432,116.4282696,39.8568685,3,-1
El,5144,116.4291861,39.8789924,3,-1
Aw,495,116.4332389,39.8733374,3,-1
Al,1433,116.4339196,39.8735688,3,-1
El,5145,116.4289157,39.8826214,3,-1
Cn,2937,116.4287625,39.8814157,3,-1
Aw,496,116.4340267,39.8609878,3,-1
Cn,2938,116.4327235,39.8617522,3,-1
El,5146,116.4293259,39.8788815,3,-1
Cn,2939,116.4338352,39.8614268,3,-1
El,5147,116.4329356,39.8744594,3,-1
El,5148,116.4299139,39.8797905,3,-1
El,5149,116.4294704,39.8787527,3,-1
Cn,2941,116.4294442,39.8831897,3,-1
El,5157,116.4312661,39.8832293,3,-1
Aw,497,116.431893,39.8834796,3,-1
Cn,2942,116.4340016,39.8908657,3,-1
Cn,2943,116.4299672,39.8831523,3,-1
Al,1435,116.4308987,39.8831898,3,-1
Bd,2206,116.4322398,39.8831924,3,-1
Cn,2944,116.4326611,39.892635,3,-1
Cn,2945,116.4312613,39.8835744,3,-1
Cn,2946,116.4306072,39.8927114,3,-1
Cn,2947,116.4275401,39.8930474,3,-1
Cn,2948,116.434313,39.8864175,3,-1
Cn,2949,116.4321446,39.8925833,3,-1
El,5158,116.4290169,39.8926462,3,-1
Cn,2950,116.4300929,39.8927411,3,-1
El,5159,116.4322608,39.8919642,3,-1
Al,1436,116.4325041,39.8919991,3,-1
El,5160,116.429573,39.8927274,3,-1
Aw,498,116.4251308,39.89302,3,-1
El,5161,116.4288273,39.8926303,3,-1
El,5162,116.4286535,39.8925895,3,-1
Ct,250,116.4276728,39.8927986,3,-1
Cn,2951,116.4271546,39.8927925,3,-1
Bz,1290,116.2692447,40.1535332,3,-1
Bz,1291,116.2679965,40.1527475,3,-1
Bz,1292,116.2673531,40.1525772,3,-1
Ci,1157,116.3393881,39.9848368,3,-1
El,5180,116.5315338,40.087236,3,-1
Cp,10787,116.1376909,40.2331961,3,-1
El,5181,116.4467033,39.9449797,3,-1
El,5182,116.4544024,39.932778,3,-1
El,5183,116.49425,39.98374,3,-1
El,5184,116.4621683,40.0096778,3,-1
El,5185,116.49196,39.98534,3,-1
El,5186,116.49034,39.9834,3,-1
El,5188,116.49015,39.98293,3,-1
El,5189,116.4903428,39.9820747,3,-1
El,5190,116.49052,39.9819,3,-1
El,5191,116.49333,39.98312,3,-1
El,5192,116.4903352,39.98224,3,-1
Bz,1298,116.3820724,40.0145593,3,-1
Dw,41,116.5326696,40.0850474,3,-1
Ci,1162,116.5317577,40.0850064,3,-1
Ci,1163,116.5305141,40.0876147,3,-1
Ci,1164,116.5312651,40.0852999,3,-1
El,5193,116.5314206,40.086289,3,-1
Cj,297,116.5307233,40.0883329,3,-1
El,5194,116.5312114,40.0877706,3,-1
Ci,1165,116.5312114,40.0882303,3,-1
Al,1440,116.529704,40.0886407,3,-1
Bd,2214,116.530396,40.0889854,3,-1
Ci,1166,116.4058592,39.9308624,3,-1
El,5208,116.3946256,39.9228325,3,-1
El,5209,116.4429386,39.9182048,3,-1
El,5213,116.394633,39.9229027,3,-1
Bo,84,116.4052541,39.9420289,3,-1
Ci,1169,116.4144715,39.8857502,3,-1
El,5223,116.4875,39.98278,3,-1
El,5224,116.4883,39.98462,3,-1
Cn,2970,116.3998362,40.0030363,3,-1
El,5245,116.398881,40.0040296,3,-1
Bd,2220,116.4342692,39.9374377,3,-1
Ci,1175,116.396918,39.9395059,3,-1
El,5259,116.4548856,39.9562539,3,-1
Dy,483,116.2997072,40.0551027,3,-1
Ci,1186,116.4895012,39.9831128,3,-1
Ci,1187,116.4893709,39.9830966,3,-1
El,5279,116.4180586,39.973128,3,-1
Es,1495,116.390967,39.9103796,3,-1
Es,1496,116.404783,39.9069175,3,-1
Dw,42,116.4486833,39.9334534,3,-1
Ci,1188,116.4434915,39.9341099,3,-1
Ci,1189,116.4435074,39.9331425,3,-1
Al,1456,116.4470317,39.9331262,3,-1
Dw,43,116.4481918,39.9330926,3,-1
Bd,2235,116.3401935,40.0620026,3,-1
Ci,1195,116.4864043,39.9777561,3,-1
Ci,1196,116.4867218,39.9766038,3,-1
Dl,503,116.4193706,39.932641,3,-1
Al,1459,116.3968422,39.9318691,3,-1
Cn,3001,116.4844296,39.9779791,3,-1
El,5310,116.490309,39.9833377,3,-1
Bj,97,116.4904424,39.9822008,3,-1
Fa,667,116.4843119,39.9789007,3,-1
Dn,287,116.4885276,39.9855781,3,-1
Bj,98,116.4897416,39.9816585,3,-1
El,5311,116.4876214,39.9855027,3,-1
Ci,1198,116.4872512,39.9854938,3,-1
Bj,99,116.490274,39.9859781,3,-1
Bj,100,116.4890303,39.9829995,3,-1
El,5312,116.477802,39.9820752,3,-1
El,5325,116.4848302,39.9698844,3,-1
Ci,1205,116.4843178,39.9744442,3,-1
Ci,1206,116.4692069,39.9471401,3,-1
Ed,254,116.4695266,39.9478414,3,-1
Cn,3009,116.4243096,39.9084995,3,-1
El,5333,116.4119922,39.9114593,3,-1
El,5335,116.4057045,39.9108444,3,-1
Cn,3010,116.34363,39.9433314,3,-1
Bd,2238,116.2619121,40.0783176,3,-1
Cn,3011,116.2624235,40.0779687,3,-1
Cn,3012,116.2620846,40.0778744,3,-1
El,5340,116.4005193,39.9253871,3,-1
Al,1466,116.2132863,39.905344,3,-1
Cn,3014,116.2124909,39.90559,3,-1
Bf,490,116.3830485,39.9237265,3,-1
Es,1512,116.3026972,40.0058485,3,-1
Al,1467,116.4206919,39.9025165,3,-1
Al,1470,116.484152,39.9838279,3,-1
Ex,428,116.49552,39.997261,3,-1
Dl,511,116.4114599,39.9410991,3,-1
El,5397,116.4026461,39.9377822,3,-1
Es,1550,116.7392835,39.8834422,3,-1
Es,1551,116.7388351,39.8835572,3,-1
El,5434,116.6051044,39.9276517,3,-1
Dl,514,116.5503454,39.9124006,3,-1
Ci,1229,116.4757365,39.8875618,3,-1
El,5447,116.4528899,40.0100251,3,-1
El,5453,116.4547072,39.9561107,3,-1
Ci,1235,116.4764857,39.8886598,3,-1
El,5466,116.4692534,39.9471135,3,-1
El,5467,116.4701295,39.9473076,3,-1
El,5468,116.4691433,39.9470902,3,-1
El,5469,116.4687134,39.9469266,3,-1
El,5470,116.4688499,39.9469948,3,-1
El,5471,116.4703233,39.9476078,3,-1
El,5472,116.4682448,39.9468827,3,-1
El,5473,116.4702985,39.9477279,3,-1
El,5474,116.4689365,39.947027,3,-1
El,5475,116.4690285,39.947065,3,-1
Ci,1236,116.4679605,39.9468337,3,-1
El,5518,116.46548,39.94909,3,-1
El,5519,116.4655504,39.9488345,3,-1
El,5520,116.4656315,39.948577,3,-1
El,5521,116.4655017,39.948999,3,-1
El,5522,116.4656848,39.948414,3,-1
El,5523,116.4656,39.94869,3,-1
El,5524,116.4656596,39.9484815,3,-1
El,5525,116.4656104,39.9486285,3,-1
Ci,1243,116.4655822,39.948754,3,-1
El,5526,116.4655361,39.9489225,3,-1
Ci,1244,116.477329,39.8663132,3,-1
Ci,1245,116.4715858,39.8687923,3,-1
Ci,1254,116.474514,39.9881279,3,-1
Al,1500,116.4790106,39.9893945,3,-1
El,5551,116.4652844,39.9497788,3,-1
El,5552,116.4651399,39.9502737,3,-1
El,5553,116.4650317,39.9505945,3,-1
El,5554,116.4650046,39.9506711,3,-1
El,5555,116.465228,39.94993,3,-1
El,5556,116.465048,39.950549,3,-1
El,5557,116.4653362,39.9495876,3,-1
El,5558,116.4650862,39.950456,3,-1
Bd,2264,116.4791391,39.9303778,3,-1
Ci,1257,116.4792056,39.930246,3,-1
El,5559,116.4796394,39.9301887,3,-1
Ci,1258,116.4794496,39.9301929,3,-1
Cn,3076,116.4032716,40.0562736,3,-1
Bz,1337,116.2651472,40.15023,3,-1
Bz,1338,116.2655305,40.1513906,3,-1
El,5569,116.2451954,39.9059625,3,-1
Dw,47,116.2458064,39.901986,3,-1
El,5570,116.4778161,39.9301175,3,-1
El,5571,116.4725955,39.9310671,3,-1
Bd,2268,116.472655,39.9306076,3,-1
Ci,1261,116.4726038,39.93086,3,-1
El,5572,116.47985,39.93028,3,-1
Az,40,116.4726063,39.9310194,3,-1
Ci,1265,116.405306,39.9441282,3,-1
Bo,87,116.449206,39.9324158,3,-1
Cn,3096,116.4643081,40.010571,3,-1
El,5587,116.4644654,40.0105371,3,-1
El,5595,116.3860211,39.8933607,3,-1
Cn,3101,116.4671391,40.0096891,3,-1
El,5596,116.3878088,39.9406387,3,-1
Al,1515,116.4054006,39.913364,3,-1
Al,1516,116.4058191,39.913323,3,-1
El,5604,116.3928582,39.8946744,3,-1
At,2361,116.3684552,39.9613263,3,-1
At,2362,116.3655623,39.9588727,3,-1
Ci,1279,116.4031503,39.9939082,3,-1
Al,1525,116.3167604,39.9642686,3,-1
Ci,1280,116.3167938,39.9641814,3,-1
Al,1526,116.318493,39.9652065,3,-1
El,5630,116.4513265,39.9268026,3,-1
El,5631,116.4027698,39.9139232,3,-1
El,5632,116.3966529,39.9219466,3,-1
El,5633,116.408777,39.8955434,3,-1
El,5634,116.3877211,39.9318899,3,-1
El,5638,116.4026358,39.9169902,3,-1
El,5639,116.3877783,39.9376778,3,-1
Cn,3128,116.3017111,39.9813231,3,-1
Ci,1289,116.30162,39.9817455,3,-1
Cn,3129,116.3012496,39.98306,3,-1
Cn,3130,116.3026649,39.982866,3,-1
Cn,3131,116.302645,39.9816437,3,-1
Cn,3132,116.3028449,39.9824424,3,-1
Es,1619,116.3768841,39.8941073,3,-1
At,2377,116.3783022,39.8966717,3,-1
At,2378,116.3780057,39.8964485,3,-1
El,5657,116.3024971,39.9828731,3,-1
Al,1536,116.3080073,39.9806401,3,-1
Al,1537,116.3085334,39.9829483,3,-1
Cn,3135,116.3103974,39.9903465,3,-1
Bd,2297,116.3074744,39.9797286,3,-1
El,5660,116.3104704,39.9856178,3,-1
Al,1538,116.307409,39.97997,3,-1
Es,1620,116.390172,39.8944985,3,-1
Cn,3136,116.3103647,39.9898344,3,-1
El,5662,116.3871377,39.9364105,3,-1
El,5663,116.3902496,39.8945614,3,-1
Ci,1292,116.3219967,40.0031627,3,-1
El,5701,116.4616328,39.9940753,3,-1
Dw,51,116.2913453,39.8808724,3,-1
Bd,2305,116.3033973,39.9874303,3,-1
Bd,2306,116.3002163,39.9889597,3,-1
El,5716,116.4245413,39.9308798,3,-1
At,2393,116.4597096,39.9817983,3,-1
El,5736,116.277802,40.0310626,3,-1
Ci,1310,116.4744819,39.9853209,3,-1
El,5737,116.4770053,39.9886839,3,-1
Eu,489,116.476587,39.9890085,3,-1
As,51,116.4754031,39.9881765,3,-1
Dl,539,116.3123559,39.9888247,3,-1
El,5750,116.4046609,39.9147845,3,-1
Bd,2331,116.3102078,39.9886857,3,-1
Es,1634,116.2685775,40.0006597,3,-1
Dl,543,116.530093,40.07143,3,-1
El,5822,116.3787702,39.8979399,3,-1
Ci,1334,116.3656339,39.9227135,3,-1
El,5852,116.5504075,39.7570714,3,-1
El,5855,116.3977345,39.9349307,3,-1
Al,1576,116.6251662,40.3144907,3,-1
Et,100,116.6243734,40.3140753,3,-1
Al,1577,116.6239018,40.3132135,3,-1
Al,1578,116.6236457,40.3131856,3,-1
Ci,1338,116.6234436,40.3131684,3,-1
Cj,322,116.6238319,40.3168694,3,-1
El,5861,116.3128088,40.010611,3,-1
El,5862,116.3260108,40.0105046,3,-1
El,5863,116.3276577,40.0090419,3,-1
Al,1579,116.3220033,40.0044932,3,-1
Ci,1339,116.3213996,39.9991714,3,-1
Al,1582,116.4726453,39.9285391,3,-1
Ct,261,116.4030215,40.0539051,3,-1
Cn,3239,116.405096,40.0592125,3,-1
Bd,2361,116.3680372,39.9212437,3,-1
El,5891,116.3789025,39.9621499,3,-1
El,5894,116.4089339,39.8957759,3,-1
Bd,2362,116.3112402,40.0283447,3,-1
Bd,2363,116.3127058,40.0285364,3,-1
Dw,58,116.4051763,39.9096624,3,-1
Ci,1355,116.4478606,39.9311081,3,-1
Ci,1358,116.4544281,39.9775525,3,-1
El,5916,116.4494474,39.9295936,3,-1
Ci,1370,116.4470359,39.9335173,3,-1
Ci,1371,116.4470417,39.9333656,3,-1
Es,1659,116.31968,39.882038,3,-1
Al,1593,116.448049,39.9298748,3,-1
El,5920,116.4005451,39.9534423,3,-1
El,5922,116.393839,39.9432295,3,-1
Cn,3261,116.3127514,40.0101686,3,-1
At,2423,116.3176322,40.0109575,3,-1
Eu,504,116.3128966,40.0097517,3,-1
Bd,2375,116.3128114,40.0096102,3,-1
Cs,314,116.3156943,40.0093402,3,-1
El,5961,116.4106882,39.9350815,3,-1
El,5997,116.6238908,40.3166422,3,-1
El,5998,116.6238613,40.3167547,3,-1
El,5999,116.6243012,40.3175114,3,-1
Es,1669,116.5723786,40.3626918,3,-1
Cp,10932,116.6169402,40.3191698,3,-1
El,6009,116.3911987,39.8957025,3,-1
Es,1671,116.6796967,40.3965779,3,-1
Es,1672,116.3957038,39.8974292,3,-1
At,2429,116.3028095,40.0902027,3,-1
At,2430,116.3022816,40.0882762,3,-1
Es,1683,116.01446,40.3552171,3,-1
Bj,106,116.4512323,39.9302735,3,-1
El,6086,116.4144872,39.8841365,3,-1
El,6090,116.4094992,39.9821064,3,-1
Es,1694,116.4314737,39.9084192,3,-1
Es,1695,116.470964,39.9694053,3,-1
El,6168,116.4529765,39.9167114,3,-1
El,6174,116.6278254,40.3134824,3,-1
Al,1631,116.6312843,40.3139399,3,-1
Al,1633,116.3840815,39.9808489,3,-1
Bd,2415,116.4456435,39.9365542,3,-1
El,6201,116.3245866,39.9841439,3,-1
Dx,2886,116.5074718,39.6032224,3,-1
Dx,2887,116.416052,39.6572729,3,-1
Dx,2888,116.4700134,39.6231298,3,-1
Dx,2889,116.4458145,39.6384959,3,-1
Dx,2890,116.43331,39.6476374,3,-1
Aw,567,116.6746696,40.4124504,3,-1
Cn,3367,116.4719452,40.0014412,3,-1
El,6232,116.4638485,40.0040406,3,-1
Cn,3369,116.6279384,40.3402973,3,-1
Eu,521,116.6290153,40.3402329,3,-1
Ci,1439,116.4525502,39.8976847,3,-1
El,6254,116.5393807,40.4174269,3,-1
El,6275,116.2415023,40.2022267,3,-1
Bd,2431,116.3264218,40.0289732,3,-1
Ex,466,116.3341558,39.949322,4,-1
Al,1644,116.4031136,39.9396148,4,-1
Al,1645,116.3922522,39.8908091,4,-1
Ci,1452,116.4361137,39.9351875,4,-1
Bz,1420,116.6204735,40.3604119,4,-1
Cn,3390,116.347315,39.999194,4,-1
Ci,1464,116.4148196,39.9141039,4,-1
Ci,1465,116.3855623,39.9325631,4,-1
El,6343,116.4142568,39.9150748,4,-1
El,6344,116.4137801,39.9156644,4,-1
Bd,2437,116.4108874,39.9142281,4,-1
El,6345,116.4141436,39.9152249,4,-1
El,6347,116.5565307,40.0523631,4,-1
Cn,3394,116.4783356,39.9161349,4,-1
Ab,263,116.550861,40.0083025,4,-1
El,6348,116.6372277,39.9039351,4,-1
Ab,264,116.593749,39.8860593,4,-1
Ci,1469,116.4140147,39.8850943,4,-1
El,6360,116.4799351,39.9213827,4,-1
El,6361,116.4911282,39.990725,4,-1
Cn,3398,116.4227278,39.9320991,4,-1
Ci,1470,116.4054667,39.9441225,4,-1
Fa,782,116.4054793,39.9440038,4,-1
El,6366,116.5500588,40.014208,4,-1
Cn,3404,116.4281114,39.9123288,4,-1
Cn,3405,116.4279298,39.911317,4,-1
Cn,3406,116.427974,39.9119368,4,-1
Al,1655,116.2172188,40.0482935,4,-1
Cn,3407,116.427978,39.9127017,4,-1
Cn,3409,116.3283824,39.9958789,4,-1
El,6372,116.3373819,39.9996662,4,-1
Cn,3410,116.29936,39.9818669,4,-1
El,6373,116.4105048,39.9418732,4,-1
Cn,3411,116.404489,39.9672134,4,-1
Cn,3412,116.4400757,39.9718611,4,-1
Al,1657,116.4420051,39.9702615,4,-1
El,6376,116.4624239,39.954967,4,-1
Bd,2446,116.5504555,40.00932,4,-1
Cn,3416,116.3056898,39.9831183,4,-1
Cn,3418,116.4331165,39.9062979,4,-1
El,6384,116.2997367,39.9860987,4,-1
Al,1663,116.327499,39.7386042,4,-1
Bo,96,116.3951675,39.939022,4,-1
Bo,97,116.3948869,39.9390018,4,-1
Ed,269,116.3341811,39.9442767,4,-1
Cz,305,116.3893748,39.9083034,4,-1
Ed,270,116.3885088,39.9112729,4,-1
Dl,579,116.4648566,40.0066021,4,-1
Es,1869,115.9816667,39.7891667,4,-1
Dl,582,116.389417,39.89197,4,-1
Ci,1502,116.3148242,39.9552639,4,-1
El,6489,116.3097654,39.9523707,4,-1
Ci,1503,116.3939707,39.9395597,4,-1
Ci,1504,116.3960919,39.9396194,4,-1
Br,3413,116.6526423,40.316787,4,-1
El,6490,116.6511729,40.3144338,4,-1
El,6491,116.6514948,40.3144501,4,-1
El,6492,116.6255749,40.3144301,4,-1
Cn,3461,116.6251436,40.3142892,4,-1
Cn,3462,116.6229745,40.3131051,4,-1
Cn,3463,116.6244007,40.317786,4,-1
El,6494,116.6243821,40.3176791,4,-1
El,6499,116.3071628,39.9830254,4,-1
Ab,275,116.4658535,39.9373354,4,-1
El,6504,116.412137,39.9418978,4,-1
El,6505,116.4139035,39.9419738,4,-1
El,6506,116.4110444,39.9349592,4,-1
El,6520,116.6314142,40.3140733,4,-1
El,6521,116.6290184,40.3138454,4,-1
El,6522,116.6269356,40.3137991,4,-1
El,6526,116.3391828,39.9761115,4,-1
Ci,1512,116.3395904,39.976369,4,-1
El,6531,116.4749395,39.9724284,4,-1
Dl,587,116.3886993,39.8438963,4,-1
At,2702,116.5498285,40.0146793,4,-1
Bd,2508,116.5455155,40.0086396,4,-1
At,2703,116.548938,40.0136399,4,-1
At,2704,116.5060947,40.0222513,4,-1
Cn,3504,116.5049628,40.0229168,4,-1
Ci,1526,116.2582361,39.8887237,4,-1
Al,1718,116.2581705,39.8877235,4,-1
El,6559,116.3367737,39.9387411,4,-1
El,6560,116.424836,39.9794647,4,-1
Ca,274,116.4835534,39.9573571,4,-1
Fb,30,116.4627112,39.9493482,4,-1
Al,1724,116.5422879,40.0652759,4,-1
Al,1725,116.5421697,40.0653212,4,-1
Cn,3552,116.5420278,40.0658641,4,-1
Ab,296,116.4222346,39.9406847,4,-1
El,6586,116.4400699,39.9058462,4,-1
El,6589,116.4640545,39.9809642,4,-1
El,6590,116.4602775,39.9774422,4,-1
El,6591,116.3976701,39.9135478,4,-1
El,6598,116.3077424,39.9788057,4,-1
El,6599,116.3077947,39.9787891,4,-1
El,6600,116.3079488,39.9787325,4,-1
At,2724,116.5061237,40.022389,4,-1
Al,1733,116.3347008,39.9461824,4,-1
El,6610,116.4640069,39.9842539,4,-1
El,6611,116.4638557,39.9843443,4,-1
Ci,1535,116.4576571,40.0074369,4,-1
Bd,2526,116.5724355,40.0012368,4,-1
Ci,1545,116.4657235,39.9440903,4,-1
Cn,3576,116.3171222,39.9649623,4,-1
Bd,2530,116.2742583,39.9521612,4,-1
Ci,1553,116.446483,39.9444796,4,-1
El,6667,116.4463629,39.9443605,4,-1
Ci,1554,116.4445834,39.9382956,4,-1
Ci,1555,116.4520298,39.9471031,4,-1
Ci,1556,116.4478477,39.9445869,4,-1
El,6668,116.4477179,39.9445876,4,-1
At,2744,116.5609423,39.8147442,4,-1
Bd,2535,116.3285671,39.9678706,4,-1
Al,1745,116.4224786,39.9041309,4,-1
Ci,1567,116.5417789,40.0654833,4,-1
Cj,341,116.3398018,39.9582234,4,-1
Cj,342,116.3351881,39.9644275,4,-1
El,6702,116.3360304,39.9643299,4,-1
El,6703,116.3381113,39.9645281,4,-1
El,6705,116.3376433,39.9517702,4,-1
By,122,116.3118838,39.9754996,4,-1
Cn,3597,116.3103969,40.0530259,4,-1
Bd,2543,116.3056562,40.0509167,4,-1
Cn,3598,116.2983127,40.0505412,4,-1
Eu,533,116.4604959,40.010472,4,-1
Bo,101,116.4380499,39.9303798,4,-1
El,6721,116.4356046,39.9326782,4,-1
Es,1956,116.150009,39.9759588,4,-1
Es,1957,116.1512603,39.9768272,4,-1
Cn,3605,116.406208,39.9172465,4,-1
El,6746,116.2768077,40.0721102,4,-1
El,6766,116.3851205,39.9332948,4,-1
At,2761,116.5503234,40.013693,4,-1
Ci,1597,116.3098056,39.9694869,4,-1
El,6786,116.3845662,39.9344126,4,-1
Ab,325,116.3346898,39.935927,4,-1
Bj,121,116.3332784,39.9356784,4,-1
Ex,495,116.3303526,39.9359608,4,-1
El,6823,116.4372239,39.9167199,4,-1
Bh,139,116.3125386,39.9846258,4,-1
El,6845,116.4213924,39.9412278,4,-1
Bd,2593,116.4391971,39.9351994,4,-1
Cn,3650,116.3947912,40.0024725,4,-1
Ci,1616,116.5238872,40.0070505,4,-1
Cn,3651,116.3989791,40.0025922,4,-1
Cn,3652,116.3980532,40.0040896,4,-1
Cn,3653,116.3970641,40.004087,4,-1
El,6856,116.3978318,40.0040624,4,-1
El,6857,116.4005593,40.0049174,4,-1
El,6866,116.2687336,39.9509914,4,-1
El,6867,116.2686271,39.9504611,4,-1
Dl,622,116.3306508,39.9567187,4,-1
Bf,556,116.2286975,39.9150738,4,-1
Ab,361,116.4231211,40.0427711,4,-1
Ab,362,116.4141194,40.0460742,4,-1
Ab,363,116.4268744,40.0396343,4,-1
Bf,557,116.4782681,39.9424181,4,-1
Ci,1648,116.4973199,39.8096542,4,-1
Eu,545,116.2984312,39.9824832,4,-1
Ct,303,116.4075858,40.029799,4,-1
At,2799,116.371602,39.9300125,4,-1
At,2800,116.3693607,39.9365023,4,-1
At,2801,116.3693827,39.9364967,4,-1
At,2802,116.3693827,39.9365248,4,-1
At,2803,116.3693973,39.9365023,4,-1
At,2804,116.36939,39.9365613,4,-1
At,2805,116.369239,39.936541,4,-1
Ct,304,116.365914,39.9306529,4,-1
Ct,305,116.3659323,39.9323462,4,-1
El,6935,116.4059255,39.9136016,4,-1
El,6947,116.4072563,40.0729301,4,-1
Cn,3682,116.4072888,40.0730649,4,-1
Cn,3683,116.4079106,40.0736658,4,-1
Aw,626,116.4159159,40.0734034,4,-1
Bd,2626,116.309415,39.9782079,4,-1
Ct,307,116.406073,39.9891958,4,-1
Ct,308,116.4088104,39.9886545,4,-1
Cn,3685,116.3184243,39.9804539,4,-1
Al,1793,116.3672869,39.9176269,4,-1
Es,2085,116.501212,40.455148,4,-1
El,6980,116.4329346,39.9583688,4,-1
Al,1794,116.368487,39.9173483,4,-1
El,6981,116.366355,39.9173142,4,-1
El,6982,116.368574,39.9173503,4,-1
El,6983,116.3661532,39.9172976,4,-1
El,6984,116.3672074,39.9196023,4,-1
El,6985,116.3671207,39.9125744,4,-1
El,6986,116.3680001,39.9173174,4,-1
El,6987,116.3675122,39.9209894,4,-1
El,6988,116.3688687,39.9148062,4,-1
Al,1795,116.3571534,39.925322,4,-1
El,6997,116.299435,39.9781917,4,-1
El,7002,116.4521734,39.9308716,4,-1
Ci,1669,116.4516047,39.931066,4,-1
Ci,1670,116.4486338,39.93067,4,-1
Ci,1671,116.4486271,39.9310257,4,-1
Ca,334,116.4488922,39.9320201,4,-1
Ci,1673,116.487263,39.9855376,4,-1
Es,2093,116.4874234,39.9862998,4,-1
Cn,3696,116.4075445,40.0308127,4,-1
El,7031,116.3860377,39.9386326,4,-1
Ab,366,116.4269054,39.9200963,4,-1
At,2827,116.3716127,39.931705,4,-1
El,7033,116.3668678,39.9245358,4,-1
By,133,116.368401,39.9335192,4,-1
El,7034,116.360756,39.8852889,4,-1
Bh,144,116.4370481,40.0703552,4,-1
Cn,3697,116.4036887,40.0041853,4,-1
Cn,3698,116.4034865,40.0041546,4,-1
El,7040,116.4861816,39.9851112,4,-1
As,67,116.4869507,39.9851104,4,-1
Ci,1680,116.4859233,39.9848694,4,-1
Cn,3699,116.624985,40.3160383,4,-1
El,7044,116.6239219,40.3171609,4,-1
Bd,2652,116.6255187,40.3108422,4,-1
Es,2105,115.9894919,40.3414048,4,-1
Es,2106,116.3875469,39.9930402,4,-1
At,2830,116.3710237,39.9305201,4,-1
Ct,313,116.4239622,40.0753464,4,-1
Ct,314,116.4062416,39.9931321,4,-1
El,7075,116.252758,40.4210109,4,-1
Fa,952,116.4147,40.0003705,4,-1
Eu,553,116.4205984,40.0003714,4,-1
Al,1817,116.3481509,40.0075609,4,-1
Ci,1696,116.3270302,40.0290882,4,-1
Ex,533,116.4841465,39.9851031,4,-1
El,7105,116.4880807,39.9817133,4,-1
El,7106,116.4887728,39.9817887,4,-1
Dl,645,116.3981717,39.9173992,4,-1
El,7114,116.3960427,39.9439589,4,-1
Ci,1703,116.4062217,39.8770302,4,-1
Bz,1553,115.636126,39.9964884,4,-1
Ch,32,115.6372394,39.996681,4,-1
Bz,1554,115.637946,39.9968169,4,-1
Es,2134,115.6284144,40.0027828,4,-1
Ch,33,115.6372603,39.9966823,4,-1
Ct,316,116.4018023,39.9930012,4,-1
Bf,568,116.0101622,40.3505666,4,-1
El,7136,116.3997729,39.9261921,4,-1
Al,1830,116.40591,39.898481,4,-1
Al,1834,116.4094615,39.9179206,4,-1
Fa,956,116.3258292,39.964524,4,-1
Ar,130,116.0679621,40.0498056,4,-1
Fd,198,116.0634986,40.0485435,4,-1
El,7143,116.4112778,39.9286587,4,-1
Bz,1555,116.0712807,40.0507549,4,-1
Es,2137,116.2757976,39.996719,4,-1
El,7155,116.4230511,39.9326123,4,-1
El,7156,116.4459511,39.9664872,4,-1
Al,1839,116.4460157,39.9156157,4,-1
Bd,2677,116.5357584,40.0979942,4,-1
Al,1840,116.5355109,40.0979766,4,-1
Cn,3740,116.4675594,39.9917861,4,-1
El,7169,116.3756216,39.9442901,4,-1
By,136,116.3652376,39.9213046,4,-1
El,7173,116.3877554,39.9394083,4,-1
El,7174,116.4482922,39.9334201,4,-1
Bj,131,116.362575,40.0414257,4,-1
Bj,132,116.39679,39.915598,4,-1
El,7217,116.3669985,39.9246094,4,-1
Al,1851,116.4025497,39.9284696,4,-1
El,7244,116.3585508,39.8434105,4,-1
Dl,657,116.4231293,39.9175818,4,-1
El,7266,116.409884,39.9468299,4,-1
El,7284,116.3980363,39.9393286,4,-1
El,7285,116.402224,39.9471056,4,-1
Es,2223,116.4256275,39.9471733,4,-1
El,7294,116.425495,39.9103531,4,-1
Al,1864,116.4543786,39.8928616,4,-1
Al,1865,116.44998,39.8830417,4,-1
Al,1866,116.4555097,39.8743957,4,-1
Al,1867,116.4618893,39.8745232,4,-1
Al,1868,116.4538359,39.8651952,4,-1
Al,1869,116.471631,39.8696999,4,-1
Al,1870,116.4531467,39.8645763,4,-1
Ci,1781,116.4080366,39.9470424,4,-1
Ci,1782,116.4483086,39.9186445,4,-1
Ci,1783,116.3968457,39.9405347,4,-1
El,7379,116.4502139,39.91131,4,-1
Ci,1784,116.4832973,39.9830049,4,-1
El,7380,116.4156403,39.9398284,4,-1
Es,2238,116.4282778,39.93965,4,-1
El,7448,116.4064031,40.0046465,4,-1
Bo,124,116.4478874,39.9352353,4,-1
Ci,1823,116.4487964,39.9357705,4,-1
El,7545,116.4863294,39.9855569,4,-1
Es,2254,116.488078,39.9850837,4,-1
Ci,1824,116.4000535,39.9893632,4,-1
Bd,2743,116.4390726,39.9350067,4,-1
Ci,1825,116.4380678,39.9339638,4,-1
Bo,125,116.437979,39.9283726,4,-1
Bo,126,116.4379882,39.9282371,4,-1
Ci,1826,116.4925625,39.9853488,4,-1
Al,1911,116.4006176,39.9902719,4,-1
Bo,127,116.4379995,39.9286183,4,-1
Ci,1827,116.448389,39.9187525,4,-1
Es,2255,116.4893853,39.9856241,4,-1
El,7546,116.3996618,39.9884174,4,-1
Al,1912,116.4480917,39.9353029,4,-1
El,7616,116.3276075,39.9790434,4,-1
Al,1923,116.4003439,39.9899979,4,-1
Dh,106,116.6706583,40.3873016,4,-1
Br,3611,116.6657688,40.3869673,4,-1
Bd,2761,116.4339293,40.2344644,4,-1
Eu,649,116.4103612,39.8962037,4,-1
Eu,650,116.4184208,39.9672223,4,-1
El,7721,116.4388456,39.9448577,4,-1
Eu,651,116.3615333,39.8713224,4,-1
Dw,108,116.3498438,39.9517724,4,-1
Dj,300,116.4016402,40.0274072,4,-1
Dj,301,116.4013918,40.0279096,4,-1
Dj,302,116.4013667,40.0302682,4,-1
Dj,303,116.3991782,40.0277009,4,-1
Dj,304,116.4000168,40.0283362,4,-1
Dj,305,116.3997665,40.0269491,4,-1
Dy,622,116.4011649,40.0259112,4,-1
Dj,306,116.4011443,40.0269148,4,-1
Dj,307,116.4012875,40.0266438,4,-1
Dj,308,116.3943041,40.0153466,4,-1
Dj,309,116.4016894,40.0254761,4,-1
Dj,310,116.3890415,40.0153526,4,-1
Dj,311,116.39022,40.0150727,4,-1
Dj,312,116.3840838,40.0146302,4,-1
Dj,313,116.3848385,40.0152013,4,-1
Dy,623,116.3872371,40.0147576,4,-1
Es,2278,116.4011186,40.0284417,4,-1
Es,2279,116.3708207,40.0244543,4,-1
Br,3614,116.623308,40.3353958,4,-1
Br,3615,116.6249004,40.3363,4,-1
Br,3616,116.6247098,40.3386184,4,-1
Br,3617,116.6285038,40.3348074,4,-1
Br,3618,116.6279184,40.3352846,4,-1
Br,3619,116.6243855,40.3307569,4,-1
Br,3620,116.6266814,40.3279989,4,-1
Br,3621,116.6213619,40.3266065,4,-1
Br,3622,116.6244393,40.3265705,4,-1
Br,3623,116.6214636,40.3233439,4,-1
Br,3624,116.6385081,40.3357587,4,-1
Br,3625,116.6545315,40.3146603,4,-1
Br,3626,116.6265936,40.3148893,4,-1
Br,3627,116.6227151,40.3146562,4,-1
Br,3628,116.6250868,40.3131994,4,-1
Br,3629,116.4901767,39.9753913,4,-1
Ci,1880,116.4929576,39.9824228,4,-1
Bj,142,116.4883092,39.9855712,4,-1
As,160,116.4851542,39.9850758,4,-1
Bj,143,116.490253,39.984531,4,-1
Bh,171,116.4894975,39.9752813,4,-1
Bj,144,116.492959,39.9821109,4,-1
Bj,145,116.4931026,39.9830149,4,-1
Br,3630,116.4891879,39.9805958,4,-1
El,7783,116.4086856,39.9215734,4,-1
Ca,387,116.4521455,39.9183807,4,-1
El,7811,116.4395355,39.935174,4,-1
Cn,4061,116.5638865,40.0604826,4,-1
El,7818,116.4750326,39.973929,4,-1
Ci,1890,116.4772692,39.9750579,4,-1
Cn,4063,116.4045346,39.9072795,4,-1
El,7820,116.4508294,39.9180228,4,-1
Ci,1892,116.4878712,39.9824192,4,-1
Br,3631,116.4839004,39.9715994,4,-1
El,7821,116.4919332,39.982867,4,-1
Ci,1893,116.4901677,39.9814096,4,-1
Ci,1894,116.4882639,39.9842491,4,-1
Br,3632,116.493226,39.9724036,4,-1
El,7828,116.4721727,39.9879138,4,-1
Cp,11238,115.7677295,39.6072267,4,-1
Cp,11239,115.767177,39.6089049,4,-1
Ex,551,116.3242274,39.943096,4,-1
Br,3633,116.4936487,39.9759727,4,-1
Ci,1898,116.4728597,39.9706688,4,-1
El,7839,116.4046478,39.9151336,4,-1
El,7861,116.4022615,39.9429132,4,-1
Es,2314,116.4265401,39.9398551,4,-1
El,7869,116.3984377,39.8868551,4,-1
El,7870,116.3919438,39.8910586,4,-1
Cn,4077,116.3425998,39.9748286,4,-1
El,7872,116.3419141,39.9723541,4,-1
Es,2316,116.4236883,39.9398848,4,-1
El,7874,116.4429006,39.9340969,4,-1
El,7886,116.3673334,39.9335945,4,-1
El,7891,116.3668844,39.9288518,4,-1
El,7893,116.3825887,39.9305024,4,-1
El,7894,116.385822,39.9299018,4,-1
El,7896,116.368264,39.9336314,4,-1
Al,1971,116.3876265,39.9399874,4,-1
El,7897,116.3847168,39.9377869,4,-1
El,7898,116.379543,39.9386665,4,-1
Bd,2797,116.2559602,40.0503579,4,-1
El,7909,116.2653502,39.9428935,4,-1
Es,2335,115.9398995,39.6769979,4,-1
Es,2338,117.1510775,40.2459263,4,-1
Es,2339,116.0100386,40.5364338,4,-1
Cn,4101,116.4185416,39.947399,4,-1
Cn,4102,116.4185293,39.9469723,4,-1
Ci,1917,116.4491512,39.9192038,4,-1
Cn,4103,116.4716853,39.9125138,4,-1
El,7955,116.4550803,39.9107597,4,-1
Bd,2816,116.4651834,39.9438643,4,-1
Al,1983,116.4651866,39.9434579,4,-1
El,7972,116.3881893,39.9431269,4,-1
El,7973,116.3930952,39.9247549,4,-1
Cl,68,116.4068348,40.0361987,4,-1
Ci,1922,116.410793,39.9383964,4,-1
Ci,1923,116.3063563,40.012421,4,-1
Ci,1925,116.3879512,39.9395033,4,-1
Al,1986,116.3966702,39.9424534,4,-1
Al,1990,116.4119449,39.8962176,4,-1
El,7988,116.4408275,39.9057212,4,-1
Br,3644,116.6242972,40.3422882,4,-1
Br,3645,116.6277224,40.3404073,4,-1
Br,3646,116.6346093,40.3404383,4,-1
Br,3647,116.6388252,40.3398248,4,-1
Br,3648,116.6246309,40.3509824,4,-1
Br,3649,116.6341064,40.3369185,4,-1
Br,3650,116.639948,40.334422,4,-1
El,8001,116.388205,39.9431567,4,-1
El,8003,116.5453065,40.4102402,4,-1
Br,3651,116.6271838,40.3198229,4,-1
Br,3652,116.6277417,40.320193,4,-1
Br,3653,116.6322583,40.3342807,4,-1
Br,3654,116.6334262,40.332902,4,-1
Br,3655,116.6334545,40.3304604,4,-1
Br,3656,116.6320918,40.3275835,4,-1
Br,3657,116.6362061,40.3272798,4,-1
Br,3658,116.6390478,40.3274099,4,-1
Br,3659,116.6391299,40.3256391,4,-1
Br,3660,116.6388349,40.3233406,4,-1
Br,3661,116.6397904,40.3199846,4,-1
Br,3662,116.6354886,40.3199809,4,-1
Br,3663,116.6339912,40.3202487,4,-1
Br,3664,116.6319392,40.3246179,4,-1
Br,3665,116.6291786,40.3246555,4,-1
Br,3666,116.6247665,40.3244957,4,-1
Br,3667,116.6248651,40.3185056,4,-1
Br,3668,116.6265535,40.3177069,4,-1
Br,3669,116.6292935,40.3177588,4,-1
Br,3670,116.6240434,40.3170926,4,-1
Br,3671,116.6249096,40.3151502,4,-1
Br,3672,116.6294045,40.3149045,4,-1
Br,3673,116.631616,40.3136721,4,-1
Br,3674,116.6299861,40.3117127,4,-1
Br,3675,116.6248839,40.3117057,4,-1
Br,3676,116.6205432,40.3093926,4,-1
Br,3677,116.6201467,40.3034527,4,-1
Br,3678,116.6252895,40.3074274,4,-1
Br,3679,116.6287289,40.3074367,4,-1
Br,3680,116.6331887,40.3089496,4,-1
Br,3681,116.6385592,40.310292,4,-1
Br,3682,116.639295,40.3130696,4,-1
Br,3683,116.6397707,40.3155403,4,-1
Br,3684,116.6392869,40.3169414,4,-1
Br,3685,116.6348962,40.3152055,4,-1
Br,3686,116.6355426,40.3024103,4,-1
Ex,560,116.1533813,39.9395523,4,-1
El,8059,116.2300634,39.9037069,4,-1
Cs,504,116.3780396,39.9876067,4,-1
Bd,2833,116.4110572,39.9333912,4,-1
El,8072,116.2702821,40.0948817,4,-1
Es,2376,115.9766008,40.3329451,4,-1
El,8080,116.2130884,39.9052375,4,-1
Cn,4156,116.2154388,39.9051287,4,-1
Al,2002,116.3143152,39.6677742,4,-1
Fa,1012,116.314196,39.6687292,4,-1
Al,2005,116.4086876,39.9174529,4,-1
Ci,1953,116.4607976,39.9329286,4,-1
Fa,1018,116.3890498,39.9623769,4,-1
Es,2397,116.3938857,39.8816286,4,-1
Ci,1954,116.4322394,39.9583632,4,-1
Es,2400,116.4274961,39.9621654,4,-1
Bd,2864,116.4991818,39.8555783,4,-1
Al,2014,116.4945207,39.8633322,4,-1
Al,2015,116.2839487,39.9969845,4,-1
Ci,1959,116.3967511,39.9423825,4,-1
El,8121,116.4057713,39.932841,4,-1
Al,2016,116.2835556,39.9970841,4,-1
Ci,1961,116.2832798,39.9971274,4,-1
Es,2409,116.2677508,39.9849731,4,-1
Es,2411,116.1703149,39.9906126,4,-1
Es,2418,116.3861234,40.01217,4,-1
Bz,1662,116.4728434,39.9478597,4,-1
Es,2419,116.1868457,40.0093081,4,-1
Es,2420,116.1748698,40.0068381,4,-1
Es,2421,116.1725448,39.9857637,4,-1
Dy,642,116.7574252,40.4782211,4,-1
Es,2422,116.7747917,40.5248781,4,-1
Es,2423,116.1979936,39.9846683,4,-1
Es,2425,116.2610623,39.9921102,4,-1
Es,2426,116.3857109,39.9493125,4,-1
Dj,316,116.3735133,39.893854,4,-1
Es,2427,116.1938107,39.9788507,4,-1
Bt,128,116.7589719,40.48683,4,-1
Es,2429,116.3257941,39.9168082,4,-1
Bz,1663,116.7549736,40.4993503,4,-1
Ab,747,116.2460149,40.0639503,4,-1
El,8148,116.3372854,39.99057,4,-1
El,8155,117.1603956,40.6829515,4,-1
Ci,1968,116.3507903,40.045497,4,-1
Bd,2895,116.3022419,39.968419,4,-1
El,8169,116.3013563,39.969054,4,-1
El,8170,116.3021707,39.968773,4,-1
El,8171,116.3017292,39.9683945,4,-1
El,8172,116.3017228,39.9676174,4,-1
El,8173,116.308944,39.9697478,4,-1
El,8174,116.3091654,39.9697678,4,-1
El,8175,116.310246,39.969449,4,-1
Bd,2898,116.3513898,40.0716736,4,-1
Bd,2903,116.6852233,39.914634,4,-1
Cz,496,116.312685,39.9683215,4,-1
El,8198,116.4100246,40.0577302,4,-1
El,8199,116.3605583,40.0396557,4,-1
Dl,711,116.361939,39.952433,4,-1
Br,3710,116.3997251,39.9262483,4,-1
El,8215,116.3946714,40.0031683,4,-1
Al,2037,116.2892621,39.9710705,4,-1
Cz,499,116.3848715,39.9187643,4,-1
Al,2038,116.2892965,39.972071,4,-1
El,8222,116.4005875,39.9398753,4,-1
At,3019,116.4384512,39.9333482,4,-1
Dw,115,116.472885,39.9847473,4,-1
Bd,2919,116.3969683,39.933927,4,-1
Du,160,116.3797275,39.975403,4,-1
Ci,1986,116.3993362,39.9396437,4,-1
Eu,678,116.4257387,39.9820517,4,-1
El,8230,116.442536,39.9394927,4,-1
Al,2050,116.4337869,39.9678848,4,-1
At,3024,116.3846539,39.9537961,4,-1
Ci,1988,116.420152,39.916933,4,-1
El,8251,116.3476606,39.9991761,4,-1
El,8257,116.4081971,39.9204591,4,-1
Al,2055,116.458016,39.9491784,4,-1
El,8258,116.4568016,39.9470305,4,-1
Al,2056,116.4214897,39.9025448,4,-1
Al,2057,116.4206427,39.9023999,4,-1
Cn,4417,116.4901075,39.9140277,4,-1
El,8262,116.4242482,39.9399553,4,-1
Fd,214,116.3935977,39.9246925,4,-1
As,164,116.3881645,39.8948374,4,-1
El,8275,116.4580749,39.9953571,4,-1
Es,2501,116.1448632,39.9921556,4,-1
Bd,2929,116.3881783,39.8948005,4,-1
Bd,2930,116.3880865,39.8948236,4,-1
El,8279,116.3878409,39.8947512,4,-1
Bd,2931,116.387765,39.8947319,4,-1
Bz,1717,116.3868761,39.8944513,4,-1
Fa,1053,116.4327029,39.9704016,4,-1
El,8293,116.3968426,39.9362254,4,-1
Eu,682,116.3871001,39.8945336,4,-1
Du,161,116.3864305,39.8943205,4,-1
Bd,2939,116.385131,39.893942,4,-1
El,8295,116.3848928,39.8938681,4,-1
Fa,1054,116.3859079,39.8942523,4,-1
Bd,2940,116.3858022,39.8942265,4,-1
Bz,1721,116.2115572,40.195501,4,-1
Bz,1722,116.224594,40.2102279,4,-1
Ci,2011,116.6528131,39.8873701,4,-1
Al,2067,116.6530517,39.8873436,4,-1
Ci,2012,116.650398,39.8887538,4,-1
Bd,2944,116.6502656,39.8887683,4,-1
Al,2068,116.6505263,39.8887175,4,-1
El,8309,116.3878658,39.8948414,4,-1
Du,162,116.3836873,39.8936541,4,-1
El,8310,116.3844027,39.8938737,4,-1
Ci,2018,116.3869158,39.8945628,4,-1
Ci,2019,116.3862206,39.894224,4,-1
Du,163,116.3865124,39.8943335,4,-1
Ex,585,116.454785,39.804401,4,-1
El,8315,116.396646,39.81192,4,-1
El,8316,116.3967783,39.8118318,4,-1
Ci,2020,116.3911733,39.9394053,4,-1
El,8319,116.4503629,39.7992588,4,-1
Bd,2945,116.4260876,39.9203105,4,-1
Dn,331,116.44072,39.877955,4,-1
Al,2071,116.4497224,39.8754807,4,-1
El,8321,116.3698489,39.9411923,4,-1
El,8322,116.3664255,39.9463813,4,-1
El,8323,116.3665679,39.9459321,4,-1
El,8324,116.366949,39.9460244,4,-1
El,8325,116.3678598,39.9456399,4,-1
El,8326,116.3664154,39.9456061,4,-1
El,8327,116.3664367,39.9451271,4,-1
El,8328,116.3670748,39.945084,4,-1
El,8330,116.3664649,39.9448142,4,-1
El,8331,116.3668872,39.9445192,4,-1
El,8332,116.3688437,39.9447243,4,-1
El,8333,116.3665212,39.9437134,4,-1
El,8334,116.3664977,39.9432818,4,-1
El,8336,116.3664883,39.9430731,4,-1
El,8337,116.3664367,39.942904,4,-1
El,8339,116.3663757,39.9427062,4,-1
El,8340,116.3664743,39.9425731,4,-1
El,8341,116.3666244,39.9418068,4,-1
El,8342,116.3665869,39.94135,4,-1
El,8343,116.3667699,39.9403031,4,-1
El,8344,116.3671875,39.9404398,4,-1
El,8345,116.3676942,39.9406557,4,-1
El,8346,116.3689,39.9411557,4,-1
El,8347,116.372846,39.9415827,4,-1
El,8348,116.372846,39.9419388,4,-1
El,8349,116.3729868,39.9424424,4,-1
El,8350,116.3730053,39.9431503,4,-1
El,8351,116.3736636,39.9439779,4,-1
El,8352,116.3738391,39.9443749,4,-1
El,8353,116.3742867,39.9431435,4,-1
El,8354,116.3743569,39.9434531,4,-1
El,8355,116.375805,39.9446642,4,-1
El,8356,116.3761385,39.9455322,4,-1
El,8358,116.375568,39.9458753,4,-1
El,8359,116.3738057,39.9455417,4,-1
El,8360,116.3679766,39.9468866,4,-1
El,8361,116.3734423,39.9424132,4,-1
El,8362,116.3732667,39.9414039,4,-1
El,8363,116.3735564,39.941128,4,-1
El,8364,116.3751975,39.9405762,4,-1
El,8365,116.3769693,39.9406177,4,-1
El,8366,116.3769693,39.9398641,4,-1
El,8367,116.3782197,39.9386347,4,-1
El,8368,116.3785798,39.9374659,4,-1
El,8369,116.3799001,39.9386347,4,-1
El,8370,116.3803322,39.9384415,4,-1
El,8371,116.3822407,39.9382666,4,-1
El,8372,116.3819886,39.937199,4,-1
El,8373,116.3790839,39.934935,4,-1
El,8374,116.3802962,39.9340331,4,-1
El,8375,116.3820394,39.9325169,4,-1
El,8376,116.3821626,39.9339807,4,-1
El,8377,116.3825013,39.9326192,4,-1
El,8378,116.38323,39.9326034,4,-1
El,8379,116.38323,39.934382,4,-1
El,8380,116.3839895,39.9347991,4,-1
El,8381,116.3846666,39.9341173,4,-1
El,8382,116.3846947,39.9337513,4,-1
El,8383,116.3849533,39.9350453,4,-1
El,8384,116.3855228,39.9355488,4,-1
El,8385,116.3871752,39.9366675,4,-1
El,8386,116.3869231,39.9365295,4,-1
El,8387,116.3866218,39.9372243,4,-1
Ci,2024,116.3872171,39.9373502,4,-1
El,8388,116.3869502,39.9374446,4,-1
El,8389,116.3806549,39.9432949,4,-1
El,8390,116.3816796,39.9421434,4,-1
El,8391,116.3812725,39.9417882,4,-1
El,8392,116.3823814,39.9421972,4,-1
El,8393,116.3819042,39.9418851,4,-1
El,8394,116.3849923,39.9403138,4,-1
El,8395,116.3856801,39.9386456,4,-1
El,8396,116.3859749,39.9387855,4,-1
El,8397,116.386382,39.9388071,4,-1
El,8398,116.3859047,39.9391515,4,-1
El,8399,116.3863539,39.9394098,4,-1
El,8400,116.3866346,39.9381505,4,-1
El,8401,116.3871821,39.9379245,4,-1
El,8402,116.386776,39.9378716,4,-1
El,8403,116.3895964,39.9381936,4,-1
El,8404,116.389428,39.9380214,4,-1
El,8405,116.3890209,39.9383335,4,-1
El,8406,116.3880664,39.9384196,4,-1
El,8407,116.3881647,39.9375155,4,-1
El,8408,116.3896947,39.9352984,4,-1
El,8409,116.3897244,39.9339953,4,-1
El,8410,116.388906,39.93452,4,-1
El,8411,116.3885035,39.9341599,4,-1
El,8412,116.388584,39.9331724,4,-1
El,8413,116.3895768,39.9330386,4,-1
El,8414,116.3898049,39.9326992,4,-1
El,8415,116.3897512,39.932514,4,-1
El,8416,116.3896305,39.9322568,4,-1
El,8417,116.3872156,39.9324214,4,-1
El,8418,116.3868265,39.9326683,4,-1
El,8424,116.4375132,39.9047082,4,-1
Es,2538,116.6777068,40.3991113,4,-1
El,8430,116.5586343,39.9129957,4,-1
Dn,333,116.551875,39.9134345,4,-1
Ex,587,116.5513497,39.9133647,4,-1
El,8431,116.548677,39.9133022,4,-1
El,8433,116.3921555,39.934989,4,-1
El,8434,116.3921123,39.9350256,4,-1
Dc,1376,116.3098469,39.968115,4,-1
El,8449,116.3032758,39.9709927,4,-1
Bd,2958,116.3074601,39.9669164,4,-1
El,8450,116.3077873,39.9669514,4,-1
Cz,529,116.3087422,39.9702589,4,-1
Fa,1056,116.3132872,39.9684397,4,-1
El,8452,116.3050729,39.9733525,4,-1
El,8453,116.4200964,39.9186169,4,-1
At,3045,116.3236881,39.9329118,4,-1
At,3052,116.298174,39.9830467,4,-1
El,8473,116.4003177,39.9146171,4,-1
Cn,4468,116.3478345,40.0406408,4,-1
Ci,2049,116.5104522,39.9197349,4,-1
Ci,2050,116.389017,39.9167594,4,-1
Cn,4471,116.3998372,40.0015255,4,-1
El,8476,116.4440921,39.9471416,4,-1
Cn,4473,116.339772,39.9528979,4,-1
Bd,2974,116.33953,39.9528633,4,-1
Ci,2053,116.3934361,39.9242726,4,-1
Ef,556,116.6690888,40.4059135,4,-1
Es,2573,116.0634227,40.0535072,4,-1
El,8490,116.3935303,39.9342217,4,-1
Dj,324,116.3730937,40.0118502,4,-1
Dj,325,116.3737098,40.0116189,4,-1
Dj,326,116.3731957,40.0114308,4,-1
Dy,646,116.3720373,40.0122899,4,-1
Dj,327,116.3742717,40.0116997,4,-1
Es,2577,116.3745476,40.0105863,4,-1
Dj,328,116.3750381,40.0104888,4,-1
Dj,329,116.3722228,40.0107702,4,-1
Dj,330,116.374145,40.0118172,4,-1
Dy,647,116.3747632,40.0102064,4,-1
Dj,331,116.3763822,40.0114158,4,-1
Dj,332,116.3760918,40.0119109,4,-1
Es,2579,116.3726606,40.0107019,4,-1
Dj,333,116.3738783,40.0105451,4,-1
Es,2580,116.3739731,40.0106062,4,-1
Dj,334,116.3745917,40.0108309,4,-1
Dj,335,116.3752765,40.0113263,4,-1
Dj,336,116.3771166,40.0118334,4,-1
Dy,648,116.3775797,40.0092704,4,-1
Dj,337,116.3789971,40.0099873,4,-1
Es,2581,116.3725465,40.01081,4,-1
Dj,338,116.3735817,40.0113936,4,-1
Eu,686,116.3590519,40.0159439,4,-1
Bd,2980,116.3203223,39.8852739,4,-1
Ci,2059,116.4492896,39.9411561,4,-1
Ci,2060,116.3935302,39.9394072,4,-1
Ci,2061,116.4073171,39.9470784,4,-1
Ci,2062,116.3891781,39.9347596,4,-1
Ci,2066,116.3861619,39.8932243,4,-1
Ci,2067,116.356865,39.9149848,4,-1
El,8507,116.4086563,39.9470156,4,-1
Ex,593,116.3887001,39.9007814,4,-1
El,8510,116.4362153,39.9626058,4,-1
Al,2098,116.8394198,40.3734213,4,-1
Ab,768,116.8358905,40.3686213,4,-1
Ci,2079,116.4469347,39.9314997,4,-1
Ci,2080,116.6081259,40.0549339,4,-1
Ci,2081,116.6094986,40.0552578,4,-1
Al,2105,116.4010972,40.0028502,4,-1
Al,2107,116.4848829,39.9693766,4,-1
Ci,2085,116.4860641,39.9691581,4,-1
Cn,4497,116.4834227,39.9687985,4,-1
El,8561,116.4350001,40.2407468,4,-1
Dy,651,116.4759214,39.9660718,4,-1
Dy,652,116.4761044,39.9660017,4,-1
El,8572,116.4364203,40.2324808,4,-1
Al,2109,116.4891676,39.9607118,4,-1
Ci,2092,116.4049059,39.9428023,4,-1
Es,2600,116.391926,39.8933831,4,-1
Ed,354,116.4392496,40.2567315,4,-1
El,8607,116.4382759,40.2415999,4,-1
Az,80,116.3654338,40.0103486,4,-1
El,8665,116.3473182,39.9182095,4,-1
El,8666,116.1893505,39.9947345,4,-1
Al,2115,116.3234228,39.9378029,4,-1
Al,2116,116.3274039,39.9263768,4,-1
Es,2629,116.3917816,39.896922,4,-1
Es,2635,116.3804263,39.9343634,4,-1
Es,2636,116.4109087,39.9436517,4,-1
Az,81,116.4119979,40.1800616,4,-1
Bz,1759,116.379883,39.9439787,4,-1
Dy,675,116.4347102,40.2491844,4,-1
Ci,2110,116.3872717,39.9372403,4,-1
Bh,196,116.3053733,39.9705385,4,-1
Ex,601,116.3056549,39.9691941,4,-1
Cz,549,116.3091713,39.9694428,4,-1
Dl,751,116.4190696,39.917204,4,-1
Eu,700,116.3754082,39.9317468,4,-1
Dj,339,116.416549,39.9368422,4,-1
Es,2664,116.3002763,39.9227285,4,-1
Es,2665,116.3658682,39.884635,4,-1
Es,2666,116.4492262,39.9352006,4,-1
El,8703,116.4065777,40.0735979,4,-1
Cn,4531,116.3025401,39.9796364,4,-1
Cn,4532,116.3075411,39.9770432,4,-1
By,158,116.3782947,39.8876839,4,-1
Es,2731,115.8387025,39.6949374,4,-1
El,8740,116.4957408,39.8026061,4,-1
El,8756,116.3335173,39.9466141,4,-1
El,8757,116.3671522,39.9563251,4,-1
Ci,2129,116.367431,39.9563251,4,-1
Eu,710,116.3935405,39.9618472,4,-1
El,8758,116.4090039,39.9904987,4,-1
Eu,711,116.3754069,39.9770263,4,-1
Cn,4549,116.3261587,39.8657488,4,-1
El,8783,116.3876142,39.9434788,4,-1
El,8800,116.4315433,40.0276004,4,-1
At,3114,116.3187353,39.9542047,4,-1
Es,2766,116.0588575,40.2885194,4,-1
El,8814,116.4663074,39.8714318,4,-1
Ab,779,116.1060961,39.8950601,4,-1
El,8824,116.4470934,39.9445155,4,-1
Dx,3535,116.3311707,39.9610356,4,-1
Es,2772,116.402343,39.8957533,4,-1
Ci,2149,116.1100795,40.088972,4,-1
Az,82,116.4543017,39.9778724,4,-1
By,159,116.3915965,39.8825061,4,-1
El,8836,116.3882918,39.8853485,4,-1
El,8837,116.3881143,39.8857999,4,-1
El,8838,116.3881073,39.8857819,4,-1
Dl,766,116.4377592,39.9355931,4,-1
El,8840,116.2999078,39.9828621,4,-1
El,8841,116.302742,39.9805998,4,-1
Al,2147,116.3018368,39.9815668,4,-1
El,8842,116.3027189,39.980783,4,-1
El,8843,116.3029307,39.9807902,4,-1
Es,2778,117.2144195,40.6913405,4,-1
Es,2779,117.1748276,40.6930167,4,-1
Es,2780,117.1692941,40.694826,4,-1
Dc,1438,116.3455796,39.8715443,4,-1
Dc,1439,116.4250427,39.8868458,4,-1
Dc,1440,116.4011389,39.903144,4,-1
El,8851,116.453599,39.9130285,4,-1
Bd,3069,116.5490883,40.1109836,4,-1
El,8856,116.5492976,40.1107087,4,-1
El,8857,116.5513168,40.1067539,4,-1
Cn,4569,116.2371354,40.0708529,4,-1
El,8860,116.2372533,40.0706849,4,-1
Ci,2153,116.4321138,39.9392194,4,-1
El,8863,116.396731,39.9437516,4,-1
El,8864,116.3969496,39.9416017,4,-1
El,8866,116.4681537,39.9479839,4,-1
El,8872,116.4201481,39.9163989,4,-1
Dy,682,116.5614036,40.4368812,4,-1
Cz,569,116.5593906,40.4402598,4,-1
Es,2805,116.2905169,40.0018877,4,-1
Ef,577,116.2886629,40.0019342,4,-1
Es,2806,116.2905356,40.002875,4,-1
Es,2807,116.2884014,40.0037908,4,-1
Es,2808,116.2882333,40.004703,4,-1
Es,2809,116.2894568,40.0054721,4,-1
Es,2810,116.2904329,40.0057582,4,-1
Es,2811,116.2924223,40.0025531,4,-1
Es,2812,116.2949207,40.0027749,4,-1
Es,2813,116.2938653,40.0047996,4,-1
Es,2814,116.2919332,40.0037768,4,-1
Es,2815,116.3012381,40.0056763,4,-1
Es,2816,116.3003945,40.0057796,4,-1
Es,2817,116.2863976,40.0033126,4,-1
Es,2818,116.2866903,40.0055691,4,-1
Es,2819,116.287379,40.0063183,4,-1
Es,2820,116.285734,40.0083064,4,-1
Es,2821,116.2836944,40.0087454,4,-1
Es,2822,116.2841011,40.006055,4,-1
Es,2823,116.287687,40.009333,4,-1
Es,2824,116.2901938,40.0091076,4,-1
Es,2825,116.2921357,40.0081981,4,-1
Es,2826,116.2856421,40.0102567,4,-1
Es,2827,116.2892663,40.0105387,4,-1
Es,2828,116.2883602,40.0115362,4,-1
Es,2829,116.2941957,40.0102201,4,-1
Es,2830,116.2982726,40.0081328,4,-1
El,8881,116.4065493,39.9933738,4,-1
El,8882,116.4038666,39.9933749,4,-1
El,8889,116.433699,39.9222396,4,-1
Cn,4581,116.314246,39.9091378,4,-1
Bf,647,116.6144084,39.8540293,4,-1
Bt,146,116.4431997,39.9391321,4,-1
El,8897,116.442856,39.9394865,4,-1
Cn,4583,116.4432213,39.9394937,4,-1
As,167,116.443785,39.9389012,4,-1
El,8912,116.4569189,40.0080141,4,-1
Ef,579,116.3535974,39.9628902,4,-1
Bd,3091,116.4977645,39.7682809,4,-1
Dy,684,116.4573039,40.0079934,4,-1
Dy,685,116.4572341,40.0093349,4,-1
Dy,686,116.4572261,40.0092404,4,-1
Dy,687,116.4576204,40.009263,4,-1
Fa,1096,116.4578832,40.0093554,4,-1
Eu,715,116.4562225,40.0078007,4,-1
El,8929,116.4663541,39.9834541,4,-1
Al,2175,116.3025343,39.856452,4,-1
Ci,2181,116.4041432,39.9086888,4,-1
Bh,201,116.4324669,39.9325903,4,-1
Bd,3123,116.5081633,39.9153042,4,-1
El,9072,116.5086836,39.9154687,4,-1
El,9073,116.5118915,39.9158384,4,-1
Al,2188,116.508697,39.9147945,4,-1
Al,2189,116.510395,39.9149976,4,-1
El,9076,116.3556126,39.9841977,4,-1
Bd,3125,116.3469843,39.8623555,4,-1
Dn,352,116.3473961,39.8650089,4,-1
El,9078,116.348241,39.8688553,4,-1
El,9079,116.3477233,39.8691106,4,-1
El,9086,116.3430012,39.9922685,4,-1
Bd,3131,116.2779577,39.9562823,4,-1
Cn,4612,116.2784835,39.958667,4,-1
Cn,4613,116.2784342,39.9599726,4,-1
Cn,4614,116.2738662,39.9598761,4,-1
Aw,700,116.2737786,39.9605562,4,-1
Bd,3132,116.2737403,39.9611271,4,-1
El,9089,116.2740052,39.9590171,4,-1
El,9090,116.2751357,39.9550855,4,-1
El,9091,116.2989355,39.9796183,4,-1
Cn,4615,116.2725543,39.9526806,4,-1
El,9092,116.2706196,39.9548664,4,-1
El,9093,116.2747111,39.9504312,4,-1
Bd,3134,116.2787928,39.9497649,4,-1
El,9094,116.278782,39.9499644,4,-1
El,9095,116.2464275,39.9796803,4,-1
El,9096,116.2467171,39.97811,4,-1
El,9099,116.3493454,39.9813767,4,-1
El,9101,116.3861356,39.8935034,4,-1
El,9102,116.2515349,39.9727224,4,-1
Bd,3137,116.2801825,39.9566256,4,-1
El,9103,116.2826558,39.9596971,4,-1
El,9104,116.282495,39.9578838,4,-1
El,9105,116.2819294,39.9578838,4,-1
Ct,384,116.5012982,39.9308901,4,-1
Fa,1114,116.3216132,40.0632342,4,-1
Es,2900,116.3117231,40.0530835,4,-1
Ct,385,116.714372,39.9443252,4,-1
Bh,202,116.3998747,39.918614,4,-1
El,9117,116.3999323,39.9175649,4,-1
El,9118,116.3999256,39.9178279,4,-1
Ci,2207,116.4353888,39.9401605,4,-1
Al,2216,116.3300139,40.0351475,4,-1
El,9123,116.326824,40.0393637,4,-1
Cn,4627,116.3297461,40.0355432,4,-1
El,9127,116.4121238,39.9395963,4,-1
El,9128,116.4241383,39.9324823,4,-1
Bz,1866,116.0790737,40.1118119,4,-1
Bz,1867,116.0758538,40.1103637,4,-1
Bz,1868,116.079099,40.1072086,4,-1
Es,2907,116.0812571,40.1148088,4,-1
Ci,2216,116.4502767,39.9158056,4,-1
At,3203,116.4472838,39.8818482,4,-1
At,3204,116.4485015,39.8814406,4,-1
Ct,388,116.4075172,40.0300756,4,-1
Al,2224,116.4140668,39.8850104,4,-1
El,9174,116.3033353,40.0508052,4,-1
Ab,812,116.6370193,40.3603736,4,-1
Cn,4636,116.6549373,40.3599364,4,-1
Bd,3156,116.634296,40.3347322,4,-1
Ct,389,116.6353465,40.3408607,4,-1
El,9176,116.6362974,40.3401244,4,-1
Al,2225,116.4111212,39.9417945,4,-1
El,9199,116.4403165,39.9056886,4,-1
El,9223,116.4304408,39.9338139,4,-1
Eu,738,116.4326589,39.9325834,4,-1
El,9224,116.3777893,39.9033592,4,-1
El,9225,116.4347288,39.932612,4,-1
El,9226,116.4304509,39.933632,4,-1
El,9228,116.3736301,39.9786814,4,-1
El,9237,116.3924632,40.1743283,4,-1
Bd,3180,116.3978317,40.175091,4,-1
El,9238,116.3993308,40.175274,4,-1
Dj,360,116.2029021,39.9978689,5,-1
Dj,361,116.2009354,39.9992372,5,-1
Dy,710,116.2006212,40.0001268,5,-1
Cp,11694,116.616941,40.4230529,5,-1
Dy,712,116.1948615,39.9970098,5,-1
Dy,713,116.1942379,39.9968868,5,-1
Dj,362,116.2032315,40.0001412,5,-1
Dj,363,116.2005078,39.9957711,5,-1
Dj,364,116.2052015,40.0005303,5,-1
Dj,365,116.2056291,40.0001292,5,-1
Dj,366,116.2048932,40.0008133,5,-1
Dj,367,116.2048327,40.0000658,5,-1
Cz,595,116.3430305,39.982005,5,-1
Cz,596,116.34348,39.9825016,5,-1
Fa,1124,116.3415571,39.9816769,5,-1
Dy,714,116.18525,39.9898859,5,-1
Ci,2233,116.1926379,39.9905193,5,-1
Ef,604,116.4760617,39.9897489,5,-1
Fa,1127,116.5634935,40.0029429,5,-1
El,9291,116.4629695,39.9914659,5,-1
Ci,2236,116.5097401,39.9275223,5,-1
Ci,2238,116.3968567,39.9402048,5,-1
Ci,2239,116.4897349,39.9814694,5,-1
El,9296,116.1391603,39.8958184,5,-1
El,9297,116.1390647,39.8956178,5,-1
El,9298,116.1391667,39.8967043,5,-1
Bz,1893,116.026903,39.8976754,5,-1
Az,85,116.4766634,39.9857983,5,-1
El,9302,116.4202594,39.9158615,5,-1
Es,2985,117.2617746,40.644662,5,-1
El,9304,116.3976745,39.9387436,5,-1
Cz,598,116.3445791,39.9819225,5,-1
Bd,3196,116.3085101,39.9945849,5,-1
Bd,3197,116.3329751,39.9907592,5,-1
Al,2248,116.5953228,39.9006315,5,-1
Al,2249,116.5913378,39.9102425,5,-1
Cn,4668,116.5929583,39.9117971,5,-1
El,9328,116.6645867,40.292067,5,-1
Bd,3199,116.5964827,39.8989295,5,-1
At,3245,116.6030758,39.8968409,5,-1
At,3246,116.6076457,39.9100841,5,-1
El,9342,116.3777665,39.9711468,5,-1
Al,2263,116.5856557,39.9139565,5,-1
El,9355,116.4788871,40.1280388,5,-1
Bd,3206,116.4258436,39.8926043,5,-1
Cn,4676,116.4219502,39.8926305,5,-1
El,9364,116.4120531,39.8923739,5,-1
Cn,4677,116.4082382,39.8919287,5,-1
Al,2274,116.4120752,39.8924821,5,-1
Cn,4678,116.595431,39.8979938,5,-1
El,9377,116.5963851,39.8994028,5,-1
Fa,1129,116.5981114,39.9011417,5,-1
El,9378,116.595358,39.9004925,5,-1
Cn,4679,116.6509882,39.8984729,5,-1
Eu,743,116.6514028,39.89825,5,-1
Al,2276,116.5896197,39.911145,5,-1
Bd,3210,116.5902742,39.9113134,5,-1
Cn,4680,116.584742,39.9176691,5,-1
Br,3796,116.6259434,39.9038205,5,-1
El,9436,116.2751845,39.954921,5,-1
At,3262,116.6312201,39.8141435,5,-1
Cn,4709,116.2986263,40.0445088,5,-1
Ci,2281,116.4046658,39.9145315,5,-1
Al,2296,116.3480433,39.9806539,5,-1
Ca,423,116.4153462,39.8581654,5,-1
Ca,424,116.415362,39.8578758,5,-1
Ab,830,116.3996054,39.9377772,5,-1
At,3275,116.3953148,39.9370289,5,-1
At,3276,116.399315,39.9369978,5,-1
Cn,4752,116.2944061,39.9231598,5,-1
Cn,4753,116.2941296,39.9232565,5,-1
At,3290,116.3981975,39.9377634,5,-1
Dl,893,116.2645423,40.0203897,5,-1
Es,3072,116.389242,39.9143252,5,-1
Es,3073,116.3927531,39.9232417,5,-1
El,9658,116.3962243,39.9454818,5,-1
El,9701,116.3863683,39.8935978,5,-1
El,9703,116.4411678,39.9571836,5,-1
El,9704,116.4488479,39.930786,5,-1
Bd,3274,116.4953008,39.9377552,5,-1
El,9722,116.425761,39.9310117,5,-1
At,3339,116.469849,40.002123,5,-1
At,3340,116.3206156,39.7455352,5,-1
El,9745,116.3176698,39.7468053,5,-1
El,9746,116.3177017,39.7466061,5,-1
El,9747,116.3176886,39.7467133,5,-1
El,9748,116.3176829,39.7466985,5,-1
El,9749,116.3176886,39.7466663,5,-1
El,9750,116.4576739,39.9999509,5,-1
El,9753,116.3252544,39.748627,5,-1
El,9754,116.3250325,39.7486142,5,-1
El,9755,116.3248325,39.74861,5,-1
El,9756,116.3227988,39.7486779,5,-1
Bd,3285,116.3235071,39.7486718,5,-1
Cn,4792,116.3240924,39.7490267,5,-1
El,9757,116.310909,39.7556634,5,-1
El,9758,116.3112046,39.7558441,5,-1
Aw,743,116.4032967,40.0708928,5,-1
Bd,3286,116.4042009,40.0699021,5,-1
El,9763,116.405126,40.069846,5,-1
El,9764,116.4050456,40.0698383,5,-1
El,9765,116.4066401,40.0735756,5,-1
El,9766,116.4066693,40.0737328,5,-1
El,9767,116.4066849,40.0737868,5,-1
Bd,3287,116.4065287,40.0732427,5,-1
El,9768,116.4272608,39.9584957,5,-1
Cp,11762,115.9777111,40.3346571,5,-1
El,9770,116.4032764,40.0729995,5,-1
El,9771,116.3081007,39.7538145,5,-1
El,9772,116.3111499,39.7563343,5,-1
El,9773,116.3112124,39.755969,5,-1
Fa,1144,116.3085867,39.7557481,5,-1
Bd,3289,116.4046106,40.0698536,5,-1
El,9774,116.4046734,40.0698601,5,-1
Fb,68,116.4046786,40.0699026,5,-1
At,3345,116.4047594,40.0698505,5,-1
At,3346,116.4045988,40.0698987,5,-1
El,9775,116.4044293,40.0698513,5,-1
At,3347,116.4043388,40.0698826,5,-1
At,3348,116.4043429,40.069856,5,-1
El,9777,116.4093126,40.0687473,5,-1
El,9778,116.408292,40.0687603,5,-1
El,9779,116.4081757,40.0690098,5,-1
El,9780,116.4097095,40.0689252,5,-1
El,9781,116.408428,40.0689968,5,-1
Ct,420,116.4032869,40.0699412,5,-1
El,9782,116.4554351,39.9992102,5,-1
El,9783,116.457709,39.9999857,5,-1
Ax,33,116.4572474,40.0003258,5,-1
Cn,4793,116.4621953,40.0032273,5,-1
Cn,4794,116.4502057,39.99595,5,-1
Cn,4795,116.4508473,39.9960231,5,-1
Cn,4796,116.4507444,39.9952879,5,-1
Cn,4797,116.4517781,39.9949609,5,-1
Eu,771,116.4478738,39.9952508,5,-1
Bd,3290,116.3083357,39.7512527,5,-1
El,9784,116.3082482,39.7514326,5,-1
El,9785,116.3084228,39.7514284,5,-1
El,9786,116.3086225,39.751293,5,-1
Eu,772,116.3084598,39.7512569,5,-1
Al,2339,116.3088563,39.7512373,5,-1
El,9787,116.3104912,39.7518468,5,-1
El,9788,116.3105,39.751468,5,-1
El,9789,116.311409,39.7520961,5,-1
El,9790,116.3112327,39.7518631,5,-1
El,9791,116.3161648,39.7465079,5,-1
El,9793,116.3212232,39.7882884,5,-1
El,9794,116.3216794,39.7880394,5,-1
Al,2340,116.3214993,39.7874233,5,-1
Cj,436,116.320443,39.7855841,5,-1
El,9795,116.3193339,39.7866134,5,-1
El,9796,116.3193411,39.7865175,5,-1
El,9797,116.320155,39.7877184,5,-1
El,9798,116.3199317,39.7875875,5,-1
El,9799,116.3204094,39.7860268,5,-1
El,9800,116.3200949,39.7853627,5,-1
Al,2341,116.3193603,39.7861246,5,-1
Cn,4802,116.3195236,39.7851506,5,-1
Cn,4803,116.3246621,39.7612847,5,-1
Al,2342,116.3256489,39.7368426,5,-1
El,9801,116.3255081,39.7365597,5,-1
El,9802,116.3256307,39.7369649,5,-1
Al,2343,116.3257562,39.7310583,5,-1
Ci,2320,116.4505807,39.9310693,5,-1
El,9823,116.4576094,39.9762478,5,-1
Fa,1150,116.3921687,39.9425966,5,-1
Cn,4820,116.4015564,39.9694854,5,-1
Dl,898,116.3889959,39.8920255,5,-1
Al,2352,116.6371611,39.8875074,5,-1
Ed,376,116.2744099,39.9560715,5,-1
Cs,1606,116.281734,39.9635714,5,-1
Cs,1607,116.2813855,39.9634987,5,-1
Eu,776,116.2748167,39.9566657,5,-1
Cn,4827,116.2747849,39.9569388,5,-1
Dl,899,116.3958357,39.9264614,5,-1
El,9847,116.4132849,39.9382423,5,-1
El,9848,116.3879119,39.9423638,5,-1
Es,3140,116.3947795,39.9248864,5,-1
El,9849,116.4522114,39.9049592,5,-1
El,9850,116.3670426,39.9085085,5,-1
El,9851,116.4109278,39.9342816,5,-1
El,9852,116.4056988,39.9136572,5,-1
El,9854,116.403848,39.92607,5,-1
El,9855,116.4647675,39.8988149,5,-1
Fa,1155,116.4039085,39.9857773,5,-1
El,9857,116.3236398,39.7486921,5,-1
El,9858,116.3188063,39.7483783,5,-1
Dj,387,116.3216475,39.7470204,5,-1
Dj,388,116.3210077,39.7464237,5,-1
Dj,389,116.319223,39.7453099,5,-1
Dj,390,116.3184222,39.746584,5,-1
Dj,391,116.3179024,39.7463352,5,-1
Dj,392,116.3179196,39.7471808,5,-1
Dj,393,116.3194119,39.7471557,5,-1
Dj,394,116.3197017,39.7484425,5,-1
Dj,395,116.3210926,39.7482323,5,-1
Dj,396,116.321827,39.7482799,5,-1
Dj,397,116.3210369,39.7485637,5,-1
Ci,2336,116.2515648,39.974789,5,-1
El,9881,116.2516188,39.9754857,5,-1
Es,3145,117.2507085,40.2121218,5,-1
Al,2359,116.4945774,39.8640667,5,-1
El,9892,116.3195883,39.7855185,5,-1
El,9893,116.3196054,39.7854651,5,-1
Cn,4833,116.3196734,39.7852581,5,-1
El,9894,116.3208727,39.7871307,5,-1
Es,3153,116.4035647,39.917217,5,-1
El,9896,116.4180818,39.8838769,5,-1
El,9897,116.4531532,39.9234484,5,-1
El,9898,116.3872584,39.8982866,5,-1
Ci,2358,116.3822263,39.8917195,5,-1
Cn,4837,116.311377,39.7518754,5,-1
Es,3156,116.3698794,39.8883165,5,-1
El,9902,116.6089166,40.0555413,5,-1
Cn,4841,116.3491148,39.9803922,5,-1
Aw,747,116.3385361,39.9805217,5,-1
Cn,4842,116.3385308,39.9806265,5,-1
El,9919,116.4119098,39.8949217,5,-1
El,9928,116.4494402,39.9297549,5,-1
Cz,631,116.6243953,40.3763271,5,-1
Ar,157,116.6194568,40.3842664,5,-1
Ar,158,116.6271448,40.3793627,5,-1
El,9944,116.415726,39.8998843,5,-1
El,9945,116.3672083,39.9094631,5,-1
El,9947,116.2454676,39.9749319,5,-1
El,9948,116.2453518,39.9749029,5,-1
Al,2372,116.2449927,39.9747541,5,-1
El,9949,116.2457257,39.9748993,5,-1
Bz,1998,116.2582013,39.98015,5,-1
Ed,381,116.2513233,39.9746548,5,-1
Ax,35,116.2495788,39.9732246,5,-1
El,9951,116.4057361,39.9342616,5,-1
Es,3180,116.2737354,39.9974,5,-1
Ci,2372,116.4446792,39.907527,5,-1
Aw,750,116.4001052,39.8999219,5,-1
Bd,3327,116.6922215,39.8699007,5,-1
Al,2376,116.3891534,39.8982807,5,-1
Al,2377,116.3888343,39.898293,5,-1
El,9969,116.4486957,39.9333735,5,-1
Ex,649,116.5816145,40.0244693,5,-1
Al,2381,116.3971282,39.9228044,5,-1
Bh,212,116.4449363,39.8808192,5,-1
Es,3188,116.1665758,39.9068728,5,-1
El,9989,116.4110984,39.9289196,5,-1
El,9991,116.3104525,39.7518501,5,-1
El,9992,116.3082907,39.7514315,5,-1
Ci,2380,116.3093957,39.7514584,5,-1
El,10008,116.4610467,40.0010564,5,-1
Ci,2384,116.4647383,40.0043616,5,-1
El,10010,116.3843128,39.8925116,5,-1
El,10022,116.397154,39.9229201,5,-1
El,10028,116.3963529,39.9394747,5,-1
Es,3200,116.2903235,40.0077862,5,-1
Es,3201,116.2958151,40.0104429,5,-1
Es,3202,116.3004276,40.0117458,5,-1
Es,3203,116.309107,40.0121822,5,-1
Es,3204,116.303739,40.0118973,5,-1
Es,3205,116.3065795,40.0123924,5,-1
Es,3206,116.3019642,40.0115385,5,-1
Es,3207,116.3028001,40.011642,5,-1
El,10031,116.4516532,39.935105,5,-1
At,3419,116.3983543,39.8889107,5,-1
Ex,652,115.9308062,39.6866276,5,-1
El,10059,116.4009769,39.9440687,5,-1
El,10062,116.3465479,40.0114042,5,-1
Bd,3363,116.4098313,40.0389857,5,-1
Cn,4901,116.3144081,39.9752089,5,-1
Cn,4902,116.3147289,39.9752059,5,-1
Ci,2408,116.3144762,39.9753188,5,-1
As,173,116.6590445,39.8770465,5,-1
Cn,4907,116.3156035,39.9753485,5,-1
Cn,4908,116.3193699,39.9793271,5,-1
Cn,4909,116.3184047,39.9800747,5,-1
Cj,442,116.3203072,39.9834376,5,-1
Bd,3365,116.4687309,39.9480577,5,-1
Ed,384,116.4353847,40.2415152,5,-1
Ed,385,116.4368165,40.2441709,5,-1
Eu,792,116.5884655,39.9102521,5,-1
Cn,4912,116.5707749,39.894702,5,-1
Dj,410,116.4100595,40.1808636,5,-1
Bz,2023,117.1972021,40.5728907,5,-1
Bz,2024,117.1981067,40.5719297,5,-1
Bz,2025,117.1992602,40.571575,5,-1
El,10088,116.4110554,39.9333614,5,-1
El,10089,116.3906668,39.9368267,5,-1
El,10092,116.419566,39.9270208,5,-1
El,10094,116.3180541,40.312479,5,-1
Ci,2410,116.5786814,40.06016,5,-1
Aw,761,116.6565558,39.8672335,5,-1
Bd,3373,116.4192609,39.951009,5,-1
Bd,3374,116.4120199,39.9560711,5,-1
El,10106,116.456387,39.8905894,5,-1
Dy,775,116.2923512,40.0110018,5,-1
Es,3219,116.2921554,40.0110614,5,-1
Es,3220,116.39891,39.9230278,5,-1
El,10108,116.4078946,39.9470094,5,-1
Cz,650,116.3074104,40.0120249,5,-1
Cz,651,116.3050219,40.0034547,5,-1
Cz,652,116.3058642,40.0034116,5,-1
Cz,653,116.3058856,40.0033787,5,-1
Es,3222,116.3031498,40.0088786,5,-1
Bd,3384,116.4084267,39.9154817,5,-1
Dy,776,116.3095349,40.0116203,5,-1
Dy,777,116.3095022,40.0116248,5,-1
Dy,778,116.3095187,40.0116073,5,-1
Dy,779,116.3095001,40.0116094,5,-1
El,10140,116.3099235,39.7514586,5,-1
El,10141,116.3101276,39.7514583,5,-1
Eu,795,116.3088637,39.7511552,5,-1
El,10142,116.3086043,39.7512952,5,-1
By,173,116.3902014,39.881572,5,-1
Ci,2432,116.4399221,39.8912391,5,-1
Dl,933,116.4016673,40.0710129,5,-1
El,10213,116.3166759,40.0429222,5,-1
Bd,3433,116.3165918,40.0429272,5,-1
Ci,2444,116.3969,39.9127,5,-1
Ci,2445,116.4728737,39.975711,5,-1
Ci,2446,116.4727321,39.9755854,5,-1
El,10232,116.4726378,39.975489,5,-1
El,10233,116.4483996,39.9337294,5,-1
Ci,2447,116.4731212,39.9767373,5,-1
Bd,3437,116.4886988,39.9388923,5,-1
El,10235,117.2379346,40.6549479,5,-1
Cj,450,116.429934,39.9707083,5,-1
Ci,2450,116.4596429,39.9797476,5,-1
Ci,2452,116.4261942,39.9378189,5,-1
Az,90,116.4276454,39.9195097,5,-1
Ci,2453,116.4210346,39.9020331,5,-1
Ci,2454,116.4212307,39.902277,5,-1
El,10249,116.4264253,39.9382103,5,-1
Al,2448,116.4194242,39.9025017,5,-1
Dy,809,116.1910687,39.9896992,5,-1
Dy,810,116.1908735,39.9900536,5,-1
Es,3262,116.2744657,39.99541,5,-1
El,10275,116.4078601,40.1160276,5,-1
Al,2451,116.4075859,40.1154621,5,-1
Bd,3445,116.4075853,40.1143341,5,-1
Cn,4977,116.4183191,39.9864518,5,-1
Ci,2459,116.41822,39.9858281,5,-1
El,10276,116.4183227,39.9863135,5,-1
El,10277,116.4172022,39.9880918,5,-1
Ci,2460,116.4172755,39.9881379,5,-1
Dy,811,116.1875793,39.9894754,5,-1
Ci,2467,116.187227,39.990526,5,-1
Dy,813,116.1861434,39.9935038,5,-1
Dy,814,116.186528,39.9939422,5,-1
Al,2458,116.1871553,39.9940409,5,-1
Bt,186,116.1913364,39.9942456,5,-1
Bt,187,116.1915908,39.9933011,5,-1
El,10308,116.4066245,39.9994986,5,-1
El,10309,116.4061256,39.9976483,5,-1
Cj,452,116.4098822,40.003033,5,-1
Bd,3455,116.4098178,40.0036042,5,-1
By,177,116.3511113,39.8718311,5,-1
Es,3274,116.399874,39.9038636,5,-1
Al,2462,116.1897445,39.9900976,5,-1
Al,2463,116.2029123,39.9967031,5,-1
Bz,2066,116.2647501,39.9715673,5,-1
Cn,4990,116.1967356,39.9934906,5,-1
Cn,4999,116.4037439,39.914366,5,-1
El,10323,116.4023309,39.9148252,5,-1
Ci,2471,116.3006544,40.0407142,5,-1
Ci,2472,116.4482599,39.9311212,5,-1
Bd,3461,116.3501544,39.9977046,5,-1
Dn,369,116.3500161,39.9984629,5,-1
Dy,815,116.1862114,39.9936437,5,-1
Ab,1038,116.2979238,39.9666505,5,-1
El,10330,116.4374937,39.9268241,5,-1
El,10332,116.4019975,39.9140209,5,-1
Bd,3467,116.4717678,39.99514,5,-1
Bt,188,116.1983212,39.9937731,5,-1
Ct,457,116.1985207,39.9958085,5,-1
Bt,189,116.1983606,39.9958384,5,-1
El,10371,116.4056942,39.946857,5,-1
Ci,2485,116.4004658,39.9265161,5,-1
El,10372,116.4095946,39.9313869,5,-1
Dy,825,116.184496,39.9903858,5,-1
Dy,826,116.187657,39.9923273,5,-1
Dy,827,116.1875515,39.9924489,5,-1
Dy,828,116.1875996,39.9943109,5,-1
Dw,133,116.4203241,39.882852,5,-1
By,178,116.376366,39.904611,5,-1
Al,2468,116.2016067,40.0021237,5,-1
Dy,829,116.2005675,40.0029933,5,-1
Dy,830,116.2054027,39.9957438,5,-1
Ar,163,116.2042744,39.9962093,5,-1
Dj,450,116.2064258,39.9954508,5,-1
Al,2471,116.2044308,39.9958723,5,-1
Dy,831,116.2049532,39.9969477,5,-1
Ar,164,116.204089,39.9963601,5,-1
Dy,832,116.1848807,39.9902336,5,-1
Dl,948,116.362127,39.9248261,5,-1
Cn,5023,116.2848268,39.934943,5,-1
Dj,452,116.1779846,39.9903015,5,-1
Al,2485,116.1833858,39.989819,5,-1
Dj,453,116.1780011,39.9908322,5,-1
Dy,834,116.1812064,39.9931791,5,-1
Dy,835,116.1797304,39.9921808,5,-1
Dj,454,116.1786212,39.9911858,5,-1
Dy,836,116.1818383,39.9933429,5,-1
Dy,837,116.1813745,39.9931884,5,-1
Dy,838,116.1829508,39.9937011,5,-1
Dy,839,116.1842377,39.9939911,5,-1
Cn,5027,116.4107286,39.9817368,5,-1
Ci,2505,116.3881593,39.9240461,5,-1
Cn,5028,116.4052666,39.9816356,5,-1
El,10434,116.4067433,39.9820834,5,-1
Dy,840,116.1867384,39.9941795,5,-1
Dy,841,116.185481,39.9942051,5,-1
Dy,842,116.1876854,39.99372,5,-1
Dy,843,116.1851209,39.9940949,5,-1
Al,2486,116.3907454,39.9223065,5,-1
Br,3989,116.4106861,39.9845841,5,-1
El,10435,116.4064894,39.9820765,5,-1
Cn,5029,116.410843,39.976582,5,-1
El,10441,116.4471983,39.9302165,5,-1
Ci,2509,116.4005787,39.9764766,5,-1
Ci,2510,116.3997449,39.9760528,5,-1
Al,2487,116.4087357,39.9174784,5,-1
Cn,5030,116.4095016,39.916981,5,-1
Ar,165,116.1856559,39.9927825,5,-1
Ar,166,116.1859596,39.9929309,5,-1
Ar,167,116.1858298,39.9928154,5,-1
Cn,5032,116.3329857,39.8880433,5,-1
Al,2489,116.3334754,39.8880412,5,-1
Dy,844,116.1876823,39.9946857,5,-1
Dy,845,116.1874756,39.9940761,5,-1
Dy,846,116.1872113,39.9934938,5,-1
Dy,847,116.1873421,39.9939096,5,-1
Dy,848,116.1868541,39.9913893,5,-1
Dy,849,116.186134,39.9924596,5,-1
Dy,850,116.1872949,39.9909853,5,-1
Dy,851,116.1870121,39.9908358,5,-1
Dy,852,116.1875268,39.9904934,5,-1
Dy,853,116.1874506,39.990414,5,-1
Dy,854,116.1871541,39.9909007,5,-1
Dy,855,116.1865408,39.9924145,5,-1
Dy,856,116.1879683,39.991145,5,-1
Dy,857,116.1904963,39.9898776,5,-1
El,10475,116.3109581,39.7518677,5,-1
Dy,871,116.3809778,40.0165974,5,-1
Dy,872,116.3792628,40.0163242,5,-1
Dy,873,116.3773808,40.0142006,5,-1
Dj,455,116.3755881,40.0127493,5,-1
Dy,874,116.3804863,40.0167718,5,-1
Dj,456,116.3801593,40.0169205,5,-1
Dy,875,116.3799903,40.0169665,5,-1
Dj,457,116.3793401,40.0164127,5,-1
Dy,876,116.3792088,40.0160426,5,-1
Dj,458,116.3792316,40.0158511,5,-1
Dy,877,116.3792647,40.0155336,5,-1
Dy,878,116.3790119,40.0149298,5,-1
Dj,459,116.3770515,40.0138939,5,-1
Dj,460,116.3787035,40.0147978,5,-1
Dy,879,116.3781477,40.0144336,5,-1
Ed,398,116.3611683,40.0156021,5,-1
El,10482,116.3984787,39.9348747,5,-1
Bz,2095,116.3920975,39.988702,5,-1
Dj,461,116.1895848,39.9859975,5,-1
Dj,462,116.186077,39.9874986,5,-1
Ar,168,116.189313,39.9864049,5,-1
Dj,463,116.18683,39.9866886,5,-1
Dy,898,116.1900849,39.9885898,5,-1
Dy,899,116.1895175,39.987119,5,-1
Dy,900,116.1844124,39.9894797,5,-1
Dy,901,116.1919945,39.9864655,5,-1
Dy,902,116.1915381,39.988168,5,-1
Ar,169,116.1878972,39.985417,5,-1
Dy,903,116.1898642,39.9868744,5,-1
Al,2494,116.3853723,40.0104281,5,-1
Dy,904,116.1900657,39.9850084,5,-1
Dy,905,116.1917941,39.9902375,5,-1
Bf,695,116.1912668,39.9901272,5,-1
Dj,475,116.1872123,39.9844348,5,-1
Dy,906,116.1871829,39.9836719,5,-1
Dy,907,116.1855282,39.9866058,5,-1
Dy,908,116.1838456,39.9856984,5,-1
Dj,476,116.1840566,39.9857738,5,-1
Dj,477,116.183602,39.9852942,5,-1
Dy,909,116.1856947,39.9867057,5,-1
Dy,910,116.1848118,39.9862576,5,-1
Ar,170,116.1908582,39.9896846,5,-1
Ar,171,116.1902701,39.9886767,5,-1
Dy,911,116.1902687,39.9888979,5,-1
Dy,912,116.190523,39.9888998,5,-1
Bj,193,116.3880021,39.9377634,5,-1
Ex,675,116.2070226,40.2250916,5,-1
Cn,5085,116.4511182,39.9127313,5,-1
Es,3424,116.4152965,39.9128545,5,-1
Es,3425,116.4225961,39.9132825,5,-1
Ci,2535,116.4718869,39.9711342,5,-1
Ar,172,116.1827914,39.9920113,5,-1
Dy,913,116.1847243,39.9917476,5,-1
Dj,482,116.1830288,39.9918629,5,-1
Dj,483,116.1801412,39.9921809,5,-1
Ci,2540,116.1829065,39.9889519,5,-1
Dy,914,116.1820439,39.9882148,5,-1
Ar,173,116.1784,39.9894609,5,-1
Dj,484,116.1813847,39.9876874,5,-1
Dj,485,116.1792377,39.9882886,5,-1
Ci,2544,116.2828523,39.9578156,5,-1
El,10571,116.2796444,39.9571372,5,-1
Dy,928,116.1932483,39.9928979,5,-1
Al,2515,116.2977518,39.9112124,5,-1
El,10586,116.3874434,39.8946199,5,-1
Es,3433,116.55776,40.4311431,5,-1
Cp,11898,116.3496219,40.0047744,5,-1
Aw,795,116.3551466,40.0029462,5,-1
Ci,2553,116.3862359,39.8796172,5,-1
Bd,3533,116.3816772,39.8788536,5,-1
Al,2520,116.4056097,39.9081175,5,-1
Ci,2556,116.4853244,39.9677473,5,-1
Ci,2557,116.4890236,39.9603681,5,-1
El,10607,116.387882,39.9374343,5,-1
El,10640,116.4337209,39.9331732,5,-1
El,10641,116.3247865,39.9267121,5,-1
Es,3439,116.3940451,39.9432239,5,-1
El,10642,116.4119457,39.9395929,5,-1
El,10643,116.4118813,39.9394559,5,-1
El,10645,116.4052167,39.909787,5,-1
El,10646,116.3951,39.8993693,5,-1
El,10671,116.4905317,39.9604672,5,-1
El,10672,116.4122555,39.9403502,5,-1
El,10673,116.3684778,39.9086426,5,-1
Du,198,116.4024179,39.9396796,5,-1
El,10680,115.587573,39.6333351,5,-1
El,10681,116.4049993,39.9469564,5,-1
El,10682,116.359826,39.9636972,5,-1
El,10687,116.3970948,39.9387371,5,-1
Ci,2584,116.4560881,39.8925052,5,-1
Ci,2585,116.4562365,39.8929528,5,-1
Ci,2586,116.4559544,39.8928052,5,-1
Cn,5124,116.45589,39.893197,5,-1
Cn,5125,116.45044,39.891853,5,-1
Ci,2587,116.4543841,39.8914341,5,-1
Al,2540,116.4538284,39.8925605,5,-1
El,10705,116.4037149,39.9398584,5,-1
El,10710,116.4381517,39.9346504,5,-1
Ci,2592,116.4482343,39.9369704,5,-1
As,185,116.4488146,39.9373209,5,-1
Ci,2593,116.4485155,39.9367901,5,-1
El,10716,115.5861658,39.632403,5,-1
El,10717,115.5867049,39.6325248,5,-1
El,10719,116.3712008,39.9338232,5,-1
Bj,196,116.3998957,39.9139233,5,-1
Cs,1733,116.4118395,39.8947772,5,-1
At,3530,117.2568774,40.2235553,5,-1
El,10722,116.4589808,39.8897581,5,-1
El,10723,116.4578749,39.8901055,5,-1
Cn,5137,116.4953729,39.9363906,5,-1
Cn,5138,116.4953767,39.9363379,5,-1
Cn,5139,116.4953259,39.9366448,5,-1
Bd,3565,116.3986243,39.8596252,5,-1
Bd,3566,116.4069923,39.8686387,5,-1
Es,3475,116.3900444,39.8963954,5,-1
Ci,2596,116.389468,39.8967311,5,-1
Ci,2597,116.3898155,39.8970566,5,-1
El,10744,116.3876335,39.9412213,5,-1
Ci,2599,116.3877336,39.9407966,5,-1
Ex,680,116.429438,39.9332369,5,-1
Ci,2602,116.4535829,39.912383,5,-1
El,10753,116.454912,39.9117922,5,-1
El,10754,116.3779276,39.9023437,5,-1
El,10755,116.4046381,39.908931,5,-1
El,10756,116.4609344,39.9230563,5,-1
El,10757,116.3979484,39.8614899,5,-1
Dl,968,116.3690748,39.9350659,5,-1
Al,2549,116.3728866,39.9214031,5,-1
Cn,5144,116.4072184,39.891089,5,-1
Cn,5145,116.3711258,39.9316229,5,-1
Ci,2606,116.4009503,39.9241205,5,-1
El,10774,116.417448,39.9286279,5,-1
Al,2556,116.3745807,39.9214602,5,-1
Bh,234,116.3671819,39.9265941,5,-1
Fb,75,116.4714246,39.9762599,5,-1
El,10792,116.4138081,39.9395141,5,-1
Bd,3588,116.3736532,39.9246066,5,-1
Cn,5160,116.4900258,39.9608197,5,-1
Ed,404,116.6649578,40.1337444,5,-1
Es,3506,116.6650062,40.1337444,5,-1
Cn,5162,116.4952607,39.937544,5,-1
Dj,570,116.307492,39.7556249,5,-1
Dj,571,116.30729,39.7558892,5,-1
Dj,572,116.3066379,39.7562504,5,-1
Dj,573,116.3079878,39.7559123,5,-1
Dj,574,116.3076403,39.7559197,5,-1
Cz,709,116.3065027,39.9327123,5,-1
Dl,970,116.4283606,39.970762,5,-1
Ed,406,116.4728929,39.9737921,5,-1
As,191,116.6362318,40.1268225,5,-1
El,10815,116.3463642,39.9225629,5,-1
El,10816,116.3697481,39.9092602,5,-1
As,192,116.4049149,39.9191904,5,-1
El,10824,116.4051309,39.919046,5,-1
Ci,2623,116.4464613,39.9424627,5,-1
El,10831,116.3959316,39.934817,5,-1
Cn,5170,116.4413023,39.9497905,5,-1
Cn,5171,116.459182,39.9213846,5,-1
Cn,5172,116.43647,39.9676433,5,-1
Cn,5173,116.3197134,39.9221787,5,-1
Cn,5174,116.2908455,39.8970026,5,-1
Cn,5175,116.3945935,39.997307,5,-1
Cn,5176,116.2957565,39.9671629,5,-1
Cn,5177,116.3513835,39.9088132,5,-1
At,3542,116.4328497,40.0440641,5,-1
El,10836,116.3893351,39.9316663,5,-1
El,10852,116.4847842,39.9864572,5,-1
Ci,2631,116.4106673,39.9405883,5,-1
Al,2576,116.405357,39.9465424,5,-1
El,10864,116.4520663,39.9272256,5,-1
El,10865,116.438482,39.9387567,5,-1
El,10866,116.4384862,39.9389734,5,-1
Ex,685,116.405453,39.9451479,5,-1
El,10872,116.4120124,39.9245287,5,-1
El,10873,116.3935981,39.9367815,5,-1
El,10874,116.3419106,39.9725122,5,-1
Dl,976,116.3855688,39.9550491,5,-1
El,10877,116.4505895,39.9306923,5,-1
El,10880,116.3968103,39.9410291,5,-1
Ci,2649,116.4544974,39.93905,5,-1
Ci,2650,116.4485155,39.9362152,5,-1
El,10894,116.4112172,39.9239319,5,-1
Bz,2184,116.6678207,40.4051413,5,-1
Dj,582,116.6764523,40.4057902,5,-1
Dj,583,116.6768961,40.4040123,5,-1
Dj,584,116.6762695,40.4067204,5,-1
Bz,2185,116.6669869,40.4055374,5,-1
Dj,585,116.6763489,40.4063389,5,-1
Bz,2186,116.6682366,40.4046843,5,-1
Dj,586,116.6769855,40.4034451,5,-1
Dj,587,116.6766269,40.4051489,5,-1
Cp,11966,116.6750904,40.4078557,5,-1
Cs,1816,116.6743131,40.4019072,5,-1
Bz,2187,116.6699488,40.4034267,5,-1
Dj,588,116.6751496,40.4067012,5,-1
Bz,2188,116.6693301,40.4040762,5,-1
Dj,589,116.6772375,40.4022179,5,-1
Dj,590,116.6681939,40.4048297,5,-1
El,10899,116.6758033,40.402944,5,-1
Bz,2189,116.6685662,40.4043759,5,-1
Bd,3605,116.4018645,39.9439584,5,-1
Bd,3606,116.4023199,39.9440958,5,-1
El,10900,116.4023263,39.9436898,5,-1
Aw,811,116.4023425,39.9431568,5,-1
Ci,2661,116.5642785,40.4312659,5,-1
Dj,591,116.564243,40.4319837,5,-1
Bj,198,116.5618849,40.4364698,5,-1
Es,3554,116.5619857,40.4362853,5,-1
Dj,592,116.5619271,40.4357441,5,-1
Bj,199,116.5402141,40.4175628,5,-1
Dj,593,116.5629746,40.4347296,5,-1
El,10922,116.5410711,40.4179891,5,-1
Dj,594,116.5680781,40.4290777,5,-1
Ar,175,116.5597168,40.4341372,5,-1
Ci,2662,116.5405019,40.417985,5,-1
Al,2590,116.5386168,40.4166996,5,-1
Ci,2663,116.5634327,40.4342673,5,-1
Ci,2664,116.5544532,40.4264291,5,-1
Cm,12,116.5399489,40.417812,5,-1
Ex,688,116.4615281,39.8986396,5,-1
El,10930,116.3786146,39.8931527,5,-1
El,10942,116.4522274,39.9319025,5,-1
Fd,314,116.3772191,39.945649,5,-1
Al,2592,116.4101842,39.9378738,5,-1
El,10950,116.4458483,39.9172844,5,-1
Cn,5191,116.484073,39.9854913,5,-1
Cn,5192,116.4842084,39.9837935,5,-1
Ci,2670,116.3005511,39.9821664,5,-1
Cn,5196,116.4021287,39.9905532,5,-1
Bd,3618,116.4020989,39.9909743,5,-1
Al,2597,116.2025863,40.0016937,5,-1
Dy,1000,116.204941,39.9944328,5,-1
Dj,598,116.2040598,39.9997707,5,-1
Dy,1001,116.2064391,39.9955588,5,-1
Dj,599,116.2024052,40.00102,5,-1
Dj,600,116.2038393,39.9999969,5,-1
Dy,1002,116.2031269,40.001256,5,-1
Al,2598,116.2057651,39.9941681,5,-1
El,10987,116.1942462,39.9911763,5,-1
El,10993,116.6241712,40.3152402,5,-1
Ci,2680,116.6242129,40.3151303,5,-1
Ar,176,116.2024381,40.0015764,5,-1
Ar,177,116.2018707,40.0031392,5,-1
Dy,1003,116.2027525,40.0016486,5,-1
Dy,1004,116.1992069,40.0021281,5,-1
Al,2602,116.2019198,40.0031488,5,-1
Cz,721,116.1994775,40.0026321,5,-1
Cz,722,116.1991644,40.0021458,5,-1
Dy,1005,116.2032391,40.0013228,5,-1
Dj,601,116.1995651,40.0017622,5,-1
Dy,1006,116.2038692,40.0003525,5,-1
El,11021,116.4715516,39.9992812,5,-1
El,11022,116.4674567,39.9982557,5,-1
Bd,3623,116.4683859,39.9996941,5,-1
Bd,3624,116.4691429,40.0002214,5,-1
Bd,3625,116.4680674,39.9994772,5,-1
El,11023,116.4681034,39.9983011,5,-1
El,11024,116.4699361,39.9997104,5,-1
El,11025,116.4716632,39.9998568,5,-1
Cn,5205,116.4698235,39.999887,5,-1
Cn,5206,116.4691799,39.9967488,5,-1
Al,2607,116.4717559,39.9954425,5,-1
Al,2608,116.4719427,39.9957216,5,-1
El,11026,116.4709807,39.9957001,5,-1
El,11027,116.4711916,39.9960079,5,-1
Ci,2683,116.4718399,39.995693,5,-1
Ci,2684,116.4722698,39.9959792,5,-1
El,11028,116.471401,39.9954282,5,-1
El,11029,116.4715865,39.9959232,5,-1
El,11030,116.4711474,39.99558,5,-1
Ci,2685,116.4718219,39.9960407,5,-1
El,11031,116.4719222,39.9960355,5,-1
Bd,3626,116.4718208,39.9956231,5,-1
Es,3582,115.9405281,39.7946068,5,-1
Es,3583,115.8898489,39.8012022,5,-1
Es,3584,115.9594444,39.8372641,5,-1
El,11051,116.4676378,39.9966934,5,-1
Dj,602,116.1914881,39.9889068,5,-1
El,11069,116.393694,39.9400858,5,-1
El,11077,116.231746,39.98137,5,-1
El,11079,116.4085771,39.9469839,5,-1
Es,3586,115.9475153,39.7958265,5,-1
Es,3587,115.9481819,39.7970652,5,-1
El,11092,116.3649166,39.9502656,5,-1
El,11093,116.4074895,39.8716475,5,-1
El,11094,116.3540962,39.9656925,5,-1
Dy,1007,116.1878959,39.9941829,5,-1
Cs,1858,116.4681856,39.9701296,5,-1
Ed,411,116.4923658,39.9818368,5,-1
El,11100,116.3305266,39.9313146,5,-1
El,11101,116.4716346,39.9126063,5,-1
El,11102,116.3865626,39.8798859,5,-1
Dy,1008,116.1896993,39.9868474,5,-1
Dj,603,116.1894887,39.9842677,5,-1
Dy,1009,116.1909407,39.9854702,5,-1
Dj,604,116.1871723,39.9831548,5,-1
Dy,1010,116.188254,39.9836569,5,-1
Ar,178,116.1875408,39.9834004,5,-1
Aw,816,116.3008058,39.9860838,5,-1
Cn,5223,116.300237,39.9881589,5,-1
Dy,1011,116.1846485,39.9832752,5,-1
Dj,605,116.1922275,39.9869282,5,-1
Bz,2227,116.1863479,39.9831194,5,-1
Dy,1012,116.1871106,39.983419,5,-1
Ar,179,116.1920325,39.9868907,5,-1
Dy,1013,116.1918375,39.9864837,5,-1
Dy,1014,116.1899747,39.9879697,5,-1
Dy,1015,116.1899457,39.9880704,5,-1
Dy,1016,116.1895906,39.9859191,5,-1
Dj,606,116.2079716,39.993806,5,-1
Dj,607,116.2081328,39.9940407,5,-1
Dj,608,116.2027506,39.9976745,5,-1
Dj,609,116.2010429,39.9979593,5,-1
Dj,610,116.2011831,39.9981778,5,-1
Dj,611,116.2013964,39.9993763,5,-1
Dj,612,116.2006703,39.9976151,5,-1
Dj,613,116.2053192,40.0039118,5,-1
Dj,614,116.2056038,40.0041301,5,-1
Dj,615,116.2044768,40.0037874,5,-1
El,11140,116.3792603,39.8828512,5,-1
Dj,616,116.2075722,40.002331,5,-1
Dy,1021,116.2014756,40.0020182,5,-1
Bd,3640,116.44851,39.931148,5,-1
Al,2626,116.4485148,39.9310866,5,-1
Ci,2709,116.4483579,39.9368783,5,-1
Ci,2710,116.4036564,39.9439543,5,-1
El,11142,116.4122974,39.9404374,5,-1
El,11143,116.4129514,39.9403684,5,-1
Al,2627,116.4485971,39.9310974,5,-1
El,11144,116.41068,39.9402768,5,-1
Bd,3641,116.4230988,39.9399534,5,-1
Dj,617,116.4412756,40.2577802,5,-1
Ed,412,116.4397891,40.2576935,5,-1
Dj,618,116.4392996,40.2563963,5,-1
Bz,2232,116.601283,40.047311,5,-1
Dj,619,116.2078644,40.0038807,5,-1
Dy,1022,116.2065258,40.0030661,5,-1
Dy,1023,116.2066388,40.0032789,5,-1
Dj,620,116.2074452,40.0008964,5,-1
Dy,1024,116.2066437,40.0030439,5,-1
Dy,1025,116.2062415,40.0035066,5,-1
Dj,621,116.2075287,40.0041149,5,-1
Dj,622,116.2065544,40.0033665,5,-1
Dj,623,116.2066566,40.0025863,5,-1
Dy,1026,116.2067424,40.002535,5,-1
Dy,1027,116.2065015,40.0018198,5,-1
Dy,1028,116.2066652,40.0026821,5,-1
Dy,1029,116.2065213,40.0018889,5,-1
Dj,624,116.2068346,40.0040022,5,-1
Dy,1030,116.2064888,40.0017232,5,-1
Dy,1031,116.2027636,39.9972313,5,-1
Dy,1032,116.2028147,39.9975999,5,-1
Dy,1033,116.2043593,39.998734,5,-1
Dy,1034,116.3068555,40.4103131,5,-1
Dj,625,116.3039247,40.4098198,5,-1
Dy,1035,116.3033868,40.4100955,5,-1
Bd,3646,116.4661749,39.8779393,5,-1
El,11171,116.4528422,39.8786242,5,-1
Es,3635,116.3201277,40.375215,5,-1
Bf,727,116.2040321,40.0038935,5,-1
Bf,728,116.2041082,40.0038826,5,-1
Dy,1036,116.2040736,40.0041792,5,-1
Dy,1037,116.2039087,40.0041506,5,-1
Dy,1038,116.2041958,40.0042065,5,-1
Dy,1039,116.2004977,40.0017899,5,-1
Cz,726,116.2028975,40.0035244,5,-1
Dy,1040,116.2008342,40.0010505,5,-1
Dy,1041,116.2012106,39.9994866,5,-1
Cz,727,116.2006675,40.001467,5,-1
Dy,1042,116.2004595,40.001304,5,-1
Dy,1043,116.200474,40.001694,5,-1
Dy,1044,116.2007481,40.0009683,5,-1
Dj,636,116.2006337,40.0009097,5,-1
Dj,637,116.2004665,40.0017553,5,-1
Ct,488,116.1978383,39.9939721,5,-1
Ct,489,116.1982092,39.9940106,5,-1
Ci,2731,116.4876888,39.9829189,5,-1
Ed,413,116.3690278,40.0195358,5,-1
El,11177,116.3890077,39.8963063,5,-1
El,11178,116.3895161,39.8968886,5,-1
El,11179,116.3889878,39.8967429,5,-1
El,11180,116.3892541,39.8966914,5,-1
Dy,1045,116.2050887,40.0030327,5,-1
Dy,1046,116.2063995,40.0006891,5,-1
Dj,639,116.2065062,40.0006866,5,-1
Dy,1047,116.2050643,40.0022059,5,-1
Dy,1048,116.2050436,40.0024588,5,-1
Dy,1049,116.2050267,40.0023947,5,-1
Dj,640,116.2051449,40.0028968,5,-1
Dy,1050,116.2064492,40.0006524,5,-1
Dy,1051,116.205132,40.0022013,5,-1
Dy,1052,116.2049425,40.0030775,5,-1
Dy,1053,116.2050895,40.0023619,5,-1
Dj,641,116.2049189,40.0029934,5,-1
Dy,1054,116.2049505,40.0030323,5,-1
Dj,642,116.2051953,40.002152,5,-1
Dy,1055,116.2050902,40.0029774,5,-1
Dj,643,116.2044618,39.9960776,5,-1
Es,3644,116.4187292,39.923291,5,-1
El,11190,116.4375673,39.9180807,5,-1
El,11191,116.4373351,39.9174407,5,-1
El,11192,116.4375871,39.9170414,5,-1
Bd,3649,116.4375932,39.9174063,5,-1
Dj,644,116.204839,39.9958405,5,-1
Dy,1056,116.2045443,39.9958192,5,-1
Dj,645,116.2040849,39.9957932,5,-1
Dy,1057,116.2046934,39.995823,5,-1
Dy,1058,116.2043964,39.9958248,5,-1
Dy,1059,116.2070898,39.993126,5,-1
Dy,1060,116.2039044,39.9940277,5,-1
Dy,1061,116.2036805,39.9941096,5,-1
Ci,2733,116.3907471,39.8962226,5,-1
Ci,2734,116.3908399,39.896753,5,-1
Dy,1062,116.2355207,40.2726866,5,-1
Br,4026,116.2346799,40.272966,5,-1
Dy,1063,116.2342688,40.2722313,5,-1
Dj,646,116.2355165,40.2725955,5,-1
Dy,1064,116.2361005,40.2726361,5,-1
Dy,1065,116.236697,40.2718937,5,-1
Dy,1066,116.237675,40.27119,5,-1
Dy,1067,116.2361396,40.2707665,5,-1
Ci,2735,116.4283222,39.9034342,5,-1
Ex,698,116.4277673,39.9001667,5,-1
Dj,647,116.1818862,39.98349,5,-1
Bz,2248,116.1817777,39.9832773,5,-1
Dy,1068,116.1835508,39.9831666,5,-1
Dj,648,116.1823421,39.9839937,5,-1
Dy,1069,116.387426,40.0047996,5,-1
Dy,1070,116.3872146,40.0040672,5,-1
Dy,1071,116.3125401,39.9139542,5,-1
Dy,1072,116.3902192,40.0048474,5,-1
Ci,2742,116.3382338,39.9063937,5,-1
Dy,1073,116.2024554,40.0009487,5,-1
Dy,1074,116.2026254,40.0008496,5,-1
Dy,1075,116.2038293,39.999945,5,-1
Dy,1076,116.2046304,39.998794,5,-1
Dj,649,116.2042046,39.9990609,5,-1
Dy,1077,116.2046981,39.9988534,5,-1
Dj,650,116.2047438,39.9988171,5,-1
Dj,651,116.2028275,40.0007506,5,-1
Dj,652,116.2034558,39.9987103,5,-1
Dy,1078,116.2026321,40.0007408,5,-1
Dj,653,116.2045407,39.9990633,5,-1
Dy,1079,116.204064,39.9998205,5,-1
Dy,1080,116.2028149,40.0008618,5,-1
Dy,1081,116.2032373,40.000319,5,-1
Fa,1282,116.1994604,39.9957022,5,-1
Al,2635,116.4060398,39.8982409,5,-1
El,11213,116.4062234,39.8981732,5,-1
Ci,2746,116.4341227,39.920482,5,-1
Ci,2747,116.3896902,39.9380274,5,-1
Ci,2751,116.3969439,39.938322,5,-1
El,11238,116.4687605,39.9469822,5,-1
Ci,2760,116.4824211,39.9695897,5,-1
Dx,3701,116.4664345,39.9717837,5,-1
El,11290,116.339304,39.9251879,5,-1
Ci,2771,116.3875918,39.9989044,5,-1
El,11294,116.4222156,39.9226433,5,-1
Dj,671,116.1999516,40.0006167,5,-1
Dy,1084,116.2017462,40.0006884,5,-1
Dy,1085,116.2017712,40.0005905,5,-1
Dj,672,116.2006147,39.9984079,5,-1
Fa,1291,116.3345424,39.9919474,5,-1
Bd,3669,116.3615349,39.9608618,5,-1
Cz,741,116.3118749,39.9136236,5,-1
El,11331,116.3668299,39.9236435,5,-1
Dj,673,116.2008507,40.0025771,5,-1
Dy,1086,116.2013632,40.0010834,5,-1
Dj,674,116.2012842,40.0016337,5,-1
Dy,1087,116.2014313,40.0022135,5,-1
Dy,1088,116.200876,40.0025981,5,-1
Bf,738,116.3906756,39.906613,5,-1
Bf,739,116.3917807,39.906648,5,-1
Bf,740,116.391432,39.9076397,5,-1
Bf,741,116.3909948,39.9076315,5,-1
Ci,2796,116.4127152,39.9428234,5,-1
Dy,1089,116.2054834,40.0000354,5,-1
Dy,1090,116.2047264,40.0000781,5,-1
Dj,675,116.1985551,39.9998107,5,-1
Dy,1091,116.201735,40.000448,5,-1
Dy,1092,116.2018992,40.00025,5,-1
Dj,676,116.2019697,39.9996872,5,-1
Dy,1093,116.2019722,40.000008,5,-1
Dy,1094,116.2012567,40.0005065,5,-1
Dj,677,116.2015956,40.000779,5,-1
Dy,1095,116.2013,40.0004574,5,-1
Dy,1096,116.2015206,40.0009701,5,-1
Cn,5276,116.4846449,39.9787749,5,-1
Ci,2818,116.245067,40.1927058,5,-1
Ci,2819,116.2470898,40.1910989,5,-1
At,3648,116.4256166,40.2404599,5,-1
El,11404,116.2996535,39.9111615,5,-1
Dy,1097,116.2061327,39.9990443,5,-1
Al,2675,116.2059443,39.9989307,5,-1
Dy,1098,116.2060262,39.9989851,5,-1
Dy,1099,116.2063561,39.9992345,5,-1
Bd,3684,116.4971593,39.9619108,5,-1
El,11420,116.497157,39.9628097,5,-1
Cn,5284,116.4970077,39.9635975,5,-1
Ex,710,116.4065838,39.90758,5,-1
Cz,746,116.315103,39.8911406,5,-1
El,11443,116.3607406,39.9614911,5,-1
El,11444,116.3612523,39.9615235,5,-1
El,11445,116.3640144,39.9573195,5,-1
El,11446,116.3640249,39.9572101,5,-1
El,11448,116.3559266,39.9573331,5,-1
El,11449,116.3566677,39.9573358,5,-1
El,11450,116.3566642,39.9577524,5,-1
El,11451,116.3564954,39.9577981,5,-1
El,11452,116.363129,39.9601378,5,-1
El,11453,116.3639603,39.962164,5,-1
El,11454,116.3639774,39.962026,5,-1
El,11455,116.352893,39.961991,5,-1
El,11456,116.3550325,39.9659902,5,-1
El,11457,116.355241,39.9660301,5,-1
El,11458,116.3550117,39.9656946,5,-1
El,11462,116.3572677,39.9659585,5,-1
Dx,3724,116.1819759,39.9833215,5,-1
Dj,678,116.1828625,39.9843401,5,-1
Dy,1110,116.1833015,39.9848784,5,-1
Dy,1111,116.1830293,39.9844056,5,-1
Dy,1112,116.1849147,39.9870517,5,-1
Cj,465,116.3919346,39.8830324,5,-1
Cj,466,116.3670322,39.9099934,5,-1
Cj,467,116.3542603,39.9143928,5,-1
Cj,468,116.2337625,40.210824,5,-1
Ct,503,116.1983168,39.9935974,5,-1
Bz,2289,115.7600037,40.0809736,5,-1
El,11471,115.7557827,40.0916729,5,-1
Cn,5330,116.3057284,39.9232128,5,-1
Al,2679,116.3046839,39.9246979,5,-1
El,11472,116.304673,39.9249696,5,-1
Ci,2834,116.3982989,39.9393116,5,-1
Bf,743,116.391503,39.9111733,5,-1
Cn,5334,116.3101819,39.9763817,5,-1
Al,2681,116.3111405,39.9743426,5,-1
Cn,5335,116.3280683,39.9747956,5,-1
Al,2682,116.3186048,39.9497079,5,-1
Al,2683,116.3279233,39.9759738,5,-1
Cn,5336,116.3191653,39.9442618,5,-1
Cn,5338,116.3357792,39.9266585,5,-1
Bd,3696,116.3381859,39.9215457,5,-1
Fb,77,116.3364605,39.9022821,5,-1
Bd,3697,116.3310814,39.8966254,5,-1
Aw,824,116.3332298,39.8880287,5,-1
Aw,825,116.3427263,39.8759644,5,-1
El,11498,116.3381569,39.9272605,5,-1
Bd,3698,116.3377602,39.9242233,5,-1
Eu,892,116.3356849,39.8779848,5,-1
Al,2685,116.3328448,39.8757744,5,-1
El,11499,116.352058,39.8875598,5,-1
Cn,5339,116.3498958,39.8878127,5,-1
Cn,5340,116.349689,39.8883966,5,-1
Es,3793,116.3533778,39.8901236,5,-1
Es,3794,116.453198,39.8741292,5,-1
Al,2686,116.3352943,39.8876916,5,-1
Al,2690,116.3523518,39.887629,5,-1
El,11628,116.0764361,39.859391,5,-1
Dy,1116,116.1864096,39.9938868,5,-1
Dy,1117,116.1863167,39.9937659,5,-1
Dy,1118,116.1873525,39.9955495,5,-1
Bj,208,116.187909,39.994725,5,-1
Ef,717,116.0723247,39.8689033,5,-1
Ef,718,116.0732559,39.8621111,5,-1
Ef,721,116.0774479,39.8567861,5,-1
Ef,723,116.1106973,39.864232,5,-1
Eu,968,116.2788336,39.8156135,5,-1
Ci,2868,116.302151,39.9875212,5,-1
Br,4047,116.7290991,39.9023287,5,-1
Br,4048,116.7260452,39.9015813,5,-1
Ef,726,116.1896503,39.8744283,5,-1
Ef,727,116.1795326,39.8773406,5,-1
Es,3815,116.2892176,40.0071076,5,-1
Es,3816,116.2948426,40.009043,5,-1
Es,3817,116.3010427,40.0099372,5,-1
Es,3818,116.2965716,40.0120787,5,-1
Es,3819,116.3015553,40.0071264,5,-1
Bz,2302,116.273608,39.8138718,5,-1
Bd,3803,116.3078658,39.7561222,5,-1
Bd,3804,116.3385245,39.9890973,5,-1
El,11925,116.4101599,39.9155644,5,-1
Ed,421,116.3027015,39.8605165,5,-1
Bf,751,116.3870071,39.9090935,5,-1
Bj,217,116.3914228,39.9002214,5,-1
Bj,218,116.391742,39.9002344,5,-1
Cz,763,116.3078901,39.8923776,5,-1
Cz,767,116.3082898,39.8929415,5,-1
El,12003,116.3904483,39.8956767,5,-1
Ef,737,116.2702959,39.9560795,5,-1
Bj,219,116.3912639,39.9189943,5,-1
El,12014,116.323678,39.947566,5,-1
El,12019,116.4048965,39.9140204,5,-1
El,12021,116.4105446,39.9141622,5,-1
El,12037,116.2840093,39.8149012,5,-1
El,12038,116.284012,39.8148682,5,-1
Bd,3838,116.284016,39.8147673,5,-1
El,12041,116.2840187,39.8147343,5,-1
Bd,3839,116.2837008,39.8150196,5,-1
Ed,430,116.285977,39.8167037,5,-1
El,12043,116.3979993,40.0040606,5,-1
El,12047,116.3457931,40.0069473,5,-1
El,12048,116.3458028,40.007389,5,-1
El,12049,116.3286465,39.9951848,5,-1
El,12050,116.3286912,39.9952483,5,-1
El,12051,116.3286624,39.9950601,5,-1
El,12055,116.5388972,40.0985015,5,-1
Ci,2947,116.3513817,39.96222,5,-1
Ci,2948,116.3513657,39.9622605,5,-1
El,12084,116.3998064,39.9976673,5,-1
El,12092,116.4154752,39.882212,5,-1
At,3785,116.3088952,39.9192102,5,-1
Ci,2961,116.2669191,40.1545469,5,-1
El,12108,116.3149965,39.969144,5,-1
El,12109,116.4482014,39.9347024,5,-1
El,12113,116.4734357,39.9724915,5,-1
Dy,1131,116.2082943,39.9946834,6,-1
Dj,693,116.2077961,39.9956118,6,-1
Bf,755,116.3178494,40.000529,6,-1
At,3835,116.4152496,39.9689045,6,-1
Cj,478,116.3403108,40.0656208,6,-1
Dj,694,116.1890822,39.9872189,6,-1
Dj,695,116.1856732,39.9904099,6,-1
Dj,696,116.2064704,39.996145,6,-1
Dj,697,116.1838055,39.9909492,6,-1
Dy,1133,116.1833765,39.9904738,6,-1
Dj,698,116.1814767,39.9901037,6,-1
Dj,699,116.179408,39.9902973,6,-1
Dj,700,116.1847282,39.9897358,6,-1
Dy,1134,116.2064561,39.9929043,6,-1
Dy,1135,116.2070439,39.9929785,6,-1
Dy,1136,116.2055654,39.9932624,6,-1
Dy,1137,116.2052991,39.9933515,6,-1
Dy,1138,116.2076849,39.995476,6,-1
Dy,1139,116.205473,39.99893,6,-1
Dy,1140,116.1739888,39.9881997,6,-1
Dj,701,116.1800367,39.989355,6,-1
Dj,702,116.1803446,39.9892186,6,-1
Dy,1141,116.1729505,39.9894489,6,-1
Dj,703,116.172722,39.9894264,6,-1
Dj,704,116.17242,39.9891384,6,-1
Cp,12067,116.0643373,39.8656139,6,-1
Cn,5513,116.3180816,39.9980366,6,-1
El,12185,116.3252879,39.9921715,6,-1
Bd,3907,116.3063889,39.9796788,6,-1
El,12186,116.4486472,39.9348441,6,-1
El,12187,116.4426404,39.9360811,6,-1
El,12188,116.43947,39.9351803,6,-1
El,12189,116.4482033,39.929874,6,-1
El,12190,116.4484608,39.9363691,6,-1
El,12191,116.4480435,39.9347796,6,-1
El,12192,116.4475634,39.9328587,6,-1
El,12193,116.448521,39.9348557,6,-1
El,12194,116.4484271,39.9348639,6,-1
El,12195,116.454847,39.9103906,6,-1
El,12196,116.4550079,39.9104482,6,-1
El,12197,116.4547289,39.9106375,6,-1
El,12198,116.4422191,39.9183316,6,-1
Ci,2987,116.4033553,39.941229,6,-1
Dn,395,116.4507614,39.9111168,6,-1
Bd,3937,116.4548293,39.9110168,6,-1
Ci,2991,116.398671,39.9929629,6,-1
Cn,5538,116.3979053,39.9931257,6,-1
Es,3907,116.2884934,40.0032288,6,-1
El,12308,116.3068889,39.9849989,6,-1
Bd,3978,116.4729639,39.9757867,6,-1
El,12327,116.4396311,39.9121932,6,-1
Eu,1064,116.3003702,39.9753955,6,-1
El,12336,116.2979959,39.9829062,6,-1
El,12337,116.3286502,39.9950625,6,-1
El,12338,116.3913984,39.8923615,6,-1
El,12352,116.3149735,39.8473382,6,-1
El,12355,116.4386722,39.9352782,6,-1
El,12360,116.367218,39.9291797,6,-1
Cl,107,116.459886,39.9484576,6,-1
El,12376,116.6238667,40.316675,6,-1
Al,2770,116.2654069,39.9418954,6,-1
El,12389,116.2649683,39.9442166,6,-1
Cn,5654,116.4152593,39.9475469,6,-1
Ci,3029,116.3912778,39.9143903,6,-1
El,12419,116.4665384,40.0042005,6,-1
El,12420,116.4660824,40.0041718,6,-1
El,12421,116.4662487,40.0041841,6,-1
El,12446,116.6270654,40.3163208,6,-1
El,12447,116.6288515,40.313516,6,-1
Cn,5672,116.2949615,39.8304773,6,-1
Bd,4012,116.2950595,39.8355781,6,-1
El,12487,116.4395605,39.9453689,6,-1
Ed,442,116.3632053,39.8312239,6,-1
Cp,12242,116.4206177,39.8759685,6,-1
El,12541,116.3852681,39.8931731,6,-1
El,12543,116.4851487,39.9131078,6,-1
Al,2797,116.3144808,39.8463338,6,-1
El,12547,116.3096138,39.8427088,6,-1
El,12548,116.3092262,39.8424423,6,-1
Ci,3061,116.3110527,39.8394262,6,-1
At,3959,116.3099133,39.8425529,6,-1
At,3960,116.3091989,39.8420082,6,-1
At,3961,116.3114917,39.8426645,6,-1
At,3962,116.3117001,39.8420456,6,-1
At,3963,116.3085925,39.8391763,6,-1
At,3964,116.3107606,39.8394161,6,-1
Bt,229,116.3092078,39.8407514,6,-1
Bt,230,116.3159702,39.8404123,6,-1
Bd,4028,116.6448219,40.1257038,6,-1
Al,2798,116.6448509,40.1250399,6,-1
At,3965,116.8096733,40.1534721,6,-1
At,3966,116.8146264,40.1534816,6,-1
El,12550,116.3293168,39.9958106,6,-1
El,12559,116.4003475,39.9093088,6,-1
El,12560,116.4195114,39.9341661,6,-1
Al,2799,116.3913677,39.8947236,6,-1
By,198,116.3905004,39.894485,6,-1
By,199,116.3887525,39.8944648,6,-1
El,12565,116.3912527,39.8947147,6,-1
Cj,491,116.3911649,39.8968777,6,-1
El,12566,116.3892908,39.8971191,6,-1
Ex,740,116.3919664,39.8958779,6,-1
Ci,3065,116.139864,40.249494,6,-1
Bd,4031,116.1432299,40.2484461,6,-1
Bd,4032,116.1393516,40.249834,6,-1
Bd,4033,116.139365,40.2507753,6,-1
Bd,4034,116.141608,40.2507412,6,-1
El,12594,116.4142905,39.9707132,6,-1
El,12595,116.4141788,39.9705538,6,-1
El,12596,116.414096,39.9705641,6,-1
El,12597,116.4142539,39.9711115,6,-1
El,12598,116.4142596,39.9710437,6,-1
Bd,4035,116.4143595,39.9690107,6,-1
El,12609,116.4411247,39.906236,6,-1
Ef,811,116.1410222,40.2518012,6,-1
Es,3993,116.3926035,39.9351055,6,-1
Es,3995,116.4082962,39.9427219,6,-1
Es,4004,116.3952642,39.934321,6,-1
Cj,497,116.5129589,39.9229745,6,-1
El,12628,116.5127926,39.9236739,6,-1
El,12629,116.5127712,39.9226866,6,-1
El,12649,116.333975,39.9872454,6,-1
El,12652,116.4367484,39.9326652,6,-1
El,12662,116.4012649,39.9225595,6,-1
El,12832,116.3747206,39.9794775,6,-1
El,12833,116.3633602,39.9704039,6,-1
El,12842,116.5402978,40.4178691,6,-1
El,12850,116.4956156,39.9253126,6,-1
Bd,4083,116.6273287,40.3061064,6,-1
El,12853,116.622536,40.3064065,6,-1
Cz,824,116.4744998,40.4109481,6,-1
El,12854,116.6277729,40.3107647,6,-1
El,12855,116.6270363,40.3132791,6,-1
El,12856,116.6273195,40.3139974,6,-1
Cj,500,116.6452144,40.3227027,6,-1
El,12857,116.6383551,40.3247539,6,-1
El,12858,116.6383471,40.3252345,6,-1
El,12859,116.6383524,40.3248766,6,-1
El,12860,116.637934,40.3243736,6,-1
El,12861,116.6372393,40.3244002,6,-1
Bd,4084,116.6367673,40.3243961,6,-1
El,12862,116.636001,40.3408915,6,-1
Ex,750,116.6591608,40.3248142,6,-1
Ci,3091,116.4446619,39.9130119,6,-1
Ci,3092,116.4458063,39.912261,6,-1
El,12877,116.4467524,39.9116773,6,-1
El,12883,116.3880293,39.9411581,6,-1
El,12884,116.3879995,39.9413454,6,-1
Ci,3096,116.4446195,39.9243868,6,-1
El,12885,116.4455014,39.9116173,6,-1
El,12886,116.4444956,39.9301112,6,-1
Al,2817,116.4435266,39.9209084,6,-1
Cz,826,116.2173524,40.2545749,6,-1
Cz,827,116.2181066,40.2543432,6,-1
Cz,828,116.2175251,40.25329,6,-1
Cz,829,116.2167709,40.2535163,6,-1
Cz,830,116.2207182,40.2600225,6,-1
Cz,831,116.2209609,40.2603782,6,-1
Cz,832,116.2212234,40.2607128,6,-1
Cz,833,116.2186606,40.2563651,6,-1
Cz,834,116.2188203,40.2563186,6,-1
Cz,835,116.218858,40.2567465,6,-1
Cz,836,116.2204489,40.2596364,6,-1
Cz,837,116.2202415,40.2592883,6,-1
Cz,838,116.2200313,40.2589458,6,-1
Cz,839,116.219852,40.2585929,6,-1
Cz,840,116.2196694,40.2582235,6,-1
Cz,841,116.2194882,40.257844,6,-1
Cz,842,116.2192688,40.2574701,6,-1
Cz,843,116.2190574,40.2571097,6,-1
Cz,844,116.2190228,40.2566832,6,-1
Cz,845,116.2192252,40.2570539,6,-1
Cz,846,116.2194535,40.2574221,6,-1
Cz,847,116.2196513,40.2577975,6,-1
Cz,848,116.2198643,40.2581812,6,-1
Cz,849,116.2200417,40.2585438,6,-1
Cz,850,116.2202438,40.2589002,6,-1
Cz,851,116.2204307,40.2592557,6,-1
Cz,852,116.220647,40.2595901,6,-1
Cz,853,116.2209164,40.2599482,6,-1
Cz,854,116.2211302,40.2602985,6,-1
Cz,855,116.22138,40.2606554,6,-1
Cj,504,116.4106885,39.9085583,6,-1
El,13142,116.4106215,39.9090501,6,-1
Bd,4152,116.4345947,39.9165563,6,-1
By,205,116.4107225,39.9089721,6,-1
Cn,5943,116.4109792,39.9086669,6,-1
Ca,556,116.4109017,39.9075917,6,-1
Ex,755,116.066258,40.2884362,6,-1
Bj,235,116.0665288,40.288077,6,-1
Cp,12312,116.0647745,40.2868604,6,-1
El,13169,116.4110065,39.9083034,6,-1
El,13170,116.4106943,39.9077006,6,-1
As,268,116.4109922,39.9083081,6,-1
Cn,5951,116.4105414,39.8975728,6,-1
Bh,298,116.4107824,39.9388094,6,-1
Bf,778,116.4103762,39.9440914,6,-1
El,13192,116.3599493,39.8833053,6,-1
Dj,901,116.2063497,39.9985379,6,-1
Cz,864,116.3435942,39.8707688,6,-1
Cz,865,116.3438099,39.8699861,6,-1
Al,2850,116.2065306,39.9964345,6,-1
Cz,866,116.3438614,39.8713408,6,-1
Cz,867,116.3429666,39.8905783,6,-1
Bz,2551,116.447974,40.9544213,6,-1
El,13243,116.4041794,39.9092512,6,-1
Dy,1363,116.1808814,39.9861164,6,-1
Dy,1364,116.1815597,39.9864699,6,-1
Dy,1365,116.1813564,39.9863853,6,-1
Dy,1366,116.1803819,39.9853952,6,-1
Eu,1254,116.4689746,39.9369193,6,-1
El,13264,116.3634202,39.9574306,6,-1
El,13267,116.3879819,39.940588,6,-1
El,13268,116.4255177,39.9105872,6,-1
Es,4059,116.3746202,39.9439782,6,-1
Es,4060,116.2679373,39.9980562,6,-1
Bd,4171,116.63382,40.3306131,6,-1
Bd,4172,116.6242601,40.3320714,6,-1
Bd,4173,116.6682844,40.3697384,6,-1
Bd,4174,116.6371083,40.3269878,6,-1
Bd,4175,116.8506092,40.3729848,6,-1
Bd,4176,116.6775504,40.3495813,6,-1
Bd,4177,116.6371577,40.31286,6,-1
Bd,4178,116.6303041,40.340934,6,-1
Bd,4179,116.6322333,40.3224199,6,-1
Bd,4180,116.6551715,40.3592207,6,-1
Bd,4181,116.6544898,40.3143846,6,-1
Bd,4182,116.651387,40.3143007,6,-1
Bd,4183,116.6356183,40.3151029,6,-1
Bd,4184,116.6341865,40.3214893,6,-1
Bd,4185,116.624333,40.292614,6,-1
Bd,4186,116.6397275,40.3174273,6,-1
Bd,4187,116.6348423,40.294915,6,-1
Bd,4188,116.6538056,40.3473565,6,-1
Bd,4189,116.6508388,40.3470047,6,-1
Bd,4190,116.5770837,40.2902405,6,-1
Bd,4191,116.6256903,40.3041915,6,-1
Bd,4193,116.6144709,40.2900712,6,-1
Bd,4194,116.6382383,40.3326162,6,-1
Bd,4195,116.6264436,40.3173538,6,-1
Bd,4196,116.8450262,40.3841719,6,-1
Bd,4197,116.854938,40.3832641,6,-1
Bd,4198,116.8591323,40.3796936,6,-1
Bd,4199,116.8299772,40.3774835,6,-1
Bd,4200,116.8570801,40.3878072,6,-1
Bd,4201,116.8062271,40.3639114,6,-1
Bd,4202,116.7868601,40.3511619,6,-1
Bd,4203,116.8310435,40.3840561,6,-1
Bd,4204,116.8400633,40.3678705,6,-1
Bd,4205,116.8503513,40.3801372,6,-1
Bd,4206,116.8542384,40.3940197,6,-1
Bd,4207,116.6300671,40.3077921,6,-1
Ci,3173,116.4450355,39.9075332,6,-1
El,13287,116.5126337,39.9235418,6,-1
El,13288,116.5126378,39.9234191,6,-1
Bd,4210,116.3965924,39.9438974,6,-1
El,13296,116.4477531,39.9330989,6,-1
El,13297,116.4484716,39.9337448,6,-1
Ci,3179,116.4485689,39.933031,6,-1
Cj,506,116.3633499,39.9515387,6,-1
Cj,507,116.3616026,39.9680192,6,-1
El,13300,116.3869367,39.8983513,6,-1
Fa,1416,116.4217019,40.0613578,6,-1
Dc,1652,116.4220667,40.0617766,6,-1
Cz,874,116.3142571,39.7051731,6,-1
Fa,1418,116.5499564,40.0999479,6,-1
Fa,1419,116.5699173,40.0570564,6,-1
El,13308,116.3549357,39.9656376,6,-1
Al,2873,116.3678066,39.9103171,6,-1
Al,2874,116.3680087,39.912131,6,-1
Cn,5985,116.4191553,39.9398444,6,-1
Ex,785,116.4898547,39.9857795,6,-1
El,13346,116.378587,39.8930009,6,-1
Dl,1095,116.5071679,39.9229856,6,-1
El,13349,116.4337534,39.9207494,6,-1
El,13350,116.3669047,39.9093947,6,-1
El,13351,116.3466467,39.9395131,6,-1
Cz,877,116.349463,39.8684339,6,-1
At,4033,116.416219,39.9207134,6,-1
At,4034,116.4054123,39.91687,6,-1
Ci,3205,116.4068382,39.9469343,6,-1
At,4035,116.3715809,40.0006778,6,-1
El,13405,116.3079636,39.9777947,6,-1
El,13406,116.3081223,39.9777972,6,-1
El,13407,116.3083238,39.9781782,6,-1
El,13408,116.3073977,39.9784828,6,-1
Cj,508,116.2894386,39.9717186,6,-1
El,13409,116.2892655,39.9711476,6,-1
El,13410,116.2887516,39.9711462,6,-1
Al,2895,116.4328641,39.9067112,6,-1
El,13411,116.3890306,39.9163127,6,-1
El,13422,116.6530933,40.3590282,6,-1
El,13423,116.6530554,40.3588433,6,-1
Bz,2563,116.8161955,40.5006198,6,-1
El,13437,116.2690877,39.9969482,6,-1
El,13438,116.4053978,39.9146523,6,-1
El,13446,116.2893273,39.9725594,6,-1
Ct,581,115.9907728,40.4413385,6,-1
Cn,6004,115.9716485,40.4697894,6,-1
Aw,907,115.9719355,40.4698671,6,-1
Cn,6010,116.29782,39.9736917,6,-1
Bd,4240,116.4510397,39.912579,6,-1
Cj,511,116.4543568,39.8940887,6,-1
Ci,3233,116.3969027,39.9397415,6,-1
El,13529,116.4873359,39.9731957,6,-1
El,13530,116.4667498,40.0008546,6,-1
El,13531,116.4669573,40.0009087,6,-1
Cz,885,116.4649901,39.9988304,6,-1
El,13532,116.4560349,39.9991911,6,-1
Ci,3253,116.4529509,39.9043373,6,-1
El,13570,116.3884706,39.8977614,6,-1
Es,4104,116.0672583,40.2905945,6,-1
El,13572,116.3895906,39.8960488,6,-1
Al,2938,116.3893097,39.8956668,6,-1
El,13573,116.3874048,39.8978173,6,-1
Ex,795,116.3976654,39.9085614,6,-1
El,13631,116.4116612,39.9224005,6,-1
El,13667,116.2987687,39.986537,6,-1
Ci,3279,116.2986359,39.9873238,6,-1
El,13668,116.3011525,39.9813537,6,-1
Bd,4258,116.3193864,39.9721466,6,-1
Ex,796,115.954796,40.4386303,6,-1
El,13710,116.4156103,39.9682237,6,-1
El,13711,116.410408,39.9637226,6,-1
Ci,3302,116.2959469,40.0528663,6,-1
Cz,892,116.4152502,39.9685257,6,-1
El,13721,116.3183976,39.619394,6,-1
Ca,567,116.328396,39.6961295,6,-1
Bd,4266,116.2910017,39.7004653,6,-1
Dl,1117,116.5077986,39.9229161,6,-1
Dn,415,116.3046395,40.0285841,6,-1
Dn,416,116.2894863,40.0323647,6,-1
Dn,417,116.3209749,40.0471429,6,-1
Dl,1118,116.5067778,39.9226044,6,-1
Dj,903,116.1747611,39.9858909,6,-1
Al,2982,116.1722034,39.9885738,6,-1
Dj,904,116.172102,39.9875675,6,-1
Dj,905,116.1789159,39.9848439,6,-1
Dj,906,116.1756826,39.98585,6,-1
Dj,907,116.1768555,39.9857208,6,-1
Dj,908,116.1792717,39.9843414,6,-1
Dy,1387,116.1751624,39.9894418,6,-1
Dy,1388,116.1734231,39.9895241,6,-1
Dy,1389,116.1747923,39.9897322,6,-1
Dj,909,116.1748773,39.9895558,6,-1
Dj,910,116.1761102,39.9892388,6,-1
Dy,1390,116.1758967,39.9894915,6,-1
Dj,911,116.1769719,39.9890829,6,-1
Dy,1391,116.1780977,39.9889797,6,-1
Dy,1392,116.1783079,39.9890233,6,-1
Bz,2628,116.0651022,40.0865576,6,-1
Ct,590,116.6405936,39.8716118,6,-1
Ct,591,116.6364822,39.869651,6,-1
Ct,592,116.6329391,39.8928156,6,-1
Bd,4269,116.4016562,39.8896205,6,-1
Fa,1454,116.301952,39.9641726,6,-1
Cn,6048,116.3025111,39.9625911,6,-1
Cn,6049,116.3019505,39.9642125,6,-1
El,13805,116.3019079,39.9651807,6,-1
Cn,6050,116.3023676,39.9630105,6,-1
Al,2991,116.3026463,39.9627442,6,-1
Ci,3331,116.3324158,39.9912183,6,-1
Al,2996,116.4008443,40.0036986,6,-1
Al,2997,116.390271,39.997773,6,-1
Al,2998,116.3877449,39.9997912,6,-1
Cn,6070,116.356621,39.9162068,6,-1
Cn,6071,116.5101184,39.7852637,6,-1
Cn,6072,116.4302504,39.9127013,6,-1
Cn,6073,116.3203498,39.9834484,6,-1
Cn,6074,116.4704768,39.9792073,6,-1
Cn,6075,116.3204555,39.9367801,6,-1
Cn,6076,116.4289457,39.9298087,6,-1
Al,3018,116.4270489,39.9891994,6,-1
El,13928,116.4269336,39.9892351,6,-1
El,13929,116.4269248,39.9888839,6,-1
El,13932,116.3622639,39.9774565,6,-1
El,13933,116.3301857,40.0284955,6,-1
El,13934,116.4264775,40.0451093,6,-1
El,13935,116.40782,40.0688115,6,-1
El,13936,116.3511531,39.9513558,6,-1
El,13937,116.6462464,40.1266131,6,-1
El,13938,116.305398,40.0278634,6,-1
El,13939,116.3140373,40.0759628,6,-1
El,13940,116.8533327,40.3754781,6,-1
El,13941,116.446419,40.0192767,6,-1
El,13942,116.4782027,39.988656,6,-1
El,13943,116.6346286,40.1282231,6,-1
El,13946,116.3841957,39.8924595,6,-1
Ci,3347,116.3160176,39.8902605,6,-1
Al,3026,116.3885679,39.8944495,6,-1
Es,4180,116.4030863,39.9012829,6,-1
Ci,3350,116.4101333,39.9076095,6,-1
Es,4181,116.4044818,39.9013964,6,-1
Ci,3358,116.3271738,39.9935778,6,-1
Ci,3359,116.4436498,39.9084206,6,-1
El,14007,116.4436118,39.9080765,6,-1
Dy,1413,116.1774462,39.986374,6,-1
Bz,2664,116.1748437,39.9881634,6,-1
Bf,807,116.4005125,39.9029179,6,-1
Bf,808,116.4005993,39.9047524,6,-1
El,14049,116.4157896,39.8181993,6,-1
El,14050,116.6301576,39.9028746,6,-1
El,14051,116.5905939,39.925309,6,-1
El,14052,116.3124871,39.6860276,6,-1
El,14053,116.4763561,39.9148064,6,-1
El,14054,116.2912162,39.8645659,6,-1
El,14055,116.2978683,39.9112735,6,-1
El,14056,116.3327974,39.7290492,6,-1
El,14057,116.1665514,39.9211969,6,-1
El,14058,116.2186793,39.9047637,6,-1
El,14059,116.4955629,39.8034761,6,-1
El,14060,116.4668561,39.8834514,6,-1
El,14061,116.2908398,39.8812696,6,-1
El,14062,116.2989616,39.9433596,6,-1
El,14063,116.4113731,39.8961788,6,-1
El,14064,116.364557,39.8469595,6,-1
El,14065,116.4492553,39.9227463,6,-1
Ci,3372,116.3918935,39.8813589,6,-1
Al,3042,116.3920774,39.8790831,6,-1
Ci,3373,116.3889459,39.8960563,6,-1
Al,3043,116.3927342,39.8898593,6,-1
Ci,3374,116.4090577,39.9075626,6,-1
Cn,6178,116.4010678,40.0052222,6,-1
Cn,6200,116.3072603,39.9778093,6,-1
Dj,935,116.2080707,39.9949677,6,-1
Dj,936,116.2092097,39.9938876,6,-1
Cn,6214,116.3065275,39.9814047,6,-1
Es,4209,116.7804575,40.5959667,6,-1
Cn,6247,116.2998394,39.973612,6,-1
Cn,6248,116.3261645,39.9926944,6,-1
Cn,6249,116.326176,39.9924369,6,-1
Dy,1420,116.4293028,39.8789261,6,-1
Ci,3435,116.443172,39.9275213,6,-1
Dj,953,116.1801265,39.9842258,6,-1
Dy,1438,116.1865955,39.9909726,6,-1
Al,3074,116.1779353,39.9892377,6,-1
Al,3075,116.1778811,39.9894476,6,-1
El,14227,116.3114715,39.7514005,6,-1
Cn,6256,116.3054099,39.983284,6,-1
El,14229,116.1146624,40.0791827,6,-1
Bd,4302,116.1143942,40.0774156,6,-1
El,14230,117.1024067,40.2563546,6,-1
El,14231,117.1182102,40.2241217,6,-1
El,14245,116.4010721,40.0051511,6,-1
Cn,6258,116.3137934,39.9752919,6,-1
Bd,4313,116.4057959,39.9351906,6,-1
Fa,1495,116.331029,39.9913622,6,-1
Fa,1496,116.3310286,39.991701,6,-1
Cn,6260,116.332911,40.0368517,6,-1
Bt,255,116.2157443,39.9950123,6,-1
El,14292,116.2183456,39.994666,6,-1
Bd,4321,116.218143,39.9952213,6,-1
Et,218,116.2065533,39.9986808,6,-1
El,14298,116.4052782,39.8991721,6,-1
Ci,3486,116.4119426,39.8966843,6,-1
El,14334,116.2939363,39.8655913,6,-1
El,14350,116.4332436,39.9066635,6,-1
El,14351,116.4052782,39.8991721,6,-1
El,14352,116.461728,39.8768963,6,-1
El,14353,116.3880379,39.895531,6,-1
El,14354,116.414075,39.885806,6,-1
El,14355,116.4029995,39.9266809,6,-1
El,14357,116.3690154,39.9335388,6,-1
El,14358,116.4105801,39.9143206,6,-1
El,14374,116.4061616,39.9314691,6,-1
El,14395,116.4487599,39.9337924,6,-1
Cn,6296,116.2771459,40.0322224,6,-1
El,14406,116.4066245,39.9996153,6,-1
Ci,3521,116.3249663,39.9927551,6,-1
Bd,4339,116.2969188,39.932535,6,-1
El,14433,116.3923501,39.8947182,6,-1
El,14435,116.3590839,39.847138,6,-1
El,14440,116.4606784,40.0080732,6,-1
El,14452,116.4014079,39.9440261,6,-1
Bz,2699,116.3871775,39.9376188,6,-1
Bz,2700,116.3906035,39.9230873,6,-1
El,14463,116.438497,39.9057611,6,-1
El,14472,116.440127,39.920754,6,-1
Ci,3542,116.4217449,39.949243,6,-1
Ct,620,116.4035116,40.1303994,6,-1
Bz,2703,116.2615463,39.9953338,6,-1
Bd,4355,116.4043171,40.0698563,6,-1
El,14482,116.4043156,40.0698767,6,-1
El,14483,116.4028353,40.0730697,6,-1
Bd,4356,116.4025824,40.0730816,6,-1
Dj,960,116.4048349,40.0722135,6,-1
By,217,116.400006,39.9345514,6,-1
Es,4308,116.1846953,39.9911688,6,-1
Es,4309,116.1814675,39.9907983,6,-1
Cz,931,116.1777153,39.9903673,6,-1
Bz,2708,116.1712076,39.9897492,6,-1
Es,4310,116.1733732,39.9886967,6,-1
Bf,816,116.1721611,39.9885687,6,-1
Cn,6346,116.3263707,40.0350157,6,-1
El,14538,116.4031341,40.0732097,6,-1
El,14539,116.4031303,40.0733056,6,-1
El,14540,116.4032782,40.0734018,6,-1
Dl,1140,116.5526619,40.4246705,6,-1
El,14557,116.3977052,39.9937282,6,-1
Es,4324,116.4238673,39.8657137,6,-1
Es,4325,116.4238673,39.8657054,6,-1
Es,4326,116.4238673,39.8656968,6,-1
Es,4327,116.4238673,39.865681,6,-1
Bf,820,116.4142155,39.9170268,6,-1
Es,4328,117.2429359,40.2585596,6,-1
At,4144,116.4092692,39.9428246,6,-1
El,14596,116.4373725,39.917329,6,-1
El,14597,116.4375635,39.9180934,6,-1
Bd,4381,116.4121604,39.9397367,6,-1
El,14608,116.4534933,39.9327567,6,-1
El,14627,116.4626835,39.947895,6,-1
Bh,351,116.4141136,39.9417353,6,-1
El,14646,116.4026367,39.935775,6,-1
As,302,116.402595,39.937315,6,-1
El,14647,116.4025738,39.9365527,6,-1
Cn,6380,116.2685199,40.0297315,6,-1
Ci,3601,116.3974807,39.9392787,6,-1
El,14655,116.3969074,39.9393045,6,-1
El,14656,116.2608341,40.0381314,6,-1
As,303,116.3968854,39.9390775,6,-1
Al,3212,116.2704342,40.0275661,6,-1
Bd,4393,116.2706138,40.0279252,6,-1
El,14660,116.3969885,39.9393146,6,-1
Cn,6381,116.2600558,40.0386759,6,-1
El,14661,116.2602288,40.0385635,6,-1
Cn,6382,116.3665509,39.8768112,6,-1
El,14675,116.3913991,39.892801,6,-1
Bd,4404,116.4901354,39.9774902,6,-1
Ci,3609,116.3992141,39.9393491,6,-1
El,14694,116.9289725,40.3972131,6,-1
Bd,4407,116.9298029,40.3971238,6,-1
El,14708,116.2723259,39.9500351,6,-1
El,14709,116.272337,39.949901,6,-1
El,14734,116.3193032,39.9755937,6,-1
El,14742,116.4029072,40.0730735,6,-1
Al,3233,116.3048775,40.028433,6,-1
Cn,6410,116.3051053,40.0283163,6,-1
Bd,4423,116.3979015,39.9393685,6,-1
Bd,4424,116.387588,39.8941121,6,-1
El,14806,116.4626599,39.9841781,6,-1
El,14807,116.4626245,39.9841793,6,-1
Cn,6431,116.4636875,39.9847992,6,-1
El,14840,116.4118966,40.0562267,6,-1
Cn,6439,116.3296315,40.0788908,6,-1
Cn,6440,116.3401353,40.065724,6,-1
Bd,4433,116.2834799,40.0948269,6,-1
Es,4403,115.8585837,39.683489,6,-1
Al,3257,116.3018636,39.9656062,6,-1
Ct,642,116.6372908,40.3416452,6,-1
Ct,643,116.6537569,40.3466425,6,-1
El,14872,117.1569741,40.6924343,6,-1
El,14873,116.456473,39.9495118,6,-1
Eu,1325,117.1579884,40.6876691,6,-1
El,14878,117.1569452,40.687589,6,-1
Cn,6441,117.1585188,40.687312,6,-1
El,14879,117.1569613,40.6879304,6,-1
Bd,4436,117.157047,40.6877678,6,-1
Aw,939,117.1578361,40.6880531,6,-1
Cz,958,115.8847179,40.5540958,6,-1
Dw,239,116.4076396,40.0613037,6,-1
El,14905,116.452967,39.9165528,6,-1
Bz,2826,117.1713313,40.6916857,6,-1
Cn,6458,116.5601044,40.0609627,6,-1
El,14952,116.5524757,40.0629875,6,-1
Bd,4444,116.5540409,40.0625124,6,-1
Fb,123,116.5536148,40.0626485,6,-1
Eu,1331,116.5533275,40.0627339,6,-1
El,14953,116.5522139,40.0630511,6,-1
Eu,1332,116.5593059,40.0611252,6,-1
Al,3290,116.5520675,40.0630967,6,-1
Al,3291,116.5522927,40.0630314,6,-1
El,14954,116.5521373,40.0630752,6,-1
Ct,646,116.5549208,40.0620748,6,-1
Bd,4447,116.4107743,39.9417899,6,-1
Dl,1169,116.4379682,39.9328502,6,-1
Cz,966,116.1810657,40.0025037,6,-1
Cz,967,116.1811757,40.0026208,6,-1
By,224,116.3795205,39.885405,6,-1
El,15042,116.3339657,39.9868126,6,-1
El,15043,116.3920697,39.8940804,6,-1
Fa,1576,116.384587,39.9221001,6,-1
Dy,1468,116.3826156,39.9300902,6,-1
Bf,837,116.3800916,39.9289775,6,-1
El,15045,116.3920395,39.8949378,6,-1
Ex,852,116.4859477,39.9827732,6,-1
El,15046,116.3231081,39.9049115,6,-1
Bj,283,116.4062405,39.8770486,6,-1
Bf,838,116.3457406,39.979083,6,-1
Bf,839,116.3454187,39.9790809,6,-1
Bj,284,116.2680383,39.9994071,6,-1
Bj,285,116.2684607,39.9994523,6,-1
Bf,840,116.4111777,39.9456075,6,-1
Ci,3754,116.3440075,39.9810218,6,-1
Dy,1469,116.270353,39.9989992,6,-1
Bf,841,116.2724358,39.9971797,6,-1
Bf,842,116.2743267,39.9965396,6,-1
El,15047,116.5956071,40.4118133,6,-1
Bj,286,116.5397984,40.4176375,6,-1
El,15048,116.2649779,39.9967739,6,-1
Al,3315,116.2674496,39.9050863,6,-1
El,15049,116.5782773,40.2903618,6,-1
El,15050,116.4044018,39.9469497,6,-1
El,15051,116.3850094,39.9750873,6,-1
Ci,3755,116.4458111,39.9164986,6,-1
Eu,1339,116.3990897,39.9395662,6,-1
Ci,3756,116.3919872,39.8804644,6,-1
Al,3316,116.3919952,39.8810305,6,-1
Al,3317,116.4462899,39.9165346,6,-1
Ci,3757,116.3795659,39.9420083,6,-1
El,15052,116.3992801,39.9317346,6,-1
Ci,3758,116.4481178,39.9352032,6,-1
El,15053,116.448842,39.9301817,6,-1
Cs,2653,116.3787679,39.9423414,6,-1
Cs,2654,116.3787961,39.942291,6,-1
Cs,2655,116.3788082,39.9423188,6,-1
Cs,2656,116.3788189,39.9423414,6,-1
Ct,649,116.3817251,39.9408793,6,-1
Bo,191,116.3742551,39.9427085,6,-1
Dw,246,116.8289211,40.3548396,6,-1
El,15073,116.438406,39.9503129,6,-1
El,15074,116.4759908,39.884714,6,-1
Br,4219,116.4032198,39.9395291,6,-1
El,15075,116.4339256,39.9257218,6,-1
Br,4220,116.4046574,39.9253705,6,-1
Ci,3784,116.4074844,39.8601379,6,-1
El,15083,116.4617084,39.9305518,6,-1
Ef,878,116.5657671,40.0547102,6,-1
Br,4226,116.3842503,39.9212406,6,-1
Bz,2849,116.5359569,40.4551685,6,-1
Br,4228,116.4319634,39.9407169,6,-1
Cn,6483,116.550084,39.7516087,6,-1
Fd,421,117.1847114,40.6920986,6,-1
Ed,649,116.2758977,39.9613299,6,-1
Bd,4491,116.8274017,40.1542585,6,-1
Cn,6493,116.8247973,40.1518407,6,-1
Aw,946,116.8256556,40.1507681,6,-1
Cn,6494,116.8256092,40.1507415,6,-1
Fa,1589,116.826924,40.1535292,6,-1
El,15170,116.3669217,40.0005187,6,-1
Al,3374,116.2271623,40.2161058,6,-1
Al,3375,116.2277689,40.2167992,6,-1
El,15181,116.2268904,40.2196864,6,-1
El,15287,116.2871094,39.9958119,6,-1
El,15289,116.2855698,39.9960677,6,-1
El,15300,116.8249508,40.3679981,6,-1
Cn,6521,116.2581288,39.9056253,6,-1
Es,4497,116.4112609,39.9470627,6,-1
Es,4498,116.4109623,39.9473023,6,-1
Es,4499,116.4106641,39.9468267,6,-1
Es,4500,116.411244,39.9468431,6,-1
Es,4501,116.4109616,39.9470063,6,-1
Es,4502,116.4106282,39.9470413,6,-1
Es,4503,116.4106664,39.9473252,6,-1
El,15340,116.3962437,39.9218217,6,-1
El,15349,116.4044417,39.9110429,6,-1
Ex,864,116.4894067,39.9855987,6,-1
El,15362,116.4239667,39.8893477,6,-1
El,15363,116.4251588,39.885893,6,-1
Ci,3872,116.3270584,39.9924156,6,-1
El,15376,116.2508221,40.052589,6,-1
El,15403,116.315486,39.8873595,6,-1
Es,4511,116.3797536,39.928416,6,-1
Ed,657,116.4386481,40.2576577,6,-1
Ci,3902,116.3875876,39.9248619,6,-1
Du,343,116.4195691,39.9299246,6,-1
El,15450,116.3936577,39.9388962,6,-1
As,309,116.4107253,39.9370764,6,-1
Ci,3905,116.3664575,39.9389799,6,-1
El,15453,116.3655166,39.939111,6,-1
Ci,3906,116.3654132,39.9451232,6,-1
El,15454,116.3666415,39.939811,6,-1
Al,3456,116.3663087,39.9438426,6,-1
Al,3457,116.3652601,39.9457449,6,-1
El,15460,116.3885768,39.8970969,6,-1
Ci,3910,116.3911458,39.9197218,6,-1
Ci,3911,116.3902299,39.9197115,6,-1
Bj,318,116.3900089,39.9196428,6,-1
Eu,1381,116.3900068,39.9195271,6,-1
Bj,319,116.3903972,39.9196995,6,-1
El,15469,116.3908409,39.9197219,6,-1
Bj,320,116.3932422,39.913714,6,-1
Bo,195,116.4439527,39.947818,6,-1
Cn,6555,116.4230311,39.9997207,6,-1
El,15483,116.423502,40.0000128,6,-1
Aw,955,116.4155805,39.9990843,6,-1
As,311,116.4536459,39.9222838,6,-1
Ci,3914,116.4491734,39.9157362,6,-1
Bj,323,116.4106744,39.9462534,6,-1
El,15497,116.4004629,39.939726,6,-1
El,15499,116.4120886,39.9393799,6,-1
Dc,1700,116.5910125,39.8522694,6,-1
Ci,3937,116.239708,40.070987,6,-1
Cn,6573,116.305424,40.0345956,6,-1
Cp,12530,116.0649167,39.8664447,6,-1
Bd,4563,116.2463989,40.0636538,6,-1
Ci,3939,116.3101595,39.9824062,6,-1
Ci,3940,116.3100818,39.9825808,6,-1
Bd,4564,116.2397892,40.0710215,6,-1
Bz,2904,116.6394638,40.3822672,6,-1
Bz,2905,116.6425004,40.3839534,6,-1
Bz,2906,116.6438082,40.3848669,6,-1
Bz,2907,116.6446293,40.3874701,6,-1
Bz,2908,116.6479939,40.3925353,6,-1
Bz,2909,116.6486886,40.3952665,6,-1
Bz,2910,116.6496269,40.3965411,6,-1
Bz,2911,116.6471918,40.3986195,6,-1
Bz,2914,116.6462256,40.4068688,6,-1
Bz,2915,116.6456892,40.408613,6,-1
Bz,2916,116.6457375,40.4099446,6,-1
Bz,2918,116.6469135,40.3916575,6,-1
Bz,2919,116.6438532,40.3903193,6,-1
Bz,2920,116.6421956,40.3892896,6,-1
Bz,2921,116.6418417,40.3831617,6,-1
Cj,548,116.5394968,40.4175613,6,-1
El,15551,116.5404228,40.4179247,6,-1
Bj,330,116.5408211,40.4181355,6,-1
Ef,897,116.4855119,40.4901259,6,-1
Cz,990,116.5185062,40.4667512,6,-1
Cp,12538,116.5764118,40.4009115,6,-1
Bh,387,116.4787473,39.9299185,6,-1
At,4234,116.4217045,39.979469,6,-1
El,15639,116.3894522,39.9339721,6,-1
At,4238,116.2973112,39.9413531,6,-1
Ch,89,116.0669595,39.8673428,6,-1
Cp,12542,116.0686841,39.8678899,6,-1
Cz,992,116.0670501,39.8673175,6,-1
Cn,6601,116.3162393,40.03555,6,-1
Ex,881,116.3812936,39.8913107,6,-1
Ex,882,116.3796108,39.8902708,6,-1
El,15662,116.295948,40.0424198,6,-1
El,15663,116.2958396,40.0425643,6,-1
Cj,550,116.4763549,39.988961,6,-1
Cj,551,116.4764483,39.9890505,6,-1
Es,4611,116.2742391,39.9963654,6,-1
Ct,715,116.9833176,40.5657212,6,-1
El,15676,116.4164214,39.9432285,6,-1
El,15689,116.4324489,39.9098332,6,-1
Bj,334,116.4152684,39.882841,6,-1
Dy,1503,116.1887726,39.9872334,6,-1
Dy,1504,116.1889111,39.9872633,6,-1
Ch,90,116.0643293,39.862922,6,-1
Ch,91,116.0648218,39.8664535,6,-1
Ci,4008,116.8027206,39.6432956,6,-1
Cn,6623,116.367211,39.9107031,6,-1
Bf,875,116.2474296,39.9001444,6,-1
Es,4630,116.2493672,39.8999529,6,-1
El,15719,116.2500149,39.9018816,6,-1
Ci,4027,116.2479305,39.8994516,6,-1
Ci,4028,116.2500319,39.8994516,6,-1
Bf,876,116.2499439,39.9000101,6,-1
Bf,877,116.2496266,39.9008612,6,-1
Al,3598,116.2463791,39.9021498,6,-1
El,15722,116.2462211,39.9018619,6,-1
Ci,4029,116.3730652,39.9379313,6,-1
Dl,1198,116.3649769,39.9259946,6,-1
Dl,1199,116.3622,39.9248198,6,-1
Es,4641,116.4311908,39.9074927,6,-1
Ci,4033,116.4007884,40.0019504,6,-1
Cn,6636,116.4008367,39.9911237,6,-1
Cj,553,116.402851,39.9966442,6,-1
Cj,554,116.3087591,39.9769112,6,-1
Ci,4034,116.400555,39.9901877,6,-1
El,15734,116.4005778,40.0044335,6,-1
El,15735,116.3994942,40.0041171,6,-1
El,15736,116.3998456,40.0041931,6,-1
El,15737,116.3996793,40.0042034,6,-1
El,15738,116.3992501,40.0041212,6,-1
El,15739,116.400874,39.9917247,6,-1
Cn,6637,116.3092563,39.9814258,6,-1
Cn,6638,116.3049689,39.9244128,6,-1
Cn,6639,116.4862782,39.9750591,6,-1
Cn,6640,116.2878818,39.869045,6,-1
Cn,6641,116.6448382,40.1204635,6,-1
Cn,6642,116.3175175,39.9477587,6,-1
Cn,6643,116.3847739,39.9675083,6,-1
Cn,6644,116.4067117,39.8956064,6,-1
Cn,6645,116.6568774,39.9036305,6,-1
Cn,6646,116.2304638,39.9030841,6,-1
Cn,6647,116.2993839,40.0746984,6,-1
Bd,4604,116.413157,39.9924305,6,-1
El,15799,116.4436019,39.9474947,6,-1
Ci,4067,116.5450571,40.3760912,6,-1
El,15801,116.5485473,40.3759011,6,-1
El,15802,116.4252599,40.4060207,6,-1
El,15811,116.4027407,39.9963027,6,-1
Cj,556,116.6395039,40.3277265,6,-1
Ef,912,116.4880416,39.9869872,6,-1
Dn,442,116.3183857,40.0031247,6,-1
Bf,885,116.3209875,40.0039383,6,-1
Ef,919,116.3208183,40.0017659,6,-1
Ci,4080,116.3273789,39.9983263,6,-1
Bf,886,116.3252385,40.0021357,6,-1
Cn,6724,116.3202001,40.0603257,6,-1
Ed,673,116.3264912,39.9975833,6,-1
Ed,674,116.3246791,39.9918193,6,-1
Bf,887,116.3174702,40.0031323,6,-1
Ed,675,116.3171859,40.0044431,6,-1
Cn,6755,116.3871581,39.9484161,6,-1
By,232,116.38156,39.9445729,6,-1
Cn,6756,116.431884,39.9233604,6,-1
Dl,1232,116.3861103,39.8934774,6,-1
El,16141,116.438682,39.9327191,6,-1
Ci,4127,116.4003727,40.0006191,6,-1
Es,4687,116.405381,39.8809551,7,-1
Ci,4144,116.4471272,39.9137453,7,-1
Cj,561,116.4168828,39.9676236,7,-1
Bd,4775,116.4661798,39.9887498,7,-1
Bd,4776,116.4434315,39.9081584,7,-1
Ci,4146,116.541941,39.9501798,7,-1
El,16183,116.3943515,39.8950575,7,-1
El,16184,116.3922737,39.8969297,7,-1
Bj,348,116.3918192,39.8961591,7,-1
Bd,4786,116.4557764,39.9992781,7,-1
Cn,6772,116.4562349,39.9990774,7,-1
Dl,1241,116.3967867,39.9361358,7,-1
Ci,4153,116.4884145,39.9842392,7,-1
Bz,2997,116.7334933,40.614717,7,-1
Ci,4154,116.2819959,39.9570336,7,-1
Bz,3002,116.3904831,39.9234043,7,-1
Bz,3003,116.6371896,40.4180899,7,-1
Bz,3004,116.6337517,40.4179837,7,-1
Bz,3005,116.6307981,40.4185911,7,-1
Bz,3006,116.6276209,40.4199862,7,-1
Bz,3007,116.6261127,40.4209447,7,-1
Bz,3008,116.6264491,40.4212257,7,-1
Bz,3009,116.6287383,40.4232683,7,-1
Bz,3010,116.6282788,40.4237243,7,-1
Bj,351,116.4055668,39.9146677,7,-1
Ci,4157,116.4265607,39.989017,7,-1
Ci,4159,116.4841948,39.9814301,7,-1
Ci,4160,116.4842793,39.980015,7,-1
Ci,4161,116.3145947,39.9695621,7,-1
Bz,3013,116.648034,40.4010706,7,-1
Bz,3014,116.648801,40.4020454,7,-1
Cz,1020,116.2808513,39.8635187,7,-1
Bh,410,116.2741375,39.9582571,7,-1
El,16251,116.2741208,39.9584328,7,-1
Bo,212,116.6338755,39.9200416,7,-1
Cn,6795,116.3275324,39.9953471,7,-1
Ci,4175,116.4468311,39.9046944,7,-1
Bz,3017,117.226071,40.6822594,7,-1
Fa,1642,116.6945802,40.325044,7,-1
El,16292,116.5417051,40.0187496,7,-1
Dl,1251,116.4364682,39.9352621,7,-1
El,16296,116.387584,39.9365843,7,-1
El,16308,116.3961632,39.931845,7,-1
Ci,4188,116.3972146,39.9318696,7,-1
Al,3763,116.39214,39.8920439,7,-1
Bd,4809,116.2000814,39.8919995,7,-1
Cn,6820,116.2657954,40.0306922,7,-1
Al,3765,116.3006598,39.9656627,7,-1
Al,3766,116.3006598,39.9656627,7,-1
El,16344,116.5924094,40.0507678,7,-1
El,16354,116.3873592,39.9376918,7,-1
El,16355,116.3874397,39.9376692,7,-1
Ci,4198,116.363476,39.9757551,7,-1
El,16358,116.38814,39.9981302,7,-1
Ci,4201,116.3883885,39.998467,7,-1
El,16359,116.3879911,39.9986375,7,-1
El,16360,116.3879889,39.9987383,7,-1
El,16361,116.3877713,39.9992844,7,-1
Ci,4203,116.3879845,39.9988487,7,-1
Dw,259,116.455323,39.9664626,7,-1
Bz,3045,116.5640622,40.4306476,7,-1
El,16383,116.3867918,39.9318247,7,-1
El,16401,116.3962086,39.9222747,7,-1
El,16402,116.3714492,39.8639719,7,-1
Al,3789,116.3035472,39.9324083,7,-1
El,16430,116.3035538,39.9319264,7,-1
El,16448,116.3686589,39.8773667,7,-1
Cn,6832,116.3690056,39.8773594,7,-1
Du,359,116.4019591,39.9419369,7,-1
As,333,116.3907213,39.9320641,7,-1
Bd,4830,116.530404,39.9641802,7,-1
Cz,1028,117.1608779,40.6923665,7,-1
Cn,6846,117.1028426,40.3916028,7,-1
Aw,977,117.1026621,40.3918708,7,-1
Cz,1030,117.4975932,40.6474809,7,-1
El,16494,116.5290239,39.9636392,7,-1
El,16495,116.5289582,39.9635127,7,-1
Bd,4833,116.3108054,40.0627284,7,-1
Bd,4834,116.1578436,39.717422,7,-1
El,16515,116.1582588,39.7173616,7,-1
El,16516,116.1587544,39.7173779,7,-1
Bz,3057,116.7013988,40.6277421,7,-1
El,16519,116.4576118,39.9492524,7,-1
El,16520,116.453389,39.9544254,7,-1
El,16521,116.4516396,39.9541994,7,-1
El,16522,116.4515629,39.954022,7,-1
El,16523,116.4532001,39.9544077,7,-1
El,16524,116.4491268,39.9491528,7,-1
Bd,4837,116.5415882,40.0367658,7,-1
Al,3815,116.4155521,40.0405465,7,-1
Ci,4249,116.4097265,40.0390065,7,-1
Al,3816,116.4270085,40.0453357,7,-1
Al,3817,116.4267645,40.0450068,7,-1
Ci,4250,116.426407,40.0455725,7,-1
El,16556,116.4385298,39.878908,7,-1
Aw,983,116.4271315,40.0318817,7,-1
Al,3818,116.4135469,40.0316749,7,-1
Ci,4251,116.409748,40.0317022,7,-1
Cz,1040,116.338494,39.9408199,7,-1
El,16562,116.4580479,39.9506092,7,-1
Cn,6872,116.4018059,39.9912718,7,-1
Bd,4851,116.5250934,40.024148,7,-1
El,16568,116.3037668,40.0509854,7,-1
Al,3827,116.3400037,40.0140929,7,-1
El,16590,116.5182655,39.9114794,7,-1
Ex,915,116.5202307,39.9090261,7,-1
Ef,942,116.5237272,39.9117338,7,-1
Ef,943,116.5279216,39.9150143,7,-1
El,16591,116.528399,39.9150199,7,-1
El,16598,116.5290234,39.9638944,7,-1
El,16599,116.5290234,39.963842,7,-1
El,16600,116.5290234,39.9637875,7,-1
El,16601,116.5290234,39.9637243,7,-1
El,16602,116.528959,39.9634745,7,-1
El,16603,116.5289604,39.9634375,7,-1
Fb,142,116.5289617,39.9633943,7,-1
El,16604,116.5289617,39.9632936,7,-1
El,16605,116.5289604,39.9632258,7,-1
Bd,4869,116.2771964,39.7478129,7,-1
Cz,1046,116.2807594,39.7472701,7,-1
Ed,692,116.2816523,39.7455967,7,-1
Cz,1047,116.2805922,39.7479421,7,-1
Ed,695,116.5502576,39.90898,7,-1
El,16641,116.6191256,40.3711994,7,-1
El,16642,116.6610094,40.3630508,7,-1
Eu,1488,116.660762,40.3628887,7,-1
El,16643,116.6602386,40.362617,7,-1
El,16644,116.6600747,40.3625162,7,-1
El,16645,116.6592982,40.3625074,7,-1
El,16646,116.6594679,40.3623124,7,-1
El,16647,116.657449,40.3613723,7,-1
Ex,917,116.5535897,39.9135397,7,-1
Ex,918,116.5511277,39.9134251,7,-1
Ex,919,116.5535049,39.9135477,7,-1
Dy,1575,116.6532886,40.4052397,7,-1
El,16648,116.4097447,40.0055429,7,-1
Eu,1489,116.4028697,40.0015619,7,-1
Al,3864,116.4020321,39.9115529,7,-1
El,16650,116.682461,40.3955694,7,-1
El,16653,116.4069826,40.0047617,7,-1
Bz,3078,116.8340392,40.4042912,7,-1
Bz,3079,116.8344313,40.4061383,7,-1
Bz,3080,116.8338615,40.4036343,7,-1
Bz,3081,116.8329712,40.4059293,7,-1
Bz,3082,116.831655,40.4146027,7,-1
Bz,3083,116.8364535,40.4096878,7,-1
Bz,3084,116.8376605,40.4066733,7,-1
El,16724,116.3397835,39.9070741,7,-1
Al,3900,116.4834012,39.9737572,7,-1
Cn,6946,116.483191,39.9783093,7,-1
Al,3901,116.4832208,39.9779638,7,-1
Cn,6947,116.4840179,39.9765579,7,-1
El,16734,116.4122903,40.0317038,7,-1
El,16735,116.4116236,39.9418491,7,-1
El,16736,116.4185467,39.9420249,7,-1
Es,4818,116.2182858,40.2554087,7,-1
El,16737,116.4108448,39.9417775,7,-1
Es,4819,116.556945,40.443508,7,-1
Es,4820,116.2690576,39.9858911,7,-1
El,16738,116.4144963,39.9418515,7,-1
Es,4821,116.2185167,40.2557464,7,-1
Es,4822,116.2431464,40.3011994,7,-1
Es,4823,116.2192444,40.2935821,7,-1
Bd,4897,116.4244306,39.9993922,7,-1
El,16741,116.4392865,39.9205298,7,-1
Al,3905,116.3375071,40.0134116,7,-1
Eu,1496,116.4002894,39.9975971,7,-1
Cn,6956,116.4016856,39.9717875,7,-1
Eu,1497,116.4196655,39.9417618,7,-1
Bd,4899,116.4180875,39.9727347,7,-1
Al,3911,116.418136,39.9715617,7,-1
Bd,4902,116.4033724,40.0334193,7,-1
Cn,6959,116.4083994,40.0610115,7,-1
Cn,6960,116.4093587,40.0606601,7,-1
Cn,6962,116.2995837,40.0449557,7,-1
Dy,1598,116.6683785,40.5481511,7,-1
El,16759,116.6738155,40.5559882,7,-1
El,16760,116.6627808,40.6012909,7,-1
Cn,6963,116.3031859,40.0364315,7,-1
Cn,6964,116.3216156,40.0766966,7,-1
Cn,6965,116.3199,40.0761957,7,-1
Al,3912,116.3235782,40.0567857,7,-1
Cn,6966,116.330706,40.078084,7,-1
At,4411,116.3723688,39.8763238,7,-1
Bh,431,116.4606289,39.8917313,7,-1
Cn,6967,116.4611789,39.8917023,7,-1
Ci,4317,116.4545729,39.8943123,7,-1
Cn,6968,116.4546783,39.8972801,7,-1
Cn,6969,116.4568761,39.8916983,7,-1
Ci,4318,116.4635246,39.8911266,7,-1
Cn,6971,116.4119618,39.8940365,7,-1
Cn,6972,116.4117258,39.8942546,7,-1
Cn,6973,116.4085251,40.0308804,7,-1
Al,3914,116.4088452,40.0309993,7,-1
El,16768,116.4105579,40.0300725,7,-1
Dw,266,116.4543539,39.8951733,7,-1
Al,3919,116.2846854,39.9966858,7,-1
Al,3920,116.2840399,39.996711,7,-1
Cn,6980,116.2955319,39.9661003,7,-1
Bh,432,116.3303194,40.035845,7,-1
Cn,6981,116.4203915,39.9225075,7,-1
Cn,6982,116.3216914,39.9837211,7,-1
Cn,6983,116.280831,39.9236192,7,-1
Cn,6984,116.4314153,39.9683741,7,-1
Cn,6985,116.4310954,39.9684899,7,-1
Cn,6986,116.4307404,39.968629,7,-1
Cn,6987,116.3215662,39.9316111,7,-1
Cn,6988,116.3213848,39.9316125,7,-1
Cn,6989,116.322017,39.9316058,7,-1
Cn,6990,116.3953508,39.9918756,7,-1
Cn,6991,116.2804592,39.9235745,7,-1
Cn,6992,116.3548823,39.9174649,7,-1
Cn,6993,116.4495198,39.8828298,7,-1
Cn,6994,116.433194,39.8570227,7,-1
Al,3925,116.4330715,39.8565497,7,-1
Cn,6995,116.4604425,39.9216112,7,-1
Cn,6996,116.4344658,39.8570219,7,-1
Cn,6997,116.4355138,39.8569992,7,-1
Cn,6998,116.43532,39.8569929,7,-1
El,16783,116.3652416,39.9464489,7,-1
El,16784,116.4097893,39.9157238,7,-1
El,16787,116.4989869,40.0330905,7,-1
Cn,7004,116.3012238,40.0346053,7,-1
Al,3947,116.3015676,40.0346856,7,-1
Cn,7005,116.3029218,40.0350237,7,-1
Ci,4328,116.3023179,40.0349655,7,-1
Ci,4329,116.2768709,40.0322146,7,-1
El,16816,116.3657956,39.9997009,7,-1
El,16817,116.3501418,40.0652991,7,-1
El,16818,116.3243782,39.9926544,7,-1
El,16819,116.322635,39.9655062,7,-1
Ci,4332,116.455144,39.9536532,7,-1
El,16825,116.454667,39.9529636,7,-1
El,16826,116.4114836,39.9611176,7,-1
El,16827,116.3487516,39.8593315,7,-1
El,16828,116.348746,39.859296,7,-1
El,16829,116.5159184,39.9229965,7,-1
Cj,586,116.3496821,39.8593423,7,-1
Ci,4333,116.3486898,39.8594706,7,-1
Cn,7015,116.3664341,39.9051045,7,-1
Al,3958,116.3688168,39.8968373,7,-1
Al,3959,116.3678285,39.8953819,7,-1
Cn,7016,116.3685853,39.9022643,7,-1
Cn,7017,116.3686126,39.9017891,7,-1
Cn,7018,116.368816,39.9129774,7,-1
Ci,4334,116.3660747,39.9099574,7,-1
El,16833,116.3737716,39.9756642,7,-1
Cn,7022,116.3118496,39.9722999,7,-1
Ci,4338,116.3097524,39.9768134,7,-1
Ci,4339,116.30899,39.9783658,7,-1
Cn,7026,116.3072889,39.9806305,7,-1
Cn,7028,116.3940185,39.9678265,7,-1
Cn,7029,116.3601973,39.9760741,7,-1
Al,3962,116.3602027,39.975775,7,-1
Cn,7030,116.3231202,39.9756842,7,-1
El,16851,116.4044154,39.982003,7,-1
El,16852,116.3398024,40.0339647,7,-1
Cn,7036,116.3465505,40.0293776,7,-1
El,16853,116.3412699,40.0322591,7,-1
Cn,7037,116.2810653,40.0322919,7,-1
Bz,3101,116.6382307,40.4126123,7,-1
Bz,3102,116.6395949,40.4121934,7,-1
Cz,1067,116.6189752,40.3034754,7,-1
El,16868,116.3343301,39.9983177,7,-1
Al,3982,116.3468714,40.0013493,7,-1
Al,3983,116.3468955,40.0013555,7,-1
Al,3984,116.3468904,40.0014469,7,-1
El,16869,116.4109015,39.9403604,7,-1
Al,3985,116.411234,39.9398657,7,-1
El,16870,116.4038546,39.9398346,7,-1
El,16876,116.2649953,40.014939,7,-1
Cj,590,116.2648542,40.0137305,7,-1
Cn,7051,116.2650035,40.0152946,7,-1
Al,3990,116.2650103,40.0144478,7,-1
Bd,4919,116.2647529,40.013273,7,-1
Al,3991,116.2647443,40.0131345,7,-1
El,16877,116.264731,40.013411,7,-1
El,16898,116.3682848,39.9129547,7,-1
El,16899,116.4546261,39.9109047,7,-1
El,16900,116.4547882,39.9111036,7,-1
Br,4331,116.6448867,40.3800847,7,-1
Br,4332,116.6407124,40.3815219,7,-1
Cn,7053,116.4450111,39.9182269,7,-1
Cn,7054,116.447088,39.9062903,7,-1
Cn,7055,116.4452165,39.9176488,7,-1
Ci,4352,116.2826592,39.9578696,7,-1
Cn,7056,116.2800522,39.9577407,7,-1
Ci,4353,116.3499172,39.9519857,7,-1
Ci,4354,116.2823922,39.9570645,7,-1
Bd,4930,116.4992267,39.9137012,7,-1
El,16905,116.350976,39.9516817,7,-1
El,16906,116.3509634,39.9516618,7,-1
Bd,4931,116.3438722,40.0421425,7,-1
Al,3994,116.3430977,40.0422132,7,-1
Cj,591,116.3439254,40.0421808,7,-1
Cn,7057,116.4682434,39.9119529,7,-1
Cn,7058,116.2686948,39.9041359,7,-1
Ci,4355,116.4738708,39.9092716,7,-1
Cn,7059,116.4740357,39.9098652,7,-1
El,16907,116.4695191,39.9119555,7,-1
Ci,4356,116.4752006,39.9104348,7,-1
Cn,7060,116.4343276,39.9492677,7,-1
Cn,7061,116.4776221,39.9899526,7,-1
El,16909,116.4736762,39.985691,7,-1
El,16910,116.4736984,39.9856001,7,-1
Cn,7065,116.3592039,40.0073991,7,-1
Cn,7067,116.3301837,40.0282697,7,-1
El,16918,116.3300492,40.0285188,7,-1
El,16919,116.3260452,40.0290835,7,-1
Al,3996,116.3261729,40.0291799,7,-1
El,16920,116.3301988,40.0288094,7,-1
Aw,1011,116.5529748,39.7928908,7,-1
Fa,1695,116.1980456,40.0402213,7,-1
El,16926,116.346487,39.9395658,7,-1
El,16927,116.346515,39.9402564,7,-1
Al,4001,116.2916373,39.8814496,7,-1
Cj,592,116.2905749,39.8813767,7,-1
Ci,4369,116.2917528,39.8814375,7,-1
El,16928,116.2912011,39.8808844,7,-1
El,16929,116.2920212,39.8806595,7,-1
El,16930,116.290208,39.8814128,7,-1
El,16931,116.2900314,39.8715387,7,-1
El,16932,116.2900028,39.8716273,7,-1
El,16933,116.289999,39.8719455,7,-1
Ci,4370,116.2994686,39.865076,7,-1
El,16934,116.2983929,39.8649571,7,-1
Al,4002,116.2983921,39.8647025,7,-1
El,16935,116.2983537,39.8649518,7,-1
Cn,7088,116.3010635,39.8648621,7,-1
Cn,7089,116.3000216,39.8650929,7,-1
Cn,7090,116.3012652,39.8651473,7,-1
Cn,7091,116.3019363,39.8652026,7,-1
Cn,7092,116.3005475,39.8651498,7,-1
El,16939,116.3398477,39.906548,7,-1
El,16940,116.338703,39.9067522,7,-1
El,16941,116.3383154,39.9066669,7,-1
El,16942,116.4019057,39.9925738,7,-1
Al,4003,116.4019013,39.99267,7,-1
Al,4004,116.4018967,39.9929454,7,-1
Dw,268,116.3840911,39.980635,7,-1
El,16943,116.4151591,40.0406386,7,-1
El,16944,116.415225,40.0406257,7,-1
Cn,7093,116.404221,39.9940838,7,-1
El,16945,116.4632096,40.0092843,7,-1
Al,4005,116.4621135,40.0092863,7,-1
Ci,4372,116.4623352,40.009704,7,-1
Al,4006,116.4631029,40.0092742,7,-1
Al,4007,116.4621298,40.009421,7,-1
El,16946,116.4331353,40.0763472,7,-1
Cn,7096,116.4252958,40.0453917,7,-1
Cn,7097,116.4268494,40.04697,7,-1
Al,4010,116.4267318,40.0516015,7,-1
El,16948,116.4258324,39.9892488,7,-1
Cn,7098,116.4298774,40.0725137,7,-1
Al,4011,116.4297228,40.0723151,7,-1
El,16949,116.4293491,40.0719691,7,-1
El,16950,116.4304399,39.9700724,7,-1
Dw,269,116.430205,39.9710562,7,-1
El,16951,116.435609,39.9573692,7,-1
El,16952,116.4046104,39.9126434,7,-1
El,16953,116.435733,39.957327,7,-1
Cn,7099,116.4363252,39.9575301,7,-1
Ci,4373,116.4359717,39.957788,7,-1
El,16956,116.4380639,39.9328828,7,-1
El,16987,116.3479768,40.0072427,7,-1
El,16988,116.3487092,40.0072588,7,-1
El,16990,116.0896052,39.9424439,7,-1
El,16992,116.0975616,39.9364393,7,-1
Al,4030,116.2202363,39.9050904,7,-1
Ci,4393,116.2199514,39.9048984,7,-1
El,16993,116.2197916,39.9045972,7,-1
El,16994,116.218301,39.9051184,7,-1
Al,4031,116.220013,39.905272,7,-1
El,16995,116.1891018,39.9244389,7,-1
El,16996,116.1889885,39.9244366,7,-1
El,16998,116.270154,40.0279116,7,-1
El,16999,116.2648758,40.015287,7,-1
El,17000,116.2647665,40.0152834,7,-1
El,17001,116.3235834,40.0556333,7,-1
El,17002,116.103242,39.9091799,7,-1
Ci,4396,116.4484337,39.9337989,7,-1
At,4438,116.2020141,40.0379828,7,-1
El,17012,116.4087423,40.0577686,7,-1
Ci,4412,116.4086584,40.0586296,7,-1
Al,4034,116.283553,40.0947589,7,-1
El,17013,116.2825149,40.0956104,7,-1
El,17014,116.2826249,40.0954282,7,-1
El,17015,116.2827557,40.0952606,7,-1
El,17016,116.2833168,40.0948509,7,-1
El,17017,116.4413877,39.9703335,7,-1
El,17018,116.4423337,39.9699653,7,-1
Ci,4413,116.4008287,40.001897,7,-1
Ci,4414,116.4715988,39.9953246,7,-1
Ci,4415,116.4716953,39.9953957,7,-1
Ci,4416,116.3082932,39.9794221,7,-1
Ci,4417,116.2833556,40.0953639,7,-1
Ci,4418,116.2850743,39.9965476,7,-1
El,17019,116.2827723,39.9970603,7,-1
Al,4035,116.2844054,39.996798,7,-1
Ci,4419,116.3672554,39.9078529,7,-1
El,17020,116.3671416,39.9085343,7,-1
Bd,4941,116.3060903,40.0295513,7,-1
Ci,4420,116.3049159,40.0327507,7,-1
El,17021,116.3048117,40.0327218,7,-1
Ci,4421,116.3047492,40.0327019,7,-1
Ci,4422,116.4288134,39.9383316,7,-1
Ci,4423,116.4516583,39.9618887,7,-1
El,17022,116.4134049,39.897142,7,-1
Cj,601,116.4514345,39.9619413,7,-1
Ci,4424,116.4515852,39.9618704,7,-1
Ci,4425,116.4130667,39.8976332,7,-1
Cn,7107,116.4132767,39.8976684,7,-1
Ci,4426,116.2971033,39.9113092,7,-1
Ci,4427,116.2971787,39.9113092,7,-1
Ci,4428,116.3213648,39.7869067,7,-1
Ci,4429,116.3211112,39.7864758,7,-1
Ci,4430,116.3026176,40.0349477,7,-1
Al,4036,116.3078128,40.0361324,7,-1
Br,4338,116.6534018,40.4085653,7,-1
Al,4038,116.640931,40.3250956,7,-1
El,17028,116.4861972,39.9708365,7,-1
Cn,7110,116.4754726,39.9077513,7,-1
Cn,7111,116.4752172,39.9077531,7,-1
Bd,4948,116.3457209,40.0282308,7,-1
El,17038,116.3461017,40.0283139,7,-1
Cn,7122,116.47621,39.908194,7,-1
Ci,4488,116.4253096,39.9889297,7,-1
El,17055,116.4022195,39.9223204,7,-1
Ci,4493,116.2922301,40.0464285,7,-1
El,17059,116.3591243,40.0584836,7,-1
Cj,615,116.3593494,40.0577338,7,-1
El,17060,116.3584045,40.0578231,7,-1
El,17061,116.4170141,39.9287483,7,-1
Bh,448,116.4109609,39.9372725,7,-1
Ci,4494,116.411047,39.9392252,7,-1
Eu,1512,116.4152221,39.9352922,7,-1
El,17062,116.4109282,39.9370528,7,-1
Br,4339,116.4131602,39.9324507,7,-1
Cn,7127,116.4107926,39.9385324,7,-1
Bh,449,116.4153142,39.9359025,7,-1
El,17063,116.4109504,39.939216,7,-1
El,17064,116.4182404,39.9288187,7,-1
Bh,450,116.4153544,39.9354616,7,-1
El,17065,116.4113063,39.9393445,7,-1
El,17066,116.4108543,39.9392019,7,-1
Bh,451,116.410964,39.9362547,7,-1
El,17067,116.4152452,39.9348203,7,-1
El,17068,116.4107689,39.9391954,7,-1
Al,4058,116.3200467,39.8762245,7,-1
El,17069,116.3200399,39.8762866,7,-1
El,17070,116.3200126,39.8761517,7,-1
Cn,7128,116.3171737,39.889262,7,-1
Cn,7129,116.3170215,39.8892745,7,-1
Cn,7130,116.3177215,39.8892402,7,-1
Cn,7131,116.362222,39.8538244,7,-1
Cn,7132,116.3623814,39.854014,7,-1
Ci,4495,116.360115,39.8529551,7,-1
Ed,704,116.1433087,40.2522498,7,-1
Ci,4496,116.4920157,39.9831928,7,-1
El,17072,116.4073176,39.9257728,7,-1
El,17073,116.3899794,39.9386179,7,-1
Aw,1025,116.4121786,39.9225418,7,-1
Aw,1026,116.3898148,39.9347262,7,-1
El,17074,116.4107808,39.923921,7,-1
Ci,4497,116.4925229,39.9832036,7,-1
Cn,7133,116.4120517,39.922522,7,-1
Ci,4498,116.3899776,39.9385171,7,-1
Ci,4499,116.488854,39.9828548,7,-1
Bd,4954,116.4018218,39.9449743,7,-1
Bh,452,116.4109127,39.9239141,7,-1
Bh,453,116.4024437,39.9440913,7,-1
Ci,4500,116.4875851,39.985299,7,-1
Al,4059,116.393514,39.8905896,7,-1
Ci,4501,116.3936339,39.8906177,7,-1
Al,4060,116.3937853,39.8899339,7,-1
El,17075,116.340564,40.0290751,7,-1
Cn,7134,116.4112802,39.9133551,7,-1
Al,4062,116.4120066,39.8949653,7,-1
Bh,454,116.4111413,39.9184259,7,-1
Br,4340,116.411246,39.9193776,7,-1
Eu,1513,116.4111712,39.9200203,7,-1
Al,4063,116.4114733,39.9105949,7,-1
El,17076,116.4077665,39.9161343,7,-1
Eu,1514,116.4112899,39.9136673,7,-1
Ca,669,116.4128927,39.9144849,7,-1
Aw,1027,116.398464,39.9231589,7,-1
Ci,4504,116.4134574,39.9147972,7,-1
Al,4064,116.4144338,39.884643,7,-1
Bj,373,116.3912798,39.9199235,7,-1
Aw,1028,116.4066371,39.9161423,7,-1
Ci,4505,116.41431,39.8846095,7,-1
El,17077,116.4113007,39.9157277,7,-1
Ca,670,116.4134497,39.9144499,7,-1
Cn,7135,116.4199914,39.904022,7,-1
Al,4065,116.4195157,39.9025005,7,-1
Al,4066,116.4055491,39.9092506,7,-1
El,17078,116.4048194,39.9126069,7,-1
Ed,705,116.408349,39.9072674,7,-1
Aw,1029,116.4199342,39.9040251,7,-1
Ca,671,116.4087899,39.9075671,7,-1
Al,4067,116.1841603,40.2308843,7,-1
Ci,4507,116.1851474,40.230442,7,-1
Al,4068,116.184922,40.2305894,7,-1
Cn,7138,116.4174933,39.9971781,7,-1
Cn,7139,116.412031,40.0003293,7,-1
Bd,4957,116.4346466,40.0221067,7,-1
El,17081,116.4006269,39.9901867,7,-1
El,17082,116.4182832,39.9916715,7,-1
Ci,4508,116.2936922,39.8228004,7,-1
Ci,4509,116.2920922,39.8231657,7,-1
Al,4070,116.2939547,39.8236307,7,-1
Al,4071,116.2920979,39.8232201,7,-1
El,17084,116.2937987,39.8228721,7,-1
Cj,616,116.2927456,39.8235598,7,-1
El,17085,116.293929,39.8227791,7,-1
Ci,4512,116.3202629,39.9833389,7,-1
Bz,3110,116.6384516,40.4142763,7,-1
Bz,3111,116.6381212,40.4155479,7,-1
Bz,3112,116.6307928,40.4167789,7,-1
El,17090,116.6302579,40.4184308,7,-1
El,17091,116.6252689,40.4304689,7,-1
Bz,3113,116.6256239,40.43155,7,-1
Bz,3114,116.6246884,40.4326224,7,-1
Bz,3115,116.6213463,40.4334503,7,-1
El,17092,116.6180971,40.437655,7,-1
El,17093,116.6196075,40.4379938,7,-1
El,17094,116.6190834,40.4379209,7,-1
Bz,3116,116.6179168,40.4436128,7,-1
Bz,3117,116.6176914,40.4427765,7,-1
Bz,3118,116.6187509,40.4448996,7,-1
Bz,3119,116.6192581,40.4473872,7,-1
Bz,3120,116.6179949,40.4475757,7,-1
El,17095,116.6173025,40.4425663,7,-1
El,17096,116.6176914,40.4447752,7,-1
Al,4080,116.3232531,39.7890508,7,-1
El,17112,116.3342279,39.7899105,7,-1
Cn,7144,116.3348733,39.7905341,7,-1
Dw,271,116.3339952,39.7898393,7,-1
Ci,4516,116.3335909,39.7907672,7,-1
Cn,7145,116.3348646,39.7907304,7,-1
El,17113,116.3338639,39.7897828,7,-1
Al,4082,116.3336939,39.7905435,7,-1
El,17114,116.3335104,39.7902951,7,-1
Ci,4517,116.3334544,39.7898379,7,-1
Dl,1266,116.4168406,39.9320266,7,-1
El,17115,116.3966247,39.9396053,7,-1
Cs,2887,116.3362185,40.1532476,7,-1
Cs,2888,116.3259701,40.1265671,7,-1
El,17121,116.3133121,39.6704177,7,-1
El,17122,116.3131405,39.6719679,7,-1
Cj,618,116.3131653,39.6717695,7,-1
El,17123,116.3133027,39.6719948,7,-1
Bd,4961,116.3144946,39.6845323,7,-1
Ci,4520,116.3147303,39.6863977,7,-1
El,17124,116.3152052,39.6847205,7,-1
At,4483,116.3746331,40.2172308,7,-1
Cn,7159,116.4006823,39.9731648,7,-1
El,17197,116.4065465,40.0001199,7,-1
El,17198,116.4065612,40.000027,7,-1
Fa,1714,116.3591084,39.9941741,7,-1
El,17225,116.3707637,39.933812,7,-1
Cn,7185,116.4073553,39.9976208,7,-1
Cn,7186,116.406848,39.9972572,7,-1
Al,4121,116.3469065,40.0136286,7,-1
Br,4348,116.6601717,40.4034529,7,-1
Br,4349,116.6534805,40.4033778,7,-1
Br,4350,116.6812047,40.3960139,7,-1
Br,4351,116.6505833,40.347217,7,-1
Cn,7191,116.4077645,39.9972692,7,-1
Ci,4578,116.4742004,39.8924013,7,-1
El,17296,116.4721767,39.8925771,7,-1
Ca,674,116.4740292,39.8923672,7,-1
El,17297,116.472325,39.8925025,7,-1
Al,4127,116.4677858,39.8924753,7,-1
El,17298,116.4674841,39.8924833,7,-1
El,17299,116.4681922,39.8924653,7,-1
Al,4128,116.4709752,39.8929254,7,-1
El,17304,116.275522,40.0319922,7,-1
Bh,467,116.405563,39.9976039,7,-1
Aw,1057,116.1450051,40.2491131,7,-1
El,17341,116.139869,40.2503192,7,-1
Dj,1091,116.1447067,40.2501337,7,-1
Dj,1092,116.1445966,40.2492241,7,-1
Dj,1093,116.1444345,40.2488951,7,-1
Dj,1094,116.1441811,40.2489138,7,-1
Dj,1095,116.1444131,40.2479354,7,-1
Dj,1096,116.1440439,40.2478634,7,-1
Dj,1097,116.1444653,40.2461247,7,-1
Dj,1098,116.1437088,40.2461359,7,-1
Dj,1099,116.1455147,40.24753,7,-1
Dj,1100,116.1455842,40.2488009,7,-1
Dj,1101,116.1434294,40.2485219,7,-1
Dj,1102,116.1428233,40.2488492,7,-1
Dj,1103,116.144132,40.2511801,7,-1
Dj,1104,116.1447963,40.2513335,7,-1
Dj,1105,116.1416581,40.2513374,7,-1
Dj,1106,116.1404925,40.2517007,7,-1
Dj,1107,116.1405739,40.2508362,7,-1
Dj,1108,116.140714,40.2510902,7,-1
Dj,1109,116.1406986,40.2500515,7,-1
Dj,1110,116.1411847,40.2492803,7,-1
Dj,1111,116.1407849,40.2515143,7,-1
Ci,4590,116.3529092,40.0571828,7,-1
Dj,1114,116.1417925,40.2509603,7,-1
Dj,1115,116.143608,40.2477218,7,-1
Dj,1116,116.1437199,40.2464116,7,-1
Cn,7221,116.4068127,39.9968107,7,-1
Eu,1555,116.4100672,39.9977146,7,-1
El,17358,116.3616798,39.9929194,7,-1
Al,4155,116.2278584,40.2224931,7,-1
Eu,1557,116.2248919,40.2232162,7,-1
Ci,4593,116.2324457,40.2110927,7,-1
Al,4156,116.2330832,40.2111038,7,-1
El,17361,116.2263369,40.2110227,7,-1
Eu,1558,116.2273515,40.2094891,7,-1
Cj,625,116.2285353,40.2221527,7,-1
El,17362,116.2278666,40.2188534,7,-1
Bd,5027,116.2266754,40.2189692,7,-1
Bd,5028,116.214952,40.2207635,7,-1
Al,4157,116.2146239,40.2208444,7,-1
Al,4158,116.4682708,39.8692258,7,-1
Cl,141,116.4893423,39.9139971,7,-1
El,17374,116.4858889,39.9692738,7,-1
Ca,677,116.4848709,39.96856,7,-1
El,17375,116.4860135,39.9688875,7,-1
El,17393,116.4701874,39.9488973,7,-1
El,17394,116.4704004,39.9490002,7,-1
El,17395,116.4705588,39.9490528,7,-1
El,17396,116.4697956,39.9487655,7,-1
El,17397,116.4700092,39.9488337,7,-1
Ex,943,115.5785689,39.7801295,7,-1
Bd,5034,116.5869881,39.909722,7,-1
Eu,1567,116.5938468,39.9141293,7,-1
Bd,5035,116.5934823,39.9137043,7,-1
Aw,1059,116.5625027,39.9149641,7,-1
Cn,7248,116.6250703,40.3151324,7,-1
Al,4204,116.2123507,39.7523241,7,-1
El,17490,116.4737467,39.8837788,7,-1
Dj,1126,116.1601453,39.7299018,7,-1
Bh,474,116.2820264,39.9652837,7,-1
Dy,1711,116.2615118,39.9988656,7,-1
Dy,1712,116.261485,39.9986448,7,-1
Dy,1713,116.2614655,39.9985112,7,-1
Dy,1714,116.2614159,39.9984187,7,-1
Dy,1715,116.2613703,39.9983833,7,-1
Dj,1127,116.2611517,39.9978105,7,-1
Dy,1716,116.2611799,39.9978074,7,-1
Dy,1717,116.2612215,39.9978023,7,-1
Dy,1718,116.261263,39.9977581,7,-1
Dy,1719,116.2612496,39.9977027,7,-1
Dy,1720,116.2611853,39.9976759,7,-1
Dy,1721,116.2611423,39.9976821,7,-1
Dy,1722,116.2605455,39.9971859,7,-1
Dy,1723,116.2605885,39.9970893,7,-1
Dy,1724,116.2605858,39.9969167,7,-1
Dj,1128,116.2605697,39.9965016,7,-1
Dy,1725,116.2605764,39.9964626,7,-1
Dy,1726,116.2608983,39.9958071,7,-1
Dy,1727,116.2609921,39.995615,7,-1
Dj,1129,116.2609988,39.9954362,7,-1
Dj,1130,116.2604021,39.9956684,7,-1
Dy,1728,116.2608969,39.9954383,7,-1
Dy,1729,116.260799,39.9953715,7,-1
Dy,1730,116.2607078,39.995428,7,-1
Dy,1731,116.2606502,39.995541,7,-1
Dy,1732,116.2605174,39.9956027,7,-1
Dy,1733,116.2604932,39.9956818,7,-1
Dy,1734,116.2602653,39.9956951,7,-1
Al,4260,116.4613545,39.9492311,7,-1
Cj,628,116.4611506,39.9489515,7,-1
Ax,86,116.4611024,39.9490851,7,-1
Ci,4705,116.4609012,39.9490749,7,-1
El,17542,116.4602521,39.9466382,7,-1
El,17543,116.4603969,39.946668,7,-1
El,17544,116.4605364,39.9466947,7,-1
Ci,4706,116.4606719,39.9467287,7,-1
Al,4264,116.2838667,40.0426321,7,-1
Ci,4713,116.282584,40.0417981,7,-1
Ci,4717,116.4584335,39.9270619,7,-1
Ci,4718,116.4585426,39.9270883,7,-1
Es,4994,116.469298,40.07832,7,-1
Ci,4723,116.4113922,39.9287446,7,-1
By,250,116.4015709,39.9260632,7,-1
El,17579,116.404728,39.9258548,7,-1
El,17580,116.404714,39.9259171,7,-1
El,17581,116.4047288,39.9261517,7,-1
El,17582,116.4043245,39.9250634,7,-1
Bd,5079,116.3999297,39.9766609,7,-1
Bh,488,116.4628056,39.9445119,7,-1
Bd,5088,116.4626782,39.9437974,7,-1
El,17595,116.4626393,39.9439485,7,-1
Cn,7312,116.4624368,39.9456635,7,-1
Ci,4735,116.315973,40.0056159,7,-1
Ci,4736,116.3180951,40.0040907,7,-1
Bz,3208,116.6191809,40.4403583,7,-1
Bz,3209,116.6206554,40.4361376,7,-1
Cp,12870,116.3205436,39.9462915,7,-1
Cp,12871,116.320579,39.9483931,7,-1
Cp,12872,116.3206506,39.948391,7,-1
Cp,12873,116.3207971,39.9483927,7,-1
Cp,12874,116.3205109,39.9483875,7,-1
Cp,12875,116.3207317,39.9483961,7,-1
Cp,12876,116.3209773,39.9483754,7,-1
Cp,12877,116.320351,39.9484065,7,-1
Cs,3669,116.3191687,39.9485999,7,-1
Cp,12878,116.3218831,39.9474264,7,-1
Cp,12879,116.3219546,39.9474374,7,-1
Cp,12880,116.3220011,39.9474292,7,-1
Cp,12881,116.3220226,39.9474264,7,-1
Cp,12882,116.322069,39.9474346,7,-1
Cp,12883,116.3209783,39.9464641,7,-1
Cp,12884,116.3212215,39.9462749,7,-1
Cp,12885,116.3200663,39.9462201,7,-1
Cp,12886,116.3204168,39.946253,7,-1
Cp,12887,116.3172054,39.9455229,7,-1
Cp,12888,116.3172054,39.9454406,7,-1
Cp,12889,116.3150058,39.9495259,7,-1
Cp,12890,116.3148413,39.9495204,7,-1
Cp,12891,116.3154636,39.9496054,7,-1
Cp,12892,116.315621,39.9496109,7,-1
Cp,12893,116.3143728,39.9494848,7,-1
Cp,12894,116.3143371,39.9494053,7,-1
Cp,12895,116.3136397,39.9493395,7,-1
Cp,12896,116.3135253,39.9494217,7,-1
Cp,12897,116.3134966,39.949663,7,-1
Cp,12898,116.3143478,39.949737,7,-1
Cs,3670,116.3152526,39.9486458,7,-1
Cp,12899,116.3128709,39.9472827,7,-1
Cp,12900,116.3187381,39.9651733,7,-1
Cp,12901,116.3186522,39.9651487,7,-1
Cp,12902,116.3188382,39.9651377,7,-1
Cs,3671,116.3217634,39.9649223,7,-1
Dx,4571,116.3271929,39.9650432,7,-1
Dx,4572,116.3298558,39.9651261,7,-1
Dx,4573,116.3300676,39.9649603,7,-1
Cp,12903,116.3311374,39.9600737,7,-1
Cs,3672,116.320512,39.9532182,7,-1
Cp,12904,116.3217438,39.9607278,7,-1
Cp,12905,116.322005,39.960693,7,-1
Cp,12906,116.3218347,39.9607104,7,-1
Cp,12907,116.3188173,39.9615132,7,-1
Cp,12908,116.3187464,39.9615132,7,-1
Cs,3673,116.3230517,39.9610686,7,-1
Cp,12909,116.325157,39.9614497,7,-1
Cp,12910,116.3280708,39.961833,7,-1
Cp,12911,116.3279098,39.9618248,7,-1
Cs,3674,116.322301,39.9563929,7,-1
Cs,3675,116.3216054,39.9618215,7,-1
Br,4371,116.3707707,40.025657,7,-1
El,17604,116.454267,39.8927298,7,-1
Eu,1595,116.4542563,39.8925843,7,-1
El,17629,116.3566473,39.9141835,7,-1
Al,4306,116.4959883,39.9304293,7,-1
El,17658,116.3936426,39.9369981,7,-1
El,17659,116.349136,40.0070232,7,-1
El,17660,116.3494508,40.0070273,7,-1
El,17671,116.122268,40.2332343,7,-1
El,17672,116.1221586,40.2331592,7,-1
El,17673,116.1226918,40.2329921,7,-1
Al,4329,116.1260555,40.2334681,7,-1
Eu,1601,116.1263399,40.2334201,7,-1
El,17674,116.1269442,40.2335496,7,-1
El,17675,116.1278959,40.2342865,7,-1
El,17676,116.1277482,40.234441,7,-1
El,17677,116.1268458,40.2353053,7,-1
El,17678,116.1291237,40.2357708,7,-1
Fa,1750,116.1210668,40.2330161,7,-1
El,17679,116.3084458,39.9768269,7,-1
At,4622,116.3973424,39.9304619,7,-1
Bf,967,116.18945,39.9803117,7,-1
Al,4376,116.4617201,39.8719685,7,-1
Dn,477,116.4700867,39.912997,7,-1
El,17805,116.4713735,39.9130449,7,-1
At,4624,116.4681397,39.9137651,7,-1
Es,5030,116.3172165,40.0022343,7,-1
Bf,968,116.3166488,40.0025045,7,-1
Bf,969,116.3163413,40.0024252,7,-1
Es,5031,116.3176786,40.002509,7,-1
Bf,970,116.3173705,40.0005025,7,-1
Es,5032,116.3195977,40.0047492,7,-1
Bf,971,116.3197869,40.0042138,7,-1
Bf,972,116.3191036,40.0005851,7,-1
El,17831,116.4547909,39.9772889,7,-1
El,17832,116.455162,39.9773728,7,-1
Ci,4794,116.4543631,39.9778066,7,-1
El,17836,116.5005567,39.9157,7,-1
Al,4399,116.4963244,39.9305838,7,-1
Bz,3223,116.2167435,39.9147496,7,-1
Al,4407,116.4963394,39.9308433,7,-1
Ci,4798,116.4628124,39.9909483,7,-1
El,17871,116.3181492,39.8923176,7,-1
El,17872,116.3163574,39.8922739,7,-1
Al,4410,116.3166609,39.8922761,7,-1
Al,4411,116.3168005,39.8922876,7,-1
El,17873,116.3290165,39.8919422,7,-1
Ct,888,116.3255819,39.5111792,7,-1
Cp,12937,116.5305576,39.8753376,7,-1
Al,4413,116.3654667,39.9447569,7,-1
El,17888,116.3651782,39.9450876,7,-1
Fa,1772,116.3660819,39.9476099,7,-1
El,17889,116.4359824,39.9575252,7,-1
Cz,1122,116.3888327,39.8114184,7,-1
Et,261,116.1745511,39.9691093,7,-1
Cn,7487,116.4560227,39.8866714,7,-1
Cn,7488,116.4560188,39.8863935,7,-1
Ci,4808,116.4068584,39.9976604,7,-1
Ci,4811,116.3871384,39.9997691,7,-1
El,17907,116.3862971,39.9452451,7,-1
El,17908,116.3874679,39.9443854,7,-1
El,17909,116.383763,39.9452907,7,-1
Ci,4827,116.3299195,39.9916795,7,-1
El,17942,116.3330374,39.9910836,7,-1
Ci,4828,116.3331883,39.990637,7,-1
Aw,1102,116.3081967,39.8800622,7,-1
Aw,1103,116.5619756,39.9362942,7,-1
Ci,4832,116.3694347,39.9338819,7,-1
Dj,1153,116.1419016,40.2500662,7,-1
Dj,1154,116.1425231,40.2499793,7,-1
Dj,1155,116.1440217,40.2490095,7,-1
Dj,1156,116.1424546,40.2495976,7,-1
Dj,1157,116.1417371,40.2517363,7,-1
Dj,1158,116.1429854,40.2575087,7,-1
Dj,1159,116.1459785,40.2547333,7,-1
Dj,1160,116.14384,40.2483308,7,-1
Dj,1161,116.1446875,40.2483086,7,-1
Dj,1162,116.1396226,40.2512992,7,-1
Dj,1163,116.1397928,40.2515195,7,-1
Dj,1164,116.1396469,40.2518227,7,-1
Dj,1165,116.139602,40.2509565,7,-1
Dj,1166,116.1397785,40.2500996,7,-1
Dj,1167,116.1410198,40.2500224,7,-1
Cz,1136,116.3042477,39.9925764,7,-1
El,18018,116.3081571,39.9954492,7,-1
Cz,1139,116.2990263,39.9925623,7,-1
Cz,1140,116.2991829,39.9923831,7,-1
El,18030,116.4680092,39.9481239,7,-1
El,18031,116.4681268,39.9481695,7,-1
Cp,12998,117.1962529,40.6868274,7,-1
Dl,1279,117.1623243,40.6840623,7,-1
Dl,1280,117.1621178,40.6840613,7,-1
El,18048,117.1605554,40.6832863,7,-1
El,18049,117.1604294,40.6831175,7,-1
Dj,1219,116.1446995,40.2511483,7,-1
Dj,1220,116.1451319,40.2530576,7,-1
Ci,4890,116.400616,39.9903624,7,-1
El,18096,116.4448267,39.9461375,7,-1
El,18097,116.4438638,39.9476807,7,-1
Dy,1808,116.4757244,39.9481958,7,-1
Dy,1809,116.475817,39.9484148,7,-1
Dy,1810,116.4758612,39.9485372,7,-1
Dy,1811,116.4759256,39.9487058,7,-1
Dy,1812,116.4759766,39.9488137,7,-1
Dy,1813,116.4760235,39.9489864,7,-1
Dy,1814,116.4760704,39.9490779,7,-1
Dy,1815,116.4761093,39.9491324,7,-1
Dy,1816,116.4761549,39.9492949,7,-1
Dy,1817,116.4762019,39.9494152,7,-1
Dy,1818,116.47634,39.9497359,7,-1
Dy,1819,116.4763963,39.9498644,7,-1
Dy,1820,116.4764446,39.9499786,7,-1
Dy,1821,116.4764969,39.950105,7,-1
Dy,1822,116.4765519,39.9502376,7,-1
Dy,1823,116.4766042,39.9503703,7,-1
Dy,1824,116.4794473,39.9513398,7,-1
Dy,1825,116.4793213,39.9515279,7,-1
Dy,1826,116.4810902,39.9533938,7,-1
Dy,1827,116.4813061,39.9537752,7,-1
Dy,1828,116.4813705,39.9546604,7,-1
Dy,1829,116.4812417,39.9548372,7,-1
Dy,1830,116.4798953,39.9544691,7,-1
Dy,1831,116.4711446,39.9502932,7,-1
Dy,1832,116.4711043,39.9502839,7,-1
Dy,1833,116.4698625,39.9499549,7,-1
Dy,1834,116.4703962,39.9500433,7,-1
Dy,1835,116.47036,39.9500238,7,-1
Dy,1836,116.4653014,39.9479419,7,-1
Dy,1837,116.4652625,39.9479357,7,-1
Dy,1838,116.4646912,39.9478123,7,-1
Dy,1839,116.4646295,39.947802,7,-1
Dy,1840,116.4636451,39.9476776,7,-1
Dy,1841,116.4635888,39.9476694,7,-1
Bz,3243,116.2639637,39.7933497,7,-1
Bz,3244,116.2730708,39.767568,7,-1
Bz,3245,116.2767147,39.7701531,7,-1
Bz,3247,116.2740971,39.7679029,7,-1
Bz,3248,116.2672141,39.7669872,7,-1
Bz,3249,116.2654154,39.7658214,7,-1
Bz,3250,116.2631933,39.7658081,7,-1
Bz,3251,116.2665558,39.7722701,7,-1
Bz,3252,116.2654186,39.7699348,7,-1
Bz,3253,116.2666792,39.774301,7,-1
Bz,3254,116.2590371,39.7760928,7,-1
Bz,3255,116.2606849,39.7754911,7,-1
Bz,3256,116.2731823,39.7684497,7,-1
Bz,3257,116.2649548,39.7786407,7,-1
Bz,3258,116.2844686,39.7728981,7,-1
Bz,3259,116.2832196,39.7706664,7,-1
Bz,3260,116.2852441,39.770389,7,-1
Bz,3261,116.2898997,39.7741193,7,-1
Bz,3262,116.2890066,39.7729268,7,-1
Bz,3263,116.2927015,39.7767276,7,-1
Bz,3264,116.2774552,39.7743895,7,-1
Bz,3265,116.2801738,39.7746656,7,-1
Bz,3266,116.2829106,39.7751757,7,-1
Bz,3267,116.281574,39.7753749,7,-1
Dj,1221,116.1472191,40.2514635,7,-1
Dj,1222,116.1486265,40.2513663,7,-1
Dj,1223,116.148793,40.2508381,7,-1
El,18115,116.3570836,39.8853661,7,-1
El,18116,116.3667112,39.975921,7,-1
Ci,4911,116.4842545,39.9746122,7,-1
Eu,1665,116.406623,39.9994728,7,-1
Ci,4912,116.4845338,39.974829,7,-1
El,18152,116.484925,39.9746816,7,-1
El,18155,116.3968029,39.8117779,7,-1
El,18156,116.3967419,39.8118185,7,-1
El,18157,116.3967035,39.811765,7,-1
El,18158,116.3969081,39.8119265,7,-1
Ct,911,116.4278277,39.7778985,7,-1
Dx,4640,116.8969294,39.7992842,7,-1
Ax,87,116.3416113,39.9962317,7,-1
Aw,1116,116.4616539,39.9850791,7,-1
Aw,1117,116.5345919,39.8171958,7,-1
