Cz,1,121.440834,31.2222257,1,-1
An,1,121.431683,31.218966,1,-1
An,2,121.4348592,31.199323,1,-1
Cz,2,121.531772,31.1651193,1,-1
Cy,1,121.4006734,31.1441907,1,-1
Cy,2,121.3950928,31.1454414,1,-1
Aa,1,121.2693234,31.3892573,1,-1
Cy,3,121.2690084,31.3846472,1,-1
Cy,4,121.4333597,31.1753882,1,-1
Cz,3,121.5823399,31.2670799,1,-1
Cz,4,121.5831687,31.2718749,1,-1
Cn,1,121.4454202,31.22324,1,-1
Cz,5,121.3443167,31.2114983,1,-1
Cy,5,121.3438654,31.2115415,1,-1
Cn,2,121.3439171,31.2123201,1,-1
Cn,3,121.3437437,31.2113079,1,-1
Cn,4,121.3437615,31.211511,1,-1
Cn,5,121.3439782,31.211577,1,-1
Cy,6,121.3545672,31.2111258,1,-1
Cn,6,121.3649691,31.2108229,1,-1
Cn,7,121.3654199,31.210626,1,-1
Cz,6,121.3533807,31.2218856,1,-1
An,3,121.4599593,31.1991854,1,-1
Br,1,121.4604213,31.2014666,1,-1
Cz,7,121.4559927,31.2042372,1,-1
Cn,8,121.3591055,31.219627,1,-1
Br,2,121.3542492,31.2111543,1,-1
Cn,9,121.3656566,31.2107276,1,-1
Cn,10,121.3655198,31.2106932,1,-1
Cy,7,121.4570303,31.2024435,1,-1
Cz,8,121.3550447,31.2111291,1,-1
Cz,9,121.3548254,31.2134683,1,-1
Dw,1,121.4568214,31.2035117,1,-1
Cy,8,121.459287,31.2027039,1,-1
Cy,9,121.4577102,31.1999624,1,-1
Cn,11,121.4577954,31.2000226,1,-1
Cn,12,121.4573825,31.2007144,1,-1
Cz,10,121.4571898,31.2019246,1,-1
Cz,11,121.4567782,31.2039393,1,-1
Cz,12,121.4570348,31.204498,1,-1
Cy,10,121.4556781,31.2021513,1,-1
Cz,13,121.4577001,31.1995273,1,-1
Dw,2,121.4574702,31.1984607,1,-1
Cz,14,121.3594031,31.2079557,1,-1
An,4,121.4579138,31.2046719,1,-1
Cn,13,121.4598688,31.2050767,1,-1
Br,3,121.4604198,31.2053324,1,-1
Cy,11,121.5818409,31.092307,1,-1
Cn,14,121.5817974,31.0924718,1,-1
Cy,12,121.5835288,31.1007752,1,-1
Cy,13,121.5853849,31.0983024,1,-1
Cy,14,121.5840168,31.0880749,1,-1
Cn,15,121.4179716,31.2190688,1,-1
Cn,16,121.5238623,31.3887482,1,-1
Dw,3,121.3985873,31.2126661,1,-1
Aa,2,121.399959,31.2125938,1,-1
Cz,15,121.1014331,31.163151,1,-1
Cn,17,121.4416294,31.2140986,1,-1
Cy,15,121.6930683,31.199856,1,-1
Cn,18,121.3557919,31.2203672,1,-1
Dw,4,121.2180703,31.2901652,1,-1
Br,4,121.2119209,31.2889576,1,-1
Br,5,121.2123915,31.2890786,1,-1
Aa,3,121.2154838,31.2895725,1,-1
Br,6,121.2158479,31.2894172,1,-1
Cn,19,121.358311,31.2197086,1,-1
Br,7,121.3584352,31.2200873,1,-1
Cn,20,121.3572173,31.220167,1,-1
Cn,21,121.2167281,31.2898513,1,-1
Cn,22,121.3730344,31.3424999,1,-1
Br,8,121.3770669,31.3450214,1,-1
Br,9,121.3723143,31.3440527,1,-1
Br,10,121.3730704,31.3419925,1,-1
Cn,23,121.3702081,31.3408701,1,-1
Dw,5,121.4006291,31.2129674,1,-1
Cz,16,121.4003103,31.2125597,1,-1
Cz,17,121.3963142,31.2135943,1,-1
Cz,18,121.3971876,31.2134681,1,-1
Dh,1,121.4011743,31.212917,1,-1
Dh,2,121.4012869,31.2129004,1,-1
Dh,3,121.4020477,31.2127909,1,-1
Cn,24,121.3986739,31.2133569,1,-1
Cn,25,121.3986739,31.2133569,1,-1
Cn,26,121.3967988,31.2135245,1,-1
Cn,27,121.3968265,31.213522,1,-1
Br,11,121.3957728,31.2138863,1,-1
Cn,28,121.1647447,31.2976183,1,-1
Cn,29,121.4464457,31.2258353,1,-1
Cz,19,121.4594723,31.204925,1,-1
Cz,20,121.3636719,31.2197119,1,-1
Cz,21,121.3730175,31.2181964,1,-1
Cz,22,121.3801077,31.2173965,1,-1
Cz,23,121.3811992,31.2172642,1,-1
Cn,30,121.3831684,31.2168075,1,-1
Cz,24,121.3968389,31.2132066,1,-1
Cz,25,121.3968751,31.2132001,1,-1
Dh,4,121.4013445,31.2128943,1,-1
Cy,16,121.3556939,31.2110378,1,-1
Cn,31,121.3559388,31.2110223,1,-1
Dw,6,121.3038675,31.2107118,1,-1
Br,12,121.3038575,31.2109332,1,-1
Cz,26,121.3040988,31.2100559,1,-1
Cn,32,121.3041112,31.2111508,1,-1
Cn,33,121.5547282,31.2287344,1,-1
Dw,7,121.5229376,31.2136297,1,-1
Br,13,121.4283425,31.0304893,1,-1
Cz,27,121.4278882,31.0303476,1,-1
Cy,17,121.4285647,31.0289739,1,-1
Cz,28,121.4226215,31.0268462,1,-1
Br,14,121.4327712,31.0278481,1,-1
Cn,34,121.4335938,31.0292651,1,-1
Cn,35,121.4539113,31.0376143,1,-1
Cy,18,121.4538442,31.0377039,1,-1
Cn,36,121.4539756,31.0376741,1,-1
Cn,37,121.4541285,31.0377338,1,-1
Cn,38,121.4540132,31.0378073,1,-1
Cn,39,121.4535196,31.0376935,1,-1
Cn,40,121.4535142,31.0379187,1,-1
Cy,19,121.4536859,31.0376199,1,-1
Cy,20,121.4542626,31.0377154,1,-1
Cn,41,121.4544289,31.037789,1,-1
Cn,42,121.454319,31.0378533,1,-1
Cy,21,121.454614,31.0377982,1,-1
Cm,1,121.454732,31.0378372,1,-1
Cn,43,121.4637123,31.0423668,1,-1
Cn,44,121.4637888,31.0416403,1,-1
Cn,45,121.4624989,31.0437036,1,-1
Cn,46,121.4625491,31.0437193,1,-1
Cy,22,121.6162833,31.5387835,1,-1
Cz,29,121.6114768,31.538692,1,-1
Cy,23,121.4603886,31.0416347,1,-1
Cy,24,121.4604146,31.0415386,1,-1
Cy,25,121.4605393,31.0410813,1,-1
Cn,47,121.4616098,31.0395224,1,-1
Cn,48,121.488682,31.1832115,1,-1
Cz,30,121.3967637,31.2082525,1,-1
Cy,26,121.3963033,31.2106935,1,-1
Dw,8,121.4293534,31.0293977,1,-1
Cn,49,121.4494513,31.0430671,1,-1
An,5,121.4488008,31.0430137,1,-1
Cn,50,121.4482062,31.0429531,1,-1
Dw,9,121.4468471,31.0433291,1,-1
Dw,10,121.4468165,31.0432572,1,-1
Cn,51,121.4464634,31.0431778,1,-1
Cn,52,121.4464845,31.0429992,1,-1
Cn,53,121.4467246,31.0466204,1,-1
Cy,27,121.446685,31.0468474,1,-1
Cy,28,121.4458622,31.0477607,1,-1
An,6,121.5458305,31.2122298,1,-1
Cn,54,121.6008818,31.2800769,1,-1
Aa,4,121.4579075,31.2055164,1,-1
Cy,29,121.4825955,31.2116487,1,-1
Cz,31,121.4893695,31.2251465,1,-1
Cn,55,121.2132203,31.2889939,1,-1
Cn,56,121.212472,31.28927,1,-1
Aa,5,121.4574356,31.2055738,1,-1
Cn,57,121.3879095,31.1831853,1,-1
Cn,58,121.3814668,31.1879076,1,-1
Cy,30,121.2659451,31.1676506,1,-1
Cz,32,121.2712124,31.1677536,1,-1
Cz,33,121.266412,31.1705879,1,-1
Cz,34,121.2649339,31.1733738,1,-1
Cy,31,121.2663198,31.1708302,1,-1
Cy,32,121.2652837,31.1720071,1,-1
Cn,59,121.2706667,31.1716501,1,-1
Cz,35,121.2709724,31.1711268,1,-1
Cz,36,121.2710679,31.1707435,1,-1
Cz,37,121.2714308,31.1704053,1,-1
Cz,38,121.2666853,31.1740589,1,-1
Br,15,121.5820406,31.1507836,1,-1
Cy,33,121.5827862,31.1507797,1,-1
Cy,34,121.2693324,31.1746404,1,-1
Cn,60,121.2785974,31.1702509,1,-1
Cn,61,121.2789088,31.1701742,1,-1
Cy,35,121.4599307,31.0451206,1,-1
Cy,36,121.4640188,31.0440504,1,-1
Dw,11,121.4595071,31.0446093,1,-1
Cn,62,121.4606011,31.0450182,1,-1
Cy,37,121.5305063,31.0628751,1,-1
Cy,38,121.5273636,31.0429765,1,-1
Cy,39,121.5354263,31.0465254,1,-1
Cn,63,121.5365618,31.0452506,1,-1
An,7,121.4829959,31.2343891,1,-1
Cy,40,121.5362121,31.0452688,1,-1
Br,16,121.4642567,31.044162,1,-1
Br,17,121.4629385,31.0459802,1,-1
Dw,12,121.5307236,31.0629983,1,-1
Cy,41,121.3740002,31.2334657,1,-1
Cy,42,121.3668708,31.2417379,1,-1
Cy,43,121.3750149,31.2349627,1,-1
Cy,44,121.3798942,31.2398047,1,-1
Cy,45,121.3908353,31.2246787,1,-1
Cz,39,121.3685402,31.2409071,1,-1
Cy,46,121.3675802,31.2410504,1,-1
Cy,47,121.3665439,31.2419364,1,-1
Cn,64,121.3661324,31.2420928,1,-1
Cy,48,121.3709099,31.2394022,1,-1
Cn,65,121.3725354,31.2349966,1,-1
Aa,6,121.3715518,31.2353457,1,-1
Cn,66,121.36534,31.242454,1,-1
Cn,67,121.4052447,31.2327102,1,-1
Br,18,121.5072548,31.0389347,1,-1
Cy,49,121.5055905,31.0330848,1,-1
Cy,50,121.4144616,31.016309,1,-1
Cz,40,121.3872441,31.2381598,1,-1
Al,1,121.4415901,31.2384868,1,-1
Cn,68,121.3657144,31.2422081,1,-1
Br,19,121.4320419,31.2538041,1,-1
Cy,51,121.4333883,31.2526737,1,-1
Br,20,121.4324026,31.2535072,1,-1
Cy,52,121.4375793,31.2547133,1,-1
Aa,7,121.4380024,31.2541584,1,-1
Cn,69,121.5910923,31.0395332,1,-1
Cn,70,121.5907751,31.0394791,1,-1
Cy,53,121.5908635,31.0397441,1,-1
Cz,41,121.3504451,31.2222684,1,-1
Cy,54,121.3827335,31.2162563,1,-1
Cz,42,121.5938821,31.0367323,1,-1
Cz,43,121.5931539,31.037478,1,-1
Cz,44,121.5930093,31.0379403,1,-1
Aa,8,121.5921525,31.0408491,1,-1
Cn,71,121.5931125,31.0390564,1,-1
Cy,55,121.59124,31.0354601,1,-1
Cy,56,121.6067776,31.2959213,1,-1
Cy,57,121.58871,31.2826824,1,-1
Cy,58,121.5829506,31.2738832,1,-1
Cz,45,121.5867449,31.2737781,1,-1
Cz,46,121.5901266,31.2675745,1,-1
Cn,72,121.5914623,31.0355318,1,-1
Cz,47,121.5924796,31.035789,1,-1
Cn,73,121.5920861,31.0357266,1,-1
Cz,48,121.5907016,31.0352945,1,-1
Dw,13,121.5343216,31.0463477,1,-1
Cz,49,121.5265164,31.0487298,1,-1
Cy,59,121.5018645,31.085417,1,-1
Cz,50,121.5016546,31.0850701,1,-1
Cn,74,121.57263,31.1184348,1,-1
Aa,9,121.5788168,31.241761,1,-1
Cn,75,121.5786856,31.2419798,1,-1
Cn,76,121.5786127,31.2422139,1,-1
Cn,77,121.5786079,31.2424715,1,-1
Cn,78,121.5785576,31.2427194,1,-1
Cn,79,121.578556,31.2429757,1,-1
Cn,80,121.5827204,31.2439873,1,-1
Dh,5,121.5834049,31.2444824,1,-1
Cy,60,121.5829193,31.2447507,1,-1
Cn,81,121.5704016,31.2378065,1,-1
Aa,10,121.5845007,31.2445247,1,-1
Cz,51,121.585621,31.2453195,1,-1
Cn,82,121.6192571,31.2564204,1,-1
Cn,83,121.5836501,31.2438702,1,-1
Cn,84,121.5552607,31.2280427,1,-1
Cn,85,121.5551657,31.2284605,1,-1
Cn,86,121.5548533,31.2289445,1,-1
Cy,61,121.5601868,31.2315582,1,-1
Cy,62,121.5594786,31.1558962,1,-1
Cn,87,121.3949742,31.207935,1,-1
An,8,121.4759096,31.2256144,1,-1
An,9,121.2470539,31.3850806,1,-1
Aa,11,121.475665,31.2263849,1,-1
Dw,14,121.4735001,31.2268356,1,-1
Cy,63,121.4736737,31.2264622,1,-1
Cm,2,121.4854642,31.2374552,1,-1
Aa,12,121.4753802,31.2288438,1,-1
Aa,13,121.4701519,31.2352648,1,-1
Cn,88,121.4360253,31.2117608,1,-1
Al,2,121.3499659,31.1539957,1,-1
Aa,14,121.345866,31.1580695,1,-1
Al,3,121.420307,31.2007557,1,-1
Cy,64,121.4505869,31.2210105,1,-1
Cy,65,121.4505869,31.2210105,1,-1
Aa,15,121.4443789,31.2068446,1,-1
Aa,16,121.4447272,31.2067148,1,-1
An,10,121.5168078,30.8169516,1,-1
Cy,66,121.5855067,31.0913423,1,-1
An,11,121.39187,31.208215,1,-1
An,12,121.5055536,31.254484,1,-1
Br,21,121.5049289,31.2545253,1,-1
Cn,89,121.4639384,31.2093286,1,-1
Cn,90,121.3668743,31.1148151,1,-1
Cn,91,121.3678794,31.1133122,1,-1
Cn,92,121.4125603,31.1676436,1,-1
An,13,121.304663,31.209637,1,-1
Cn,93,121.16251,31.2970741,1,-1
An,14,121.425616,31.2049455,2,-1
An,15,121.4864712,31.2942823,2,-1
An,16,121.2955431,31.1837469,2,-1
An,17,121.30707,31.1540135,2,-1
Cz,52,121.3096749,31.1534968,2,-1
Cz,53,121.4411113,31.2310307,2,-1
An,18,121.695256,31.186512,2,-1
Aa,17,121.4535309,31.2225822,2,-1
Cn,94,121.4537187,31.2221854,2,-1
Cn,95,121.4542712,31.2224744,2,-1
Aa,18,121.4532466,31.2224217,2,-1
Aa,19,121.4530427,31.2227336,2,-1
Cy,67,121.1565016,31.2899684,2,-1
Cn,96,121.1352502,31.2491342,2,-1
Cn,97,121.5068554,31.2639352,2,-1
Cy,68,121.5077868,31.2632393,2,-1
Cy,69,121.5069336,31.2639408,2,-1
Cn,98,121.5069401,31.263835,2,-1
Br,22,121.5821935,31.2857435,2,-1
Cy,70,121.5796663,31.2857213,2,-1
Cn,99,121.5885376,31.2826486,2,-1
Cn,100,121.5832865,31.2745972,2,-1
Cn,101,121.582986,31.2742254,2,-1
Aa,20,121.1565666,31.291434,2,-1
Cn,102,121.1570338,31.2917062,2,-1
An,19,121.1869552,31.2743043,2,-1
Cn,103,121.3442252,31.211524,2,-1
Aa,21,121.50801,31.263025,2,-1
An,20,121.4796257,31.2098522,2,-1
Cn,104,121.5380588,31.208243,2,-1
Cn,105,121.4469716,31.2105377,2,-1
Cn,106,121.4473226,31.2101663,2,-1
Al,4,121.0506106,31.1134575,2,-1
An,21,121.5364611,31.0454002,2,-1
Cy,71,121.5348947,31.0464785,2,-1
Cn,107,121.534608,31.046433,2,-1
Cn,108,121.2072535,31.2815068,2,-1
Aa,22,121.0493423,31.1159344,2,-1
Br,23,121.4128545,31.1548749,2,-1
Cz,54,121.1591969,31.2911495,2,-1
Cy,72,121.213331,31.0400827,2,-1
An,22,121.2165115,31.039701,2,-1
Br,24,121.2722455,31.1681999,2,-1
Cn,109,121.6164134,31.2046486,2,-1
Dw,15,121.6239007,31.2143024,2,-1
Br,25,121.6168197,31.205065,2,-1
Cn,110,121.6166504,31.2048913,2,-1
An,23,121.6170193,31.2052168,2,-1
Br,26,121.6167248,31.2055062,2,-1
Cn,111,121.6169261,31.2057286,2,-1
Cn,112,121.6170379,31.2061927,2,-1
An,24,121.6164271,31.2072759,2,-1
Cy,73,121.6127158,31.2061428,2,-1
Cz,55,121.6133012,31.205605,2,-1
Cy,74,121.4997279,31.0972449,2,-1
Cn,113,121.4992482,31.0973458,2,-1
Dw,16,121.4996059,31.0970256,2,-1
Dw,17,121.4990571,31.0971056,2,-1
Cn,114,121.4989555,31.0973946,2,-1
Cn,115,121.4995328,31.0975582,2,-1
Cn,116,121.4994758,31.0973006,2,-1
Dw,18,121.4991425,31.0968967,2,-1
Al,5,121.1909969,31.03492,2,-1
An,25,121.4683118,31.1938072,2,-1
Aa,23,121.4699235,31.193568,2,-1
Aa,24,121.4680789,31.1945052,2,-1
Aa,25,121.4876194,31.2471336,2,-1
Al,6,121.1715045,31.2814229,2,-1
Al,7,121.1696975,31.2803888,2,-1
Al,8,121.1704986,31.2813448,2,-1
Al,9,121.1704832,31.2816898,2,-1
Al,10,121.1704772,31.281898,2,-1
Al,11,121.1740048,31.2802723,2,-1
Al,12,121.1720754,31.2829444,2,-1
Cn,117,121.1742526,31.2819922,2,-1
Cn,118,121.3896801,31.1893043,2,-1
Cn,119,121.3848567,31.193533,2,-1
An,26,121.4645476,31.2290405,2,-1
Cn,120,121.3809893,31.1929766,2,-1
Cn,121,121.3825782,31.1931635,2,-1
Cm,3,121.3822979,31.193118,2,-1
Cn,122,121.3832205,31.1932847,2,-1
Cn,123,121.3834701,31.1933196,2,-1
Cn,124,121.3815077,31.1930533,2,-1
Cn,125,121.3841319,31.1934315,2,-1
Cn,126,121.3846748,31.1935128,2,-1
Cn,127,121.3821522,31.1930964,2,-1
Dw,19,121.3878488,31.2017208,2,-1
Aa,26,121.3926619,31.1903044,2,-1
Br,27,121.3921079,31.1901378,2,-1
Cn,128,121.2358721,31.0310761,2,-1
Cn,129,121.3992248,31.1964469,2,-1
Cn,130,121.4028798,31.1932784,2,-1
An,27,121.3903223,31.1843129,2,-1
Cn,131,121.3951534,31.1972664,2,-1
Cn,132,121.3905653,31.183581,2,-1
Cn,133,121.4025951,31.204126,2,-1
Cn,134,121.4028045,31.2040204,2,-1
Cn,135,121.4029799,31.2041339,2,-1
Cn,136,121.4033281,31.2042369,2,-1
An,28,121.4596762,31.2150483,2,-1
Cm,4,121.4539791,31.2128653,2,-1
Cm,5,121.4414897,31.2112057,2,-1
Cm,6,121.455474,31.2305102,2,-1
Al,13,121.4633179,31.2109318,2,-1
Cn,137,121.444326,31.2113991,2,-1
Cm,7,121.4375458,31.2315331,2,-1
Cm,8,121.464297,31.2173282,2,-1
Cn,138,121.4593765,31.2161211,2,-1
Cn,139,121.4590427,31.2162801,2,-1
Cz,56,121.2092325,31.0412447,2,-1
Cz,57,121.2085511,31.0412144,2,-1
Cz,58,121.2080897,31.0414028,2,-1
Cz,59,121.2067594,31.0412006,2,-1
Cz,60,121.2063409,31.0412098,2,-1
Cz,61,121.2041737,31.0411776,2,-1
Cz,62,121.2040932,31.0405939,2,-1
Cz,63,121.2037982,31.0405893,2,-1
Cz,64,121.2094362,31.0412512,2,-1
Cz,65,121.2101443,31.0412328,2,-1
Cz,66,121.2144928,31.0348602,2,-1
Cz,67,121.2141459,31.0348572,2,-1
Cz,68,121.2141601,31.0357154,2,-1
Cz,69,121.2133532,31.0349239,2,-1
Cz,70,121.2161668,31.0349785,2,-1
Cz,71,121.2163933,31.0349876,2,-1
Cz,72,121.2166942,31.0352181,2,-1
Cz,73,121.216845,31.0403984,2,-1
Cz,74,121.206595,31.0299893,2,-1
Br,28,121.2123683,31.040583,2,-1
Br,29,121.2158848,31.040591,2,-1
Dw,20,121.2142617,31.0404288,2,-1
Dw,21,121.2134123,31.0406047,2,-1
Aa,27,121.2140883,31.0405622,2,-1
Cn,140,121.2142935,31.0405774,2,-1
Cn,141,121.213253,31.0399557,2,-1
Dw,22,121.2125806,31.0405289,2,-1
Cn,142,121.2135326,31.0405076,2,-1
Aa,28,121.216427,31.0402639,2,-1
Cn,143,121.2144521,31.0400649,2,-1
Cn,144,121.2141838,31.0401346,2,-1
Aa,29,121.20342,31.0405873,2,-1
Aa,30,121.2156941,31.0397932,2,-1
Cn,145,121.2124076,31.034989,2,-1
Cn,146,121.2113079,31.0349489,2,-1
Dw,23,121.1982827,31.0516292,2,-1
Cz,75,121.2048584,31.0101345,2,-1
Cz,76,121.2041138,31.0141197,2,-1
An,29,121.583136,31.2561915,2,-1
Cz,77,121.2262378,31.0312314,2,-1
Aa,31,121.1832126,31.0301371,2,-1
Cm,9,121.4447631,31.2105605,2,-1
Cn,147,121.4454309,31.2105462,2,-1
Cm,10,121.447431,31.2106642,2,-1
Cn,148,121.3088844,31.1538283,2,-1
Cz,78,121.3118469,31.1492473,2,-1
Cz,79,121.3110325,31.1507683,2,-1
Cz,80,121.3104619,31.1518469,2,-1
Cz,81,121.3100761,31.1512052,2,-1
An,30,121.4528175,31.2540745,2,-1
Cm,11,121.446858,31.2300947,2,-1
Cm,12,121.4463706,31.2298537,2,-1
Br,30,121.453316,31.2497003,2,-1
Br,31,121.6286386,31.2034202,2,-1
Cy,75,121.4239917,31.1603255,2,-1
Cz,82,121.5018629,31.2432238,2,-1
Cz,83,121.5009377,31.2446955,2,-1
An,31,121.5847531,31.1993736,2,-1
Cn,149,121.436522,31.2134232,2,-1
Cy,76,121.4071576,31.0131205,2,-1
An,32,121.5075867,31.2334038,2,-1
Cm,13,121.4590338,31.2164363,2,-1
Cy,77,121.4238849,31.1864557,2,-1
Cn,150,121.4640816,31.232718,2,-1
Aa,32,121.4359093,31.2149468,2,-1
Cm,14,121.4191617,31.2086922,2,-1
Cn,151,121.436522,31.2134232,2,-1
Cm,15,121.4591021,31.2191062,2,-1
Aa,33,121.4359789,31.2114341,2,-1
Aa,34,121.4376665,31.2124423,2,-1
Cm,16,121.4497559,31.2227376,2,-1
Cn,152,121.4361351,31.2152355,2,-1
Dh,6,121.4381906,31.1941718,2,-1
Cy,78,121.4397516,31.1947979,2,-1
Cz,84,121.4354962,31.1914968,2,-1
Cy,79,121.4357149,31.1915327,2,-1
Cm,17,121.4338041,31.1911394,2,-1
Aa,35,121.4360973,31.1949698,2,-1
Cy,80,121.4326516,31.1919656,2,-1
Cz,85,121.437673,31.1916137,2,-1
Cn,153,121.4887989,31.2275109,2,-1
Cn,154,121.4406666,31.2482015,2,-1
Cm,18,121.4454934,31.2362455,2,-1
Cn,155,121.3689765,31.1798887,2,-1
Cn,156,121.3697463,31.1807125,2,-1
An,33,121.3695961,31.1800608,2,-1
Aa,36,121.4382652,31.2096753,2,-1
Aa,37,121.5462994,31.2127317,2,-1
Aa,38,121.4909616,31.2207289,2,-1
An,34,121.441632,31.24511,2,-1
Br,32,121.441806,31.244932,2,-1
Aa,39,121.4586715,31.2107898,2,-1
Cy,81,121.4344703,31.2162238,2,-1
Aa,40,121.4338534,31.2173065,2,-1
Br,33,121.1583262,31.289326,2,-1
Dw,24,121.1572982,31.2899214,2,-1
An,35,121.65046,31.268909,2,-1
Cn,157,121.649794,31.268398,2,-1
An,36,121.4034687,31.213746,2,-1
Aa,41,121.4333562,31.1839288,2,-1
Dw,25,121.4341609,31.1903077,2,-1
Aa,42,121.4354029,31.1796578,2,-1
Cz,86,121.4331794,31.1933075,2,-1
Cn,158,121.4356624,31.1986533,2,-1
Aa,43,121.4321835,31.1859329,2,-1
Aa,44,121.4379871,31.1869936,2,-1
Cy,82,121.4373923,31.1895812,2,-1
Cz,87,121.4318794,31.1886276,2,-1
Cm,19,121.4471617,31.2101434,2,-1
Cn,159,121.479677,31.237738,2,-1
Aa,45,121.479579,31.237654,2,-1
Cn,160,121.479702,31.237527,2,-1
Cn,161,121.479973,31.237527,2,-1
Cz,88,121.1994182,31.0516057,2,-1
Dw,26,121.1574246,31.2895722,2,-1
Aa,46,121.1569177,31.2898197,2,-1
Dw,27,121.1585418,31.2974815,2,-1
Cn,162,121.4949072,31.28093,2,-1
Cz,89,121.1575028,31.2914909,2,-1
Cy,83,121.3204201,31.3007105,2,-1
Cy,84,121.316851,31.2972394,2,-1
Aa,47,121.1572619,31.2901713,2,-1
Aa,48,121.4359811,31.2114188,2,-1
Cn,163,121.1660584,31.2718992,2,-1
Cn,164,121.1663863,31.2719196,2,-1
Br,34,121.1675867,31.2745769,2,-1
Cy,85,121.4951662,31.2815265,2,-1
Cn,165,121.3983422,31.2245769,2,-1
Cn,166,121.400589,31.2263938,2,-1
An,37,121.4062263,31.2321058,2,-1
Aa,49,121.443992,31.2001813,2,-1
Aa,50,121.4649372,31.2331535,2,-1
Al,14,121.051736,31.1133253,3,-1
Dw,28,121.4868713,31.2292477,3,-1
Cy,86,121.5970156,31.2054338,3,-1
Dw,29,121.5121917,31.2305092,3,-1
Cn,167,121.5113709,31.2316834,3,-1
Cn,168,121.5114514,31.2316605,3,-1
Aa,51,121.4123095,31.2204804,3,-1
Cy,87,121.5392752,30.8733837,3,-1
Cn,169,121.3538584,31.1436525,3,-1
Cn,170,121.3540566,31.1437434,3,-1
Cn,171,121.3539062,31.1439569,3,-1
Cn,172,121.3533116,31.1425529,3,-1
Cn,173,121.3537292,31.1428301,3,-1
Cn,174,121.4257857,31.2063855,3,-1
Cn,175,121.4182,31.2029709,3,-1
Dw,30,121.1570214,31.2896223,3,-1
Dw,31,121.1591532,31.2880334,3,-1
Cz,90,121.4014987,31.1656982,3,-1
Cn,176,121.1581326,31.2917824,3,-1
Cn,177,121.4190659,31.1733343,3,-1
Dw,32,121.1507483,31.2979508,3,-1
Cz,91,121.6014323,31.1307918,3,-1
Cz,92,121.6124847,31.1398184,3,-1
Al,15,121.6554942,31.1476374,3,-1
Al,16,121.6535566,31.1455293,3,-1
Al,17,121.6538155,31.1459056,3,-1
Al,18,121.6544248,31.1474627,3,-1
Al,19,121.6543626,31.1479316,3,-1
Al,20,121.6557624,31.1464597,3,-1
Al,21,121.6581729,31.1472297,3,-1
Al,22,121.655399,31.1458558,3,-1
Al,23,121.6589527,31.1470033,3,-1
Al,24,121.6600148,31.1460022,3,-1
Al,25,121.6594609,31.1453902,3,-1
Al,26,121.6568772,31.1450262,3,-1
Dw,33,121.6526193,31.1446025,3,-1
Al,27,121.657364,31.1444596,3,-1
Al,28,121.6557906,31.1447208,3,-1
Al,29,121.6547397,31.1445386,3,-1
Al,30,121.6541099,31.1433729,3,-1
Al,31,121.6544015,31.1437723,3,-1
Al,32,121.6530027,31.1430855,3,-1
Al,33,121.653574,31.1431309,3,-1
Dw,34,121.6538681,31.1432528,3,-1
Dw,35,121.6547297,31.1454938,3,-1
Dw,36,121.6544695,31.1454789,3,-1
Dw,37,121.6537749,31.1474473,3,-1
Dw,38,121.6535098,31.1467858,3,-1
Aa,52,121.6549143,31.1469708,3,-1
Cn,178,121.6555706,31.1457686,3,-1
Aa,53,121.6571799,31.1455149,3,-1
Aa,54,121.6572601,31.1450638,3,-1
Dw,39,121.6581117,31.1444737,3,-1
Aa,55,121.6577925,31.1440173,3,-1
Aa,56,121.6592586,31.1467966,3,-1
Dw,40,121.6592723,31.1458929,3,-1
Dw,41,121.6586125,31.144956,3,-1
Dw,42,121.6593774,31.1473352,3,-1
Dw,43,121.6580436,31.1472989,3,-1
Cn,179,121.6616262,31.1376036,3,-1
Dw,44,121.6536759,31.1436418,3,-1
Dw,45,121.6558627,31.1444101,3,-1
Dw,46,121.6620209,31.1379272,3,-1
Dw,47,121.6489257,31.1417297,3,-1
Aa,57,121.6489222,31.1420897,3,-1
Cm,20,121.6618877,31.1378588,3,-1
Cn,180,121.6618596,31.1378188,3,-1
Cn,181,121.5015853,31.2216716,3,-1
Aa,58,121.5015504,31.2217346,3,-1
Cn,182,121.5016229,31.2214284,3,-1
Cn,183,121.5016242,31.2215913,3,-1
Aa,59,121.5012541,31.221835,3,-1
Cn,184,121.5011052,31.221792,3,-1
Cn,185,121.5014458,31.2213917,3,-1
Dh,7,121.6584692,31.1475675,3,-1
Dh,8,121.6553643,31.14553,3,-1
Dh,9,121.6542357,31.1454834,3,-1
Dh,10,121.6537223,31.1431813,3,-1
Br,35,121.4394517,31.2188296,3,-1
An,38,121.4394489,31.2200361,3,-1
Cn,186,121.1636217,31.2372414,3,-1
Br,36,121.1355695,31.2416772,3,-1
Cz,93,121.1371499,31.2639855,3,-1
Cn,187,121.4407043,31.2175903,3,-1
Cn,188,121.1509488,31.2983648,3,-1
An,39,121.3728853,31.2340439,3,-1
Aa,60,121.58919,31.2429198,3,-1
Aa,61,121.5839975,31.2441421,3,-1
Br,37,121.584222,31.244287,3,-1
An,40,121.2528407,31.3702984,3,-1
Al,34,121.2242285,31.3380559,3,-1
Dw,48,121.2494123,31.3323903,3,-1
Cn,189,121.2473198,31.3649393,3,-1
Br,38,121.2534451,31.3708326,3,-1
Dw,49,121.2523189,31.3724363,3,-1
An,41,121.2533937,31.3690497,3,-1
An,42,121.2529221,31.3689178,3,-1
An,43,121.4743862,31.6731798,3,-1
Br,39,121.452063,31.2451865,3,-1
Cn,190,121.4563792,31.209417,3,-1
Cy,88,121.4640695,31.240523,3,-1
Dw,50,121.4506066,31.2534348,3,-1
Dw,51,121.4500728,31.2532192,3,-1
Dw,52,121.4505798,31.2541181,3,-1
Aa,62,121.4520335,31.2526391,3,-1
Cz,94,121.1584381,31.296704,3,-1
Cz,95,121.1585628,31.2958193,3,-1
Cz,96,121.4374722,31.2256359,3,-1
Cz,97,121.4789178,31.2341768,3,-1
Cn,191,121.4786579,31.2344253,3,-1
An,44,121.4833542,31.2294638,3,-1
Br,40,121.4823559,31.2315527,3,-1
Cz,98,121.48214,31.2324691,3,-1
Br,41,121.4792604,31.2345147,3,-1
Cz,99,121.4824255,31.2311536,3,-1
Aa,63,121.4815378,31.234033,3,-1
Aa,64,121.4326387,31.2202512,3,-1
Aa,65,121.4821312,31.2346494,3,-1
Br,42,121.480093,31.2346669,3,-1
An,45,121.4809345,31.234794,3,-1
Br,43,121.4807702,31.234703,3,-1
Cn,192,121.4799407,31.2346145,3,-1
Br,44,121.4775899,31.2341469,3,-1
Cn,193,121.4734051,31.2318313,3,-1
Br,45,121.4801203,31.2364832,3,-1
Dw,53,121.4758067,31.2351919,3,-1
Br,46,121.479854,31.2361621,3,-1
An,46,121.4755942,31.2348966,3,-1
Br,47,121.4771623,31.2340222,3,-1
Cn,194,121.4734415,31.2317456,3,-1
Aa,66,121.4751145,31.2349954,3,-1
Cz,100,121.4783228,31.2356903,3,-1
Br,48,121.4829501,31.2368226,3,-1
An,47,121.4770218,31.2338839,3,-1
An,48,121.4734951,31.2316222,3,-1
Cz,101,121.473804,31.2311211,3,-1
Br,49,121.481507,31.2368154,3,-1
Aa,67,121.4774863,31.2357684,3,-1
Br,50,121.4735203,31.2315125,3,-1
Br,51,121.4792275,31.2362755,3,-1
Cn,195,121.4844415,31.2374019,3,-1
Br,52,121.4848101,31.2372484,3,-1
Cz,102,121.4739485,31.2310982,3,-1
Aa,68,121.4739121,31.2310887,3,-1
Cn,196,121.4813288,31.2368475,3,-1
Cz,103,121.4794206,31.2212832,3,-1
Cn,197,121.4845437,31.2238295,3,-1
Cz,104,121.4797506,31.2364528,3,-1
An,49,121.4849772,31.2240489,3,-1
Dw,54,121.4867657,31.2297633,3,-1
Aa,69,121.4793704,31.2363209,3,-1
Cz,105,121.4710604,31.218633,3,-1
Aa,70,121.4702344,31.2190808,3,-1
An,50,121.4837544,31.2371276,3,-1
Cz,106,121.4883172,31.2339968,3,-1
Cz,107,121.4709749,31.2183449,3,-1
Cn,198,121.4848135,31.2374942,3,-1
Cz,108,121.4826505,31.2224044,3,-1
Br,53,121.4880377,31.2298727,3,-1
Dw,55,121.4859964,31.2300272,3,-1
Cn,199,121.4861929,31.2296396,3,-1
Cz,109,121.4866882,31.2240348,3,-1
Cn,200,121.485524,31.2240973,3,-1
Cz,110,121.4807588,31.2211199,3,-1
Cn,201,121.4786165,31.2211889,3,-1
Br,54,121.476592,31.2204173,3,-1
Cn,202,121.4702692,31.2187406,3,-1
Br,55,121.4767397,31.2201255,3,-1
Br,56,121.4721017,31.2186557,3,-1
Cz,111,121.4495069,31.2163967,3,-1
Cz,112,121.4632817,31.2225213,3,-1
An,51,121.4835509,31.23743,3,-1
An,52,121.4773481,31.2205722,3,-1
Aa,71,121.452883,31.2182134,3,-1
An,53,121.476569,31.2338562,3,-1
Cz,113,121.4493509,31.2167006,3,-1
Cn,203,121.4846086,31.237244,3,-1
An,54,121.4862853,31.2240809,3,-1
Cz,114,121.4860649,31.224044,3,-1
Cz,115,121.4698444,31.2210045,3,-1
Cz,116,121.465364,31.2231437,3,-1
Cz,117,121.4480982,31.2160185,3,-1
An,55,121.4766018,31.2346573,3,-1
Cn,204,121.452941,31.2182334,3,-1
An,56,121.4698498,31.2209011,3,-1
Cz,118,121.4834797,31.2372884,3,-1
Cz,119,121.4889173,31.2335074,3,-1
Aa,72,121.4804372,31.2383317,3,-1
Br,57,121.4815679,31.2452486,3,-1
Cz,120,121.4835479,31.240353,3,-1
Dh,11,121.4832467,31.2406157,3,-1
Aa,73,121.4811266,31.2396961,3,-1
Cn,205,121.4806717,31.2400089,3,-1
Cz,121,121.5306251,31.2270154,3,-1
Br,58,121.4970166,31.2421659,3,-1
Cn,206,121.4967244,31.2418839,3,-1
Cn,207,121.4967001,31.2417751,3,-1
Cz,122,121.42923,31.2171572,3,-1
Br,59,121.427307,31.2158646,3,-1
Dw,56,121.4257242,31.2146449,3,-1
Dh,12,121.4807088,31.2389878,3,-1
Cz,123,121.4837745,31.2404477,3,-1
Cn,208,121.48033,31.229707,3,-1
Br,60,121.4793755,31.2427858,3,-1
Br,61,121.4792463,31.2438456,3,-1
An,57,121.4834751,31.2407241,3,-1
Dh,13,121.4830724,31.2405375,3,-1
Br,62,121.4306886,31.2181978,3,-1
An,58,121.429644,31.2176429,3,-1
Cz,124,121.4294518,31.2174074,3,-1
Br,63,121.4187224,31.2128401,3,-1
Cz,125,121.480538,31.2299173,3,-1
Dw,57,121.4287402,31.2167017,3,-1
An,59,121.4277613,31.2155549,3,-1
An,60,121.4262676,31.2152658,3,-1
Br,64,121.416333,31.2129821,3,-1
Br,65,121.4808949,31.2383569,3,-1
Cz,126,121.4795171,31.2410437,3,-1
Cz,127,121.4322156,31.2192087,3,-1
Cz,128,121.4280117,31.2163984,3,-1
Cm,21,121.4252896,31.2145823,3,-1
Cz,129,121.426233,31.21395,3,-1
Cz,130,121.4189366,31.2122042,3,-1
Dw,58,121.4187756,31.212882,3,-1
Cz,131,121.4794933,31.2404428,3,-1
An,61,121.4188068,31.2127848,3,-1
Br,66,121.4796184,31.2408891,3,-1
Cz,132,121.5286036,31.2269846,3,-1
An,62,121.4284411,31.2164943,3,-1
An,63,121.4248476,31.2133362,3,-1
Aa,74,121.5302483,31.2272116,3,-1
Cz,133,121.4982315,31.2421714,3,-1
Cn,209,121.4301154,31.2177559,3,-1
Aa,75,121.4187827,31.2128541,3,-1
Cy,89,121.4806116,31.2399068,3,-1
Cz,134,121.4280622,31.2162702,3,-1
Br,67,121.4268819,31.2149788,3,-1
Aa,76,121.418727,31.213399,3,-1
Cz,135,121.484948,31.2409386,3,-1
Cy,90,121.4117433,31.2207971,3,-1
Aa,77,121.4506771,31.2654881,3,-1
An,64,121.5586718,31.2149338,3,-1
Dw,59,121.344805,31.1727644,3,-1
Aa,78,121.4401279,31.2232199,3,-1
Cy,91,121.4488578,31.1169839,3,-1
An,65,121.4748131,31.2400283,3,-1
Cm,22,121.4402266,31.2124074,3,-1
Al,35,121.5550634,31.2715177,3,-1
Al,36,121.4464448,31.210527,3,-1
An,66,121.4573309,31.218815,3,-1
Br,68,121.458217,31.21575,3,-1
Br,69,121.459755,31.220067,3,-1
Dh,14,121.4565877,31.2192609,3,-1
Cn,210,121.4734617,31.2366075,3,-1
Br,70,121.5842241,31.2443133,3,-1
An,67,121.4667872,31.2409351,3,-1
Cz,136,121.202544,31.0405573,3,-1
Cy,92,121.2068195,31.0401023,3,-1
Aa,79,121.2069509,31.0393623,3,-1
Cn,211,121.4457914,31.0295018,3,-1
Cy,93,121.4499148,31.1212489,3,-1
Cm,23,121.4635766,31.2209081,3,-1
Aa,80,121.4983196,31.2502296,3,-1
Cn,212,121.4627098,31.2177261,3,-1
Cn,213,121.4418105,31.2404237,3,-1
An,68,121.4874134,31.2560353,3,-1
Cn,214,121.4877177,31.2567729,3,-1
Br,71,121.165038,31.2119488,3,-1
An,69,121.4740812,31.2361815,3,-1
An,70,121.6326785,31.2082868,3,-1
Dw,60,121.4617069,31.2329632,3,-1
Dw,61,121.4645655,31.2331097,3,-1
Cn,215,121.463251,31.2077502,3,-1
Al,37,121.4643877,31.2160955,3,-1
Dh,15,121.4552136,31.2319759,3,-1
Br,72,121.4575018,31.2329299,3,-1
Dh,16,121.4568261,31.2328045,3,-1
Br,73,121.4665131,31.2307679,3,-1
Br,74,121.4651301,31.2290073,3,-1
An,71,121.4810288,31.2415417,3,-1
An,72,121.240989,31.3963594,3,-1
An,73,121.4614988,31.2057045,3,-1
Cn,216,121.4636391,31.2078713,3,-1
An,74,121.2401324,31.3968224,3,-1
An,75,121.4939376,31.2943711,3,-1
Cn,217,121.3827822,31.1895946,3,-1
Cm,24,121.4433318,31.2035266,3,-1
An,76,121.7947602,31.1627576,3,-1
An,77,121.5860466,31.3410304,3,-1
An,78,121.428069,31.1874178,3,-1
An,79,121.4741554,31.2379675,3,-1
Al,38,121.5620192,31.2079476,3,-1
Aa,81,121.4700709,31.2205558,3,-1
An,80,121.4760799,31.2783272,3,-1
Cm,25,121.4641966,31.2095791,3,-1
Cn,218,121.4701142,31.2378045,3,-1
Al,39,121.4787335,31.2380617,3,-1
Al,40,121.4771559,31.2256958,3,-1
Al,41,121.4880671,31.2284167,3,-1
Al,42,121.4664748,31.2362775,3,-1
Al,43,121.4782294,31.2374705,3,-1
Cm,26,121.4449193,31.2279842,3,-1
Aa,82,121.4450805,31.2280255,3,-1
Aa,83,121.4451194,31.2280369,3,-1
Aa,84,121.4451659,31.2280514,3,-1
Cm,27,121.4450388,31.2293202,3,-1
Al,44,121.4823145,31.2404001,3,-1
Cy,94,121.4936319,31.2846149,3,-1
Cy,95,121.43817,31.194116,3,-1
Aa,85,121.44261,31.217203,3,-1
Cy,96,121.4415,31.214153,3,-1
Br,75,121.4315004,31.1866495,3,-1
Aa,86,121.44812,31.232682,3,-1
Cy,97,121.4310661,31.1863689,3,-1
Cm,28,121.4481881,31.2325184,3,-1
Br,76,121.4298367,31.1870679,3,-1
Cm,29,121.4389832,31.239013,3,-1
Cn,219,121.4292143,31.2351835,3,-1
An,81,121.2582135,31.3534309,3,-1
An,82,121.5239362,31.2257423,3,-1
An,83,121.4787234,31.2430679,3,-1
Cn,220,121.4456597,31.2082629,3,-1
An,84,121.4676128,31.2387302,3,-1
An,85,121.4822708,31.2524441,3,-1
Aa,87,121.4728028,31.2389969,3,-1
An,86,121.4822643,31.2523947,3,-1
Aa,88,121.4861979,31.2423151,3,-1
Cn,221,121.5822365,31.2436538,3,-1
Cn,222,121.4395167,31.2490776,3,-1
An,87,121.4983087,31.253636,3,-1
Aa,89,121.4381009,31.2526176,3,-1
Cz,137,121.3675289,31.1071193,3,-1
Al,45,121.4675441,31.2465742,3,-1
An,88,121.49804,31.253589,3,-1
Cn,223,121.4318174,31.2230265,3,-1
An,89,121.416767,31.2202933,3,-1
Al,46,121.4818576,31.2281132,3,-1
Cm,30,121.4338328,31.2194651,3,-1
Cn,224,121.4370255,31.2084023,3,-1
Al,47,121.4872446,31.2286049,3,-1
An,90,121.5046095,31.3009134,3,-1
An,91,121.5239652,31.2256957,3,-1
Cn,225,121.4452981,31.2228707,3,-1
Aa,90,121.4170329,31.2195966,3,-1
Cn,226,121.4545847,31.2310667,3,-1
Cn,227,121.5554066,31.2285824,3,-1
Al,48,121.4405278,31.2433427,3,-1
Al,49,121.4729811,31.2373182,3,-1
Dw,62,121.5134181,31.2316947,3,-1
Cn,228,121.4187406,31.2137865,3,-1
Cz,138,121.4999764,31.083323,3,-1
An,92,121.790746,31.1751487,3,-1
Br,77,121.4885958,31.0754384,3,-1
Aa,91,121.3713263,31.1119827,3,-1
Aa,92,121.3731037,31.1102988,3,-1
Cy,98,121.3748774,31.1177942,3,-1
Cy,99,121.3735945,31.1095621,3,-1
Cz,139,121.3731558,31.1088357,3,-1
Dw,63,121.371938,31.1104812,3,-1
Br,78,121.3727946,31.1071661,3,-1
Br,79,121.3703503,31.1145488,3,-1
Cn,229,121.4935704,31.0778501,3,-1
Cn,230,121.4928751,31.0795667,3,-1
Dh,17,121.4928566,31.0787159,3,-1
Cn,231,121.4934565,31.077678,3,-1
Cz,140,121.3837982,31.1106381,3,-1
Cn,232,121.4889201,31.0754986,3,-1
Cy,100,121.3952895,31.1342471,3,-1
Cz,141,121.3715126,31.1124398,3,-1
Dw,64,121.3720539,31.1111935,3,-1
Dh,18,121.3733625,31.10858,3,-1
Cz,142,121.3725233,31.1084434,3,-1
Cz,143,121.3739991,31.1107212,3,-1
Aa,93,121.3747177,31.1098547,3,-1
Cz,144,121.3710903,31.1122341,3,-1
Dw,65,121.3717645,31.1113237,3,-1
Cz,145,121.3718314,31.1080138,3,-1
Dh,19,121.3732549,31.1074589,3,-1
Br,80,121.3724015,31.10684,3,-1
Cz,146,121.3722278,31.1070327,3,-1
Cz,147,121.4195325,31.1248285,3,-1
Cy,101,121.4899262,31.0760601,3,-1
Cn,233,121.488407,31.0754062,3,-1
An,93,121.4686291,31.2384641,3,-1
An,94,121.4159549,31.2201848,3,-1
Cn,234,121.412554,31.2182817,3,-1
An,95,121.4151415,31.2203369,3,-1
Aa,94,121.5191555,30.8401742,3,-1
Cn,235,121.4990125,31.0976156,3,-1
Dh,20,121.4994593,31.0967418,3,-1
Cm,31,121.4458466,31.2226642,3,-1
Al,50,121.2152564,31.0962565,3,-1
Cz,148,121.3724823,31.1107437,3,-1
Cy,102,121.5014395,31.0762189,3,-1
Cz,149,121.4933098,31.0784347,3,-1
Cz,150,121.3732705,31.111153,3,-1
Cn,236,121.3721103,31.1111243,3,-1
Br,81,121.3716788,31.1151725,3,-1
Cy,103,121.5002593,31.0720832,3,-1
Dh,21,121.4930543,31.0782803,3,-1
Br,82,121.3763866,31.1172252,3,-1
Cn,237,121.4929838,31.0771243,3,-1
Cz,151,121.4933747,31.0783427,3,-1
Dh,22,121.492845,31.0787945,3,-1
Cn,238,121.5008127,31.072157,3,-1
Br,83,121.3724101,31.111369,3,-1
Dw,66,121.3768636,31.1172516,3,-1
Br,84,121.493034,31.077466,3,-1
Br,85,121.4883725,31.0959687,3,-1
Dh,23,121.4931687,31.0779838,3,-1
Dh,24,121.4929103,31.0784998,3,-1
Dh,25,121.4928739,31.0785609,3,-1
Br,86,121.3730083,31.1137862,3,-1
Cn,239,121.4452427,31.2281548,3,-1
Dh,26,121.4447625,31.2298382,3,-1
Cn,240,121.4470948,31.2309582,3,-1
Aa,95,121.4481498,31.2313146,3,-1
Cn,241,121.4551792,31.2338089,3,-1
Br,87,121.5090463,31.0854145,3,-1
Br,88,121.3983384,31.1331462,3,-1
Cy,104,121.3677721,31.1209114,3,-1
Aa,96,121.5054414,31.0901011,3,-1
Br,89,121.508851,31.0898634,3,-1
An,96,121.416182,31.2199159,3,-1
Cn,242,121.41881,31.213943,3,-1
Cn,243,121.42307,31.212531,3,-1
Cn,244,121.44588,31.221637,3,-1
Cn,245,121.4645992,31.22975,3,-1
Br,90,121.4969093,31.0813438,3,-1
Dw,67,121.5001164,31.0969722,3,-1
An,97,121.4699573,31.2255443,3,-1
An,98,121.4527226,31.2486511,3,-1
Cn,246,121.4444479,31.2280671,3,-1
Cz,152,121.5002324,31.0847587,3,-1
Dw,68,121.5004968,31.0847879,3,-1
An,99,121.4494936,31.2179994,3,-1
Cn,247,121.4076726,31.1659803,3,-1
Br,91,121.4076392,31.1661299,3,-1
Cn,248,121.502108,31.0851737,3,-1
Cn,249,121.4997971,31.0852113,3,-1
Cn,250,121.5018908,31.0851213,3,-1
Cy,105,121.357158,31.153169,3,-1
Cn,251,121.4488972,31.2247182,3,-1
Cn,252,121.4494315,31.218385,3,-1
Aa,97,121.4493295,31.2180868,3,-1
Cy,106,121.4355518,31.2277864,3,-1
Aa,98,121.4468944,31.2204543,3,-1
Cy,107,121.5858202,31.2455707,3,-1
An,100,121.4872256,31.2464428,3,-1
Cz,153,121.4296369,31.2219975,3,-1
Cn,253,121.3816157,31.1930463,3,-1
Br,92,121.3600699,31.1460176,3,-1
Cy,108,121.3590112,31.1455995,3,-1
Cy,109,121.3489344,31.1415194,3,-1
Cy,110,121.3563471,31.1441438,3,-1
Br,93,121.4641364,31.2305296,3,-1
Cn,254,121.464571,31.2298263,3,-1
Dw,69,121.4653623,31.228337,3,-1
Br,94,121.4654563,31.2279939,3,-1
Cn,255,121.4656945,31.2281332,3,-1
Cy,111,121.4655524,31.2284621,3,-1
Br,95,121.465386,31.2288918,3,-1
Br,96,121.4653021,31.2291429,3,-1
Cn,256,121.4701784,31.2206015,3,-1
Cn,257,121.4884839,31.214483,3,-1
Cm,32,121.4583538,31.2233604,3,-1
Cy,112,121.4372062,31.2286831,3,-1
Cn,258,121.495035,31.2387462,3,-1
Cm,33,121.4384685,31.2126164,3,-1
Cn,259,121.4540342,31.2129516,3,-1
Dh,27,121.4931935,31.077663,3,-1
Cz,154,121.4524963,31.1880025,3,-1
Br,97,121.4516802,31.1883662,3,-1
Cn,260,121.4517716,31.1883256,3,-1
Dh,28,121.4943404,31.2384733,3,-1
Cn,261,121.5338659,31.195627,3,-1
Cn,262,121.4560473,31.2154342,3,-1
Cn,263,121.4402591,31.2460421,3,-1
Cz,155,121.4403405,31.2460822,3,-1
Cn,264,121.4999822,31.0854069,3,-1
Br,98,121.442111,31.243877,3,-1
Cn,265,121.4424521,31.2436512,3,-1
Dh,29,121.4996385,31.0845535,3,-1
Dh,30,121.499793,31.0847746,3,-1
Cn,266,121.5002065,31.0851943,3,-1
An,101,121.4558332,31.2434338,3,-1
Cn,267,121.456542,31.232732,3,-1
Br,99,121.3431957,31.1577501,3,-1
Dh,31,121.3436669,31.1577976,3,-1
Cz,156,121.3436043,31.1579135,3,-1
Cn,268,121.3435205,31.157141,3,-1
Cm,34,121.4350687,31.1989649,3,-1
Aa,99,121.4384608,31.2299691,3,-1
Cn,269,121.438138,31.1871562,3,-1
Br,100,121.4140252,31.1698634,3,-1
Cn,270,121.4379053,31.1869295,3,-1
Aa,100,121.4412042,31.192877,3,-1
Br,101,121.4383325,31.1878457,3,-1
Cn,271,121.4379203,31.1872356,3,-1
Cn,272,121.4375785,31.1910613,3,-1
Cz,157,121.4376947,31.1916624,3,-1
Cz,158,121.4377889,31.1886484,3,-1
Cz,159,121.4379788,31.1881733,3,-1
Br,102,121.4391242,31.1921391,3,-1
Cy,113,121.4386026,31.1830592,3,-1
Cz,160,121.4375703,31.1891861,3,-1
Cm,35,121.445203,31.228207,3,-1
Cn,273,121.4444443,31.2256106,3,-1
Cn,274,121.4706687,31.2217028,3,-1
Cn,275,121.4468459,31.2223255,3,-1
Aa,101,121.4576268,31.2198794,3,-1
An,102,121.4514024,31.2659741,3,-1
Cn,276,121.4678097,31.2447838,3,-1
Cn,277,121.1583108,31.2894953,3,-1
Aa,102,121.1591699,31.2913815,3,-1
Aa,103,121.4875829,31.2283123,3,-1
Cn,278,121.4496304,31.2228905,3,-1
Cy,114,121.4454055,31.2234661,3,-1
Cy,115,121.4415002,31.2257414,3,-1
Aa,104,121.4277677,31.2016065,3,-1
Aa,105,121.4277819,31.2011585,3,-1
Aa,106,121.4293179,31.2017488,3,-1
Cm,36,121.4353981,31.2318969,3,-1
Cz,161,121.4379891,31.2296147,3,-1
Cn,279,121.4359196,31.195147,3,-1
Cz,162,121.4372805,31.1920149,3,-1
Cz,163,121.4369424,31.194472,3,-1
Cz,164,121.4373912,31.2289289,3,-1
Cn,280,121.4347492,31.2271629,3,-1
Cz,165,121.413022,31.172046,3,-1
Aa,107,121.4384673,31.1874351,3,-1
Br,103,121.4130768,31.1727533,3,-1
Cn,281,121.5123726,31.2765305,3,-1
Dh,32,121.4676463,31.2447068,3,-1
Cy,116,121.4326453,31.1962534,3,-1
Cn,282,121.4671318,31.2457864,3,-1
Br,104,121.4671829,31.2464087,3,-1
Aa,108,121.4671236,31.2462221,3,-1
Cn,283,121.4444886,31.2282782,3,-1
Br,105,121.4444083,31.2279765,3,-1
Cn,284,121.4447651,31.2275022,3,-1
Cn,285,121.4449684,31.2270089,3,-1
Cn,286,121.1521574,31.2960199,3,-1
Cz,166,121.1583655,31.2937967,3,-1
Cn,287,121.4354902,31.1818289,3,-1
Dw,70,121.4672207,31.2465058,3,-1
Dw,71,121.4671419,31.2463163,3,-1
Cn,288,121.3983541,31.199044,3,-1
Dw,72,121.3983906,31.2001019,3,-1
Cn,289,121.4653625,31.2078826,3,-1
Cn,290,121.4350327,31.1954422,3,-1
Cn,291,121.4629493,31.2304701,3,-1
Dh,33,121.4628466,31.2314518,3,-1
Dh,34,121.4628386,31.2316032,3,-1
Dw,73,121.4625231,31.2350097,3,-1
Cz,167,121.4622325,31.2361867,3,-1
Br,106,121.4364206,31.228126,3,-1
Cm,37,121.4368819,31.2304769,3,-1
An,103,121.4369302,31.2281374,3,-1
Br,107,121.4617152,31.2346461,3,-1
Br,108,121.4616154,31.234652,3,-1
Cn,292,121.4613684,31.2346204,3,-1
Cz,168,121.4607835,31.2346235,3,-1
Aa,109,121.4610536,31.2346878,3,-1
Dh,35,121.4598694,31.2343155,3,-1
Br,109,121.4598437,31.2342748,3,-1
Dw,74,121.4598047,31.2342109,3,-1
Dh,36,121.4592533,31.2339621,3,-1
Cn,293,121.4571807,31.2336036,3,-1
Cn,294,121.4571889,31.2335733,3,-1
Dh,37,121.4572549,31.2334412,3,-1
Br,110,121.4573967,31.2330861,3,-1
Dh,38,121.4573717,31.2330282,3,-1
Dh,39,121.4569367,31.2328927,3,-1
Aa,110,121.4568277,31.233015,3,-1
Cn,295,121.4565832,31.2334962,3,-1
Cn,296,121.4566254,31.2335109,3,-1
Cn,297,121.4567226,31.2335447,3,-1
Cn,298,121.4567855,31.2335668,3,-1
Aa,111,121.458009,31.23303,3,-1
Dh,40,121.4584258,31.23305,3,-1
Aa,112,121.4590947,31.232995,3,-1
Cn,299,121.4591192,31.232998,3,-1
Cm,38,121.459209,31.2330073,3,-1
Br,111,121.4593832,31.2330309,3,-1
Cm,39,121.4595851,31.233067,3,-1
Dh,41,121.4609274,31.2328495,3,-1
Cz,169,121.4613823,31.2329331,3,-1
Aa,113,121.4638947,31.2330194,3,-1
Dh,42,121.4659776,31.2319695,3,-1
Cm,40,121.4661329,31.2316346,3,-1
Dh,43,121.4664227,31.2310378,3,-1
Dh,44,121.4664355,31.2310012,3,-1
Cm,41,121.4577561,31.2232428,3,-1
Cn,300,121.4578985,31.2232597,3,-1
Aa,114,121.4622368,31.2296853,3,-1
Cz,170,121.4622035,31.2302654,3,-1
Cn,301,121.461817,31.2310078,3,-1
An,104,121.4565506,31.20788,3,-1
Cy,117,121.4364067,31.231147,3,-1
Cn,302,121.4362055,31.2309956,3,-1
Cn,303,121.411908,31.2205886,3,-1
Aa,115,121.414699,31.2201993,3,-1
Cm,42,121.4178547,31.2177579,3,-1
Cn,304,121.4414445,31.2220342,3,-1
Cn,305,121.4363137,31.1970253,3,-1
Cn,306,121.4478824,31.2185212,3,-1
Cn,307,121.4353769,31.1819902,3,-1
Aa,116,121.4533086,31.2128044,3,-1
Aa,117,121.3734392,31.0682622,3,-1
Al,51,121.4422832,31.2507258,3,-1
Aa,118,121.481584,31.2544031,3,-1
Cn,308,121.3923429,31.1399251,3,-1
Cz,171,121.3827768,31.141203,3,-1
Br,112,121.4981571,31.0989065,3,-1
Dw,75,121.3821935,31.1406869,3,-1
Cn,309,121.4620093,31.2323997,3,-1
Br,113,121.3914081,31.1426808,3,-1
Br,114,121.4384802,31.2294257,3,-1
Br,115,121.4445523,31.2416738,3,-1
Cn,310,121.4432969,31.2245539,3,-1
Cn,311,121.5027419,31.2371578,3,-1
Cy,118,121.4442701,31.2255395,3,-1
Br,116,121.3736585,31.1234843,3,-1
Cz,172,121.5009623,31.0839895,3,-1
Cn,312,121.5004991,31.0838663,3,-1
Al,52,121.4057093,31.1426476,3,-1
Cm,43,121.4702266,31.2224189,3,-1
Cn,313,121.3704538,31.1746518,3,-1
Cz,173,121.4272781,31.1939749,3,-1
An,105,121.4300069,31.1939981,3,-1
Cz,174,121.4297869,31.1942734,3,-1
An,106,121.3693798,31.1745592,3,-1
Br,117,121.4396053,31.2524665,3,-1
Cn,314,121.5172479,31.2573679,3,-1
Cn,315,121.4788101,31.2045795,3,-1
Cn,316,121.5242361,31.2238576,3,-1
Dh,45,121.4790138,31.2387637,3,-1
An,107,121.4330492,31.3385122,3,-1
Al,53,121.04978,31.1107075,3,-1
Cn,317,121.4351714,31.1954355,3,-1
Cn,318,121.4380721,31.1920267,3,-1
Dw,76,121.4354742,31.1951609,3,-1
Br,118,121.3070687,31.2037926,3,-1
Cz,175,121.1198331,31.1580476,3,-1
Cz,176,121.1214535,31.1525594,3,-1
An,108,121.4821638,31.2417931,3,-1
Aa,119,121.5047576,31.0857605,3,-1
Cy,119,121.3641384,31.1595506,3,-1
Cn,319,121.4997989,31.084538,3,-1
Br,119,121.4553166,31.1965234,3,-1
Cy,120,121.4549581,31.1974756,3,-1
Br,120,121.4540901,31.1983694,3,-1
Br,121,121.454483,31.1989387,3,-1
Br,122,121.4436671,31.2000906,3,-1
Br,123,121.4527304,31.2005637,3,-1
Cz,177,121.4508539,31.2029131,3,-1
Cz,178,121.444546,31.2012533,3,-1
Cz,179,121.4444886,31.2004772,3,-1
Cz,180,121.4363441,31.1963551,3,-1
Dw,77,121.4363369,31.197013,3,-1
Br,124,121.4424237,31.2007359,3,-1
Cz,181,121.4411206,31.2003751,3,-1
Cz,182,121.4410716,31.2000993,3,-1
Aa,120,121.4498301,31.203115,3,-1
Cz,183,121.4460534,31.2017781,3,-1
Cz,184,121.4447915,31.2012496,3,-1
Cz,185,121.4437558,31.2001304,3,-1
Br,125,121.4404784,31.1988794,3,-1
Cz,186,121.4367513,31.1966235,3,-1
Cn,320,121.4391683,31.199311,3,-1
Cz,187,121.4392667,31.1982256,3,-1
Cz,188,121.4373128,31.1970201,3,-1
Cz,189,121.4505255,31.2028002,3,-1
An,109,121.4837725,31.2360371,3,-1
Cn,321,121.4527748,31.2181729,3,-1
Aa,121,121.4529827,31.2182489,3,-1
Cn,322,121.4638295,31.2314669,3,-1
Dw,78,121.4637845,31.2312762,3,-1
Dw,79,121.4638074,31.2311938,3,-1
An,110,121.5173035,31.2306907,3,-1
Aa,122,121.4568703,31.219419,3,-1
Cn,323,121.4553186,31.2311078,3,-1
Aa,123,121.4549273,31.231545,3,-1
Aa,124,121.4547004,31.2314418,3,-1
Cn,324,121.5820104,31.2942444,3,-1
Cy,121,121.5822746,31.2941964,3,-1
Cn,325,121.5834973,31.2935124,3,-1
Br,126,121.5830555,31.2941557,3,-1
Cn,326,121.4941547,31.2389106,3,-1
Cn,327,121.4964399,31.237842,3,-1
Cn,328,121.4622489,31.0436458,3,-1
Br,127,121.4180285,31.1408508,3,-1
Cn,329,121.4743384,31.2231933,3,-1
Aa,125,121.4747656,31.2228936,3,-1
Cn,330,121.4616118,31.2205826,3,-1
Dw,80,121.4945704,31.2390192,3,-1
Cn,331,121.4704333,31.2219208,3,-1
Cn,332,121.4558392,31.2154749,3,-1
Cn,333,121.455489,31.2315674,3,-1
Cn,334,121.4554322,31.2316953,3,-1
Cn,335,121.4767266,31.2376827,3,-1
Cn,336,121.4660482,31.2238856,3,-1
Dw,81,121.4660009,31.2366304,3,-1
Dw,82,121.4547272,31.2311319,3,-1
Cn,337,121.4868856,31.2297622,3,-1
Cn,338,121.4767225,31.2097732,3,-1
Dw,83,121.4597074,31.2271167,3,-1
Cm,44,121.4249698,31.1903851,3,-1
Cn,339,121.456321,31.2228199,3,-1
Al,54,121.4807548,31.2464066,3,-1
Cn,340,121.4499471,31.2181164,3,-1
Aa,126,121.4682483,31.2282583,3,-1
Aa,127,121.4873992,31.2279302,3,-1
Br,128,121.4994261,31.0854429,3,-1
Cn,341,121.4378652,31.1823477,3,-1
Dw,84,121.4326479,31.1848667,3,-1
Br,129,121.3424603,31.1410912,3,-1
Cn,342,121.3424589,31.1407915,3,-1
Cy,122,121.3420988,31.1390482,3,-1
Cy,123,121.5579994,31.1672436,3,-1
Dw,85,121.4451759,31.1882859,3,-1
Cz,190,121.4365168,31.1824242,3,-1
Dh,46,121.4451075,31.2293462,3,-1
Aa,128,121.4456616,31.2294786,3,-1
An,111,121.4830437,31.2469158,3,-1
Aa,129,121.4793851,31.2457784,3,-1
An,112,121.4466555,31.2299389,3,-1
Dw,86,121.4468885,31.2300481,3,-1
Dw,87,121.4469829,31.230087,3,-1
Dw,88,121.4475206,31.2301808,3,-1
Aa,130,121.4476205,31.2302099,3,-1
Aa,131,121.4476829,31.2302265,3,-1
Dh,47,121.4477976,31.2302644,3,-1
Dh,48,121.4478217,31.2302707,3,-1
Dh,49,121.4478452,31.2302764,3,-1
Cn,343,121.4935765,31.2376383,3,-1
Aa,132,121.4860404,31.2416183,3,-1
Dw,89,121.4861363,31.2420535,3,-1
Aa,133,121.4861613,31.2421552,3,-1
Cn,344,121.493289,31.237957,3,-1
Cn,345,121.4473922,31.2301782,3,-1
Cn,346,121.4390925,31.1736209,3,-1
Cn,347,121.4376583,31.1820526,3,-1
Dw,90,121.4380473,31.1824244,3,-1
Aa,134,121.4374169,31.1820343,3,-1
Cn,348,121.4996761,31.0860428,3,-1
Cn,349,121.5004293,31.0852554,3,-1
Cn,350,121.4460601,31.2247568,3,-1
Cm,45,121.4367149,31.2313432,3,-1
Cz,191,121.4843806,31.2396756,3,-1
Cn,351,121.4936708,31.2378741,3,-1
Cn,352,121.4936235,31.2379362,3,-1
Cn,353,121.4809633,31.2369072,3,-1
Cn,354,121.442775,31.2168058,3,-1
Cy,124,121.444798,31.2151375,3,-1
Cm,46,121.442604,31.216731,3,-1
Cn,355,121.4430437,31.2169093,3,-1
Dw,91,121.4795876,31.2386273,3,-1
Cn,356,121.481375,31.235858,3,-1
Cz,192,121.362979,31.239495,3,-1
Dw,92,121.3622297,31.2393387,3,-1
Aa,135,121.3623669,31.2392234,3,-1
Dw,93,121.3617388,31.2389788,3,-1
Cz,193,121.3624731,31.2397261,3,-1
Cn,357,121.3640002,31.1417281,3,-1
Cn,358,121.3711073,31.1168879,3,-1
Cn,359,121.3711663,31.1167709,3,-1
Cn,360,121.3582452,31.1378823,3,-1
Dh,50,121.4880863,31.1843947,3,-1
Cn,361,121.3582959,31.1377731,3,-1
Br,130,121.394045,31.136391,3,-1
Aa,136,121.488198,31.1846367,3,-1
Cn,362,121.4887297,31.1820758,3,-1
Dh,51,121.4888088,31.1813244,3,-1
Br,131,121.3727549,31.1144664,3,-1
Aa,137,121.3724242,31.1149608,3,-1
Cn,363,121.3714165,31.1168428,3,-1
Aa,138,121.3963119,31.133308,3,-1
Cn,364,121.3531001,31.142277,3,-1
Dh,52,121.4885799,31.1819419,3,-1
Cz,194,121.3681542,31.1077298,3,-1
Br,132,121.3737793,31.1126268,3,-1
Br,133,121.3628634,31.1412639,3,-1
Aa,139,121.3776228,31.1108924,3,-1
Br,134,121.3783292,31.1122444,3,-1
Br,135,121.3776993,31.11124,3,-1
Cn,365,121.3581483,31.1380623,3,-1
Cn,366,121.3580664,31.1381655,3,-1
Dh,53,121.4884409,31.184449,3,-1
Cn,367,121.4876888,31.1870224,3,-1
Cz,195,121.3669652,31.1070777,3,-1
Cn,368,121.3675074,31.1076272,3,-1
Cz,196,121.3701357,31.1087842,3,-1
Cy,125,121.3867847,31.1123929,3,-1
Cz,197,121.371037,31.1092162,3,-1
Cn,369,121.3546055,31.1426583,3,-1
Cy,126,121.3705213,31.1089739,3,-1
Br,136,121.3650766,31.1059635,3,-1
Cz,198,121.3672024,31.1074452,3,-1
Br,137,121.3673331,31.1075043,3,-1
Cn,370,121.4084809,31.2363888,3,-1
Cn,371,121.478763,31.2135932,3,-1
Br,138,121.4786547,31.2137224,3,-1
Cn,372,121.4786164,31.2139561,3,-1
Aa,140,121.5043217,31.2568668,3,-1
Cz,199,121.4785861,31.2132888,3,-1
Cy,127,121.3508605,31.2295359,3,-1
Cn,373,121.4813797,31.2381773,3,-1
Aa,141,121.35068,31.2293436,3,-1
Cn,374,121.4383677,31.2225007,3,-1
An,113,121.4373883,31.2299771,3,-1
Cn,375,121.4361008,31.2311004,3,-1
Cm,47,121.4363087,31.2308456,3,-1
Cn,376,121.4545678,31.2130773,3,-1
Cy,128,121.5396532,31.2200933,3,-1
Aa,142,121.44167,31.213892,3,-1
Aa,143,121.44004,31.217523,3,-1
Cz,200,121.436697,31.2272661,3,-1
Cz,201,121.4640319,31.2084475,3,-1
Aa,144,121.4642846,31.2075404,3,-1
Br,139,121.4640705,31.2083548,3,-1
Cn,377,121.4562674,31.2318476,3,-1
Cn,378,121.4662237,31.233454,3,-1
Aa,145,121.4638099,31.2074803,3,-1
Aa,146,121.3512793,31.2321519,3,-1
Cn,379,121.4379945,31.2247011,3,-1
An,114,121.7600797,31.0554456,3,-1
Cn,380,121.4529306,31.217274,3,-1
Cz,202,121.4629051,31.2061592,3,-1
Dw,94,121.4406795,31.2263623,3,-1
Cn,381,121.4403486,31.2258201,3,-1
Dw,95,121.4393319,31.2256873,3,-1
Cn,382,121.4377587,31.2269611,3,-1
Br,140,121.4378303,31.2269393,3,-1
Cz,203,121.4620153,31.20599,3,-1
Cn,383,121.4574155,31.2171448,3,-1
Cn,384,121.4762771,31.2253111,3,-1
Cn,385,121.4508632,31.2236786,3,-1
Cn,386,121.5375195,31.2420012,3,-1
Cn,387,121.4864795,31.2361702,3,-1
Cn,388,121.4551253,31.2303934,3,-1
Al,55,121.3051846,31.2934227,3,-1
Cy,129,121.4355875,31.2278154,3,-1
Cn,389,121.4521274,31.2319694,3,-1
Cn,390,121.4472102,31.2304363,3,-1
Aa,147,121.4567556,31.2321069,3,-1
Cz,204,121.3423284,31.1400672,3,-1
Cn,391,121.4596674,31.2335402,3,-1
Cn,392,121.4702095,31.2072395,3,-1
Cz,205,121.4685454,31.2079309,3,-1
Br,141,121.4684499,31.2081315,3,-1
Cz,206,121.4662211,31.2079802,3,-1
Cn,393,121.4659155,31.2069707,3,-1
Br,142,121.3806718,31.1402967,3,-1
Br,143,121.3652193,31.1603854,3,-1
Cz,207,121.463733,31.2030574,3,-1
Cz,208,121.4671676,31.2076767,3,-1
Cz,209,121.3812899,31.140493,3,-1
Cn,394,121.4662961,31.2044758,3,-1
Cz,210,121.470643,31.206117,3,-1
Cz,211,121.4691271,31.2076853,3,-1
Cz,212,121.4665597,31.2075285,3,-1
Cn,395,121.4659896,31.2067364,3,-1
Cn,396,121.4657247,31.2072772,3,-1
Cn,397,121.4654246,31.2061078,3,-1
Cn,398,121.465833,31.2053437,3,-1
Cn,399,121.4658837,31.2052306,3,-1
Cn,400,121.3797749,31.1144965,3,-1
Cz,213,121.379328,31.1147941,3,-1
Cz,214,121.4650861,31.2070723,3,-1
Dw,96,121.3799036,31.1143909,3,-1
Br,144,121.4661767,31.2047744,3,-1
Cz,215,121.4702909,31.2070204,3,-1
Cy,130,121.4677712,31.2077768,3,-1
Cz,216,121.466692,31.2038483,3,-1
Cy,131,121.3800301,31.1143874,3,-1
Dw,97,121.4685597,31.2081464,3,-1
Cz,217,121.4661001,31.2079512,3,-1
Br,145,121.4658404,31.2079514,3,-1
Cn,401,121.46567,31.2067426,3,-1
Cz,218,121.4658251,31.2036983,3,-1
Br,146,121.4653364,31.2035814,3,-1
Cn,402,121.4996545,31.0960572,3,-1
Cn,403,121.4998012,31.096102,3,-1
Cn,404,121.4990373,31.0959215,3,-1
Cn,405,121.500197,31.0962104,3,-1
Cn,406,121.4985454,31.0957,3,-1
Cn,407,121.4992946,31.0959779,3,-1
Cn,408,121.4999774,31.0961564,3,-1
Cm,48,121.4121438,31.2109995,3,-1
Cn,409,121.4324153,31.2002633,3,-1
Dw,98,121.4405745,31.2262693,3,-1
Dw,99,121.4416788,31.2248489,3,-1
Br,147,121.4386022,31.2093691,3,-1
Aa,148,121.4350011,31.1955061,3,-1
Aa,149,121.4332729,31.2062896,3,-1
Al,56,121.4333001,31.2058681,3,-1
Cy,132,121.4338561,31.2144462,3,-1
Cn,410,121.4352737,31.1954051,3,-1
Br,148,121.4327013,31.2075869,3,-1
Dw,100,121.4353422,31.1953162,3,-1
Cz,219,121.4450597,31.2014909,3,-1
Cy,133,121.4304164,31.2046836,3,-1
Dw,101,121.4343867,31.1943718,3,-1
Br,149,121.4386033,31.2093486,3,-1
Br,150,121.4171833,31.1771219,3,-1
Cy,134,121.5166528,31.2618119,3,-1
Dh,54,121.3799363,31.1930822,3,-1
Dw,102,121.4656474,31.2318173,3,-1
Dw,103,121.437724,31.2318988,3,-1
Aa,150,121.478515,31.2044919,3,-1
Cn,411,121.4785618,31.2043631,3,-1
Br,151,121.4447815,31.2299432,3,-1
Aa,151,121.4447733,31.2299054,3,-1
Cn,412,121.4441391,31.2300717,3,-1
Br,152,121.4848916,31.2571535,3,-1
Aa,152,121.4873502,31.2566903,3,-1
Cn,413,121.4875428,31.2564885,3,-1
Br,153,121.4884439,31.2595199,3,-1
Aa,153,121.4879949,31.2568476,3,-1
Dh,55,121.4461825,31.2307128,3,-1
Cn,414,121.4465028,31.2308249,3,-1
Br,154,121.4467298,31.230927,3,-1
Aa,154,121.4739106,31.2273917,3,-1
Cn,415,121.4871584,31.2348097,3,-1
Br,155,121.4706299,31.229073,3,-1
Br,156,121.4706088,31.2291257,3,-1
Cm,49,121.4377302,31.2316862,3,-1
Cz,220,121.4766886,31.2381559,3,-1
Cm,50,121.4533313,31.212727,3,-1
Cn,416,121.4533987,31.2127416,3,-1
Dw,104,121.4796454,31.2385366,3,-1
Br,157,121.4873042,31.2595803,3,-1
Aa,155,121.4443548,31.2178358,3,-1
Cy,135,121.1568427,31.3081456,3,-1
Aa,156,121.4801776,31.2390121,3,-1
Cy,136,121.4965623,31.1225877,3,-1
Cz,221,121.4956391,31.122299,3,-1
Cn,417,121.4503201,31.2180097,3,-1
Dh,56,121.4513167,31.2198359,3,-1
Dh,57,121.4570226,31.2188693,3,-1
Dh,58,121.4570406,31.2188095,3,-1
Cz,222,121.4568116,31.2191065,3,-1
Dh,59,121.4569962,31.2189439,3,-1
An,115,121.3912738,31.621041,3,-1
Cn,418,121.4706581,31.2215995,3,-1
Br,158,121.4422857,31.2271025,3,-1
Cn,419,121.4840113,31.2200212,3,-1
Br,159,121.1554352,31.2614162,3,-1
Aa,157,121.4405146,31.2262329,3,-1
Cn,420,121.4406239,31.2263186,3,-1
Br,160,121.545554,31.2226474,3,-1
Cn,421,121.4598468,31.2338883,3,-1
Br,161,121.4598685,31.2344093,3,-1
Cn,422,121.459807,31.2205869,3,-1
Cn,423,121.4565939,31.2326677,3,-1
Cm,51,121.4331012,31.206572,3,-1
Cz,223,121.3995521,31.21623,3,-1
Dw,105,121.4396419,31.2081141,3,-1
Cn,424,121.4354374,31.2070426,3,-1
Dw,106,121.4424331,31.2016092,3,-1
Cn,425,121.4422496,31.21462,3,-1
Cn,426,121.4313619,31.210705,3,-1
Cn,427,121.4387616,31.2124639,3,-1
Aa,158,121.4498672,31.2220409,3,-1
Cn,428,121.4295082,31.2068259,3,-1
Cn,429,121.4436532,31.2410662,3,-1
Al,57,121.4772899,31.2235402,3,-1
Aa,159,121.4395849,31.2142245,3,-1
Aa,160,121.4600589,31.2337585,3,-1
Cn,430,121.4598906,31.2332155,3,-1
Aa,161,121.4297534,31.1720487,3,-1
Cn,431,121.519804,31.065307,3,-1
Cn,432,121.4412249,31.2267051,3,-1
Cn,433,121.4357504,31.1987471,3,-1
Cn,434,121.4359013,31.198768,3,-1
Cn,435,121.4364433,31.2134119,3,-1
Cn,436,121.44104,31.2123533,3,-1
Cn,437,121.4462795,31.22216,3,-1
Cn,438,121.4460612,31.2223025,3,-1
Cm,52,121.4459653,31.2224582,3,-1
Br,162,121.4456303,31.2230018,3,-1
Cn,439,121.4438127,31.2105152,3,-1
An,116,121.7588632,31.0526184,3,-1
Br,163,121.4809867,31.2476215,3,-1
Cz,224,121.446165,31.2265542,3,-1
Cn,440,121.5024107,31.2204208,3,-1
Cn,441,121.4851317,31.2351066,3,-1
Cn,442,121.485109,31.2351896,3,-1
Cn,443,121.4847725,31.2367029,3,-1
Dw,107,121.5703784,31.3454777,3,-1
Cn,444,121.5703103,31.3456169,3,-1
Cy,137,121.5703061,31.3453197,3,-1
Cy,138,121.4996747,31.1809389,3,-1
Aa,162,121.4386548,31.2156229,3,-1
Cn,445,121.5689184,31.353553,3,-1
Br,164,121.3813306,31.1000274,3,-1
Br,165,121.3840646,31.1001106,3,-1
Cy,139,121.3836917,31.100577,3,-1
Cn,446,121.4368466,31.2305252,3,-1
Cn,447,121.4369405,31.2304175,3,-1
Cn,448,121.437654,31.2269771,3,-1
Cm,53,121.43443,31.2082617,3,-1
Br,166,121.4307619,31.2398278,3,-1
Cn,449,121.4637222,31.2102546,3,-1
Br,167,121.4617099,31.2408125,3,-1
Cn,450,121.4352018,31.232442,3,-1
Cn,451,121.4778976,31.2346002,3,-1
Cn,452,121.4421209,31.2124161,3,-1
Al,58,121.4613299,31.2215004,3,-1
Cn,453,121.4468885,31.2106355,3,-1
Br,168,121.3922571,31.1403091,3,-1
Cn,454,121.4426336,31.2167138,3,-1
Cn,455,121.341843,31.1952055,3,-1
Br,169,121.3419584,31.1952353,3,-1
An,117,121.4062209,31.2060168,3,-1
An,118,121.4067964,31.2035991,3,-1
An,119,121.4555639,31.1901386,3,-1
An,120,121.4877804,31.2043061,3,-1
An,121,121.5073958,31.2536861,3,-1
Br,170,121.5312948,31.2139739,3,-1
Aa,163,121.5306103,31.2155406,3,-1
Cz,225,121.53193,31.2152435,3,-1
Aa,164,121.5321444,31.215606,3,-1
An,122,121.6267273,31.1881715,3,-1
An,123,121.6950752,31.2012629,3,-1
An,124,121.7095029,31.2036934,3,-1
An,125,121.7679739,31.1933243,3,-1
Aa,165,121.7974926,31.1500831,3,-1
Cm,54,121.4494676,31.2129405,3,-1
Cy,140,121.5138122,31.2056264,3,-1
Cz,226,121.4998151,31.2429277,3,-1
Cn,456,121.4464066,31.2102512,3,-1
Cn,457,121.497896,31.2386416,3,-1
Cn,458,121.8934679,30.882592,3,-1
Aa,166,121.4472174,31.2339334,3,-1
Dw,108,121.4473354,31.23397,3,-1
Cn,459,121.4969015,31.2387415,3,-1
Cn,460,121.4381984,31.1873136,3,-1
Cn,461,121.4543598,31.1891083,3,-1
An,126,121.5194674,31.0676458,3,-1
Cy,141,121.4542858,31.1872578,3,-1
Br,171,121.4438453,31.185221,3,-1
Cn,462,121.451224,31.2176678,3,-1
Cy,142,121.358879,31.1520216,3,-1
Br,172,121.4496801,31.2010449,3,-1
Cy,143,121.4035862,31.2443392,3,-1
Cy,144,121.4011139,31.244588,3,-1
Br,173,121.404736,31.2432497,3,-1
Br,174,121.4491137,31.2015459,3,-1
Cy,145,121.402814,31.2445935,3,-1
Br,175,121.4073407,31.2428986,3,-1
Cn,463,121.3772276,31.1170287,3,-1
Cn,464,121.3773367,31.1170973,3,-1
Cy,146,121.4027267,31.2446056,3,-1
Cz,227,121.3985933,31.1350705,3,-1
Br,176,121.4056319,31.24458,3,-1
Br,177,121.449978,31.2004416,3,-1
Br,178,121.4062976,31.2441816,3,-1
Cm,55,121.4440958,31.2278685,3,-1
Cn,465,121.443056,31.225078,3,-1
Cn,466,121.4663202,31.2363992,3,-1
Cn,467,121.3771312,31.1169575,3,-1
Br,179,121.5023998,31.0986953,3,-1
Cn,468,121.4526794,31.2233345,3,-1
An,127,121.3026997,31.1445904,3,-1
An,128,121.4771258,31.2396849,3,-1
Cn,469,121.4296427,31.1719898,3,-1
Aa,167,121.3049224,31.1460468,3,-1
Cz,228,121.4233921,31.165098,3,-1
Cz,229,121.4327255,31.1900553,3,-1
Cz,230,121.4329408,31.1908374,3,-1
An,129,121.3114395,31.3460258,3,-1
Br,180,121.3755474,31.139638,3,-1
Cy,147,121.4192541,31.1253068,3,-1
Cn,470,121.4237308,31.2204336,3,-1
Cm,56,121.4699828,31.2227751,3,-1
Cn,471,121.4377481,31.1820804,3,-1
Cz,231,121.4032987,31.1233023,3,-1
Cn,472,121.4698164,31.2137797,3,-1
Cn,473,121.4691962,31.2322393,3,-1
Cn,474,121.4541163,31.2384399,3,-1
Cn,475,121.4530084,31.2235518,3,-1
Cn,476,121.5400625,31.2235705,3,-1
Cn,477,121.4302525,31.2464089,3,-1
Cn,478,121.477979,31.213542,3,-1
Cm,57,121.4645154,31.2111984,3,-1
Cn,479,121.4545221,31.2311708,3,-1
Aa,168,121.4738485,31.2274066,3,-1
Cn,480,121.435857,31.2313887,3,-1
Cn,481,121.4356209,31.231611,3,-1
Al,59,121.0393547,31.0088098,3,-1
Cy,148,121.5883699,31.2826578,3,-1
Br,181,121.4331536,31.2056395,3,-1
Cn,482,121.4468163,31.2337293,3,-1
Cn,483,121.4389716,31.2296196,3,-1
Cn,484,121.4572109,31.222792,3,-1
Br,182,121.4632168,31.2237635,3,-1
An,130,121.698215,31.195274,3,-1
Al,60,121.4711913,31.235302,3,-1
Cn,485,121.4252825,31.2483954,3,-1
An,131,121.4346369,31.3679568,3,-1
Cn,486,121.4248678,31.2483322,3,-1
An,132,121.4347163,31.3676868,3,-1
Cy,149,121.3584683,31.1519041,3,-1
Br,183,121.3582988,31.1516706,3,-1
Al,61,121.4712103,31.2356064,3,-1
Al,62,121.4685308,31.2187226,3,-1
Al,63,121.4722952,31.233585,3,-1
Al,64,121.4708684,31.2368407,3,-1
Al,65,121.4728862,31.2371854,3,-1
Al,66,121.0478221,31.1174258,3,-1
Cn,487,121.4416405,31.2272133,3,-1
Al,67,121.4429265,31.2254857,3,-1
Br,184,121.5539992,31.2048518,3,-1
Br,185,121.5482552,31.1915353,3,-1
Al,68,121.4913663,31.2392633,3,-1
Al,69,121.1666974,31.3591302,3,-1
Aa,169,121.526669,31.2267287,3,-1
Cn,488,121.4187951,31.198379,3,-1
Aa,170,121.4700239,31.2179264,3,-1
Cn,489,121.463163,31.2223979,3,-1
Cn,490,121.3660654,31.079925,3,-1
Aa,171,121.4257597,31.2052561,3,-1
An,133,121.5561242,31.228546,4,-1
Br,186,121.2907306,31.1666956,4,-1
Cn,491,121.3013057,31.1742422,4,-1
Cy,150,121.3085858,31.1684829,4,-1
Cm,58,121.3842026,31.2160452,4,-1
Cm,59,121.4406229,31.237404,4,-1
Cm,60,121.4242237,31.2375175,4,-1
Cm,61,121.4359815,31.2389076,4,-1
Cm,62,121.4400747,31.2418837,4,-1
Cm,63,121.4342591,31.2354783,4,-1
Cn,492,121.4489412,31.2315635,4,-1
Cm,64,121.4415584,31.2369885,4,-1
Cn,493,121.4929931,31.2304078,4,-1
Cn,494,121.4376832,31.1894142,4,-1
Cn,495,121.1668623,31.271763,4,-1
Aa,172,121.1674396,31.2712555,4,-1
Br,187,121.1670692,31.2706917,4,-1
An,134,121.2963846,31.1882657,4,-1
Al,70,121.3846039,31.2350436,4,-1
Aa,173,121.4618692,31.2222178,4,-1
Cn,496,121.5115216,31.2631759,4,-1
Cn,497,121.4080448,31.1876663,4,-1
Cz,232,121.4079799,31.1880677,4,-1
Cn,498,121.4327076,31.2077869,4,-1
Aa,174,121.4590791,31.2286131,4,-1
Cn,499,121.4591762,31.2287186,4,-1
Dw,109,121.5389042,31.2176165,4,-1
Aa,175,121.536358,31.2185679,4,-1
Dw,110,121.5231316,31.213514,4,-1
An,135,121.4154122,31.2139742,4,-1
Al,71,121.4931837,31.2269562,4,-1
Cn,500,121.4704112,31.2383645,4,-1
Cm,65,121.436147,31.2101664,4,-1
Br,188,121.4872198,31.259584,4,-1
Aa,176,121.4376319,31.2101614,4,-1
Cn,501,121.4588659,31.2284226,4,-1
Dw,111,121.4483883,31.2196842,4,-1
Aa,177,121.4360033,31.2114788,4,-1
Aa,178,121.4326945,31.2072059,4,-1
Aa,179,121.463003,31.2170201,4,-1
Aa,180,121.4695429,31.2218125,4,-1
Cm,66,121.4391433,31.2096006,4,-1
Aa,181,121.4132084,31.2197878,4,-1
Al,72,121.3487557,31.1561293,4,-1
Cn,502,121.4526123,31.1884553,4,-1
Cn,503,121.5265844,31.1843046,4,-1
Cy,151,121.4542916,31.1886596,4,-1
Cn,504,121.4652563,31.2210555,4,-1
Cn,505,121.4593514,31.2196285,4,-1
Dw,112,121.4751623,31.2346248,4,-1
Cn,506,121.4598176,31.219682,4,-1
Cz,233,121.4965073,31.1418166,4,-1
Br,189,121.3691495,31.1159036,4,-1
Cn,507,121.4953081,31.1392257,4,-1
Cn,508,121.4392289,31.2451204,4,-1
Cm,67,121.4373374,31.2315433,4,-1
An,136,121.4786151,31.2429109,4,-1
Cz,234,121.4956132,31.143295,4,-1
Cn,509,121.4959065,31.1428255,4,-1
Aa,182,121.4544475,31.2311635,4,-1
Cz,235,121.3457418,31.1592307,4,-1
Br,190,121.4922901,31.1700386,4,-1
Cy,152,121.4925406,31.171309,4,-1
Dw,113,121.3458601,31.1581807,4,-1
Dw,114,121.3459675,31.1583723,4,-1
Cz,236,121.4955264,31.1435026,4,-1
Br,191,121.4481496,31.1373083,4,-1
Cn,510,121.3456475,31.1594345,4,-1
Cz,237,121.4964774,31.1415005,4,-1
Br,192,121.3451835,31.160454,4,-1
Cn,511,121.3576628,31.3875152,4,-1
Cn,512,121.4665589,31.2359941,4,-1
Dw,115,121.4082929,31.2148824,4,-1
Aa,183,121.4662876,31.2336624,4,-1
Aa,184,121.3879881,31.2002928,4,-1
Cn,513,121.4761724,31.3391325,4,-1
Dw,116,121.4854364,31.3335681,4,-1
Al,73,121.4688756,31.2364579,4,-1
Aa,185,121.5541537,31.2728895,4,-1
Dw,117,121.4775041,31.3384892,4,-1
Dw,118,121.4867448,31.3335345,4,-1
Cy,153,121.4508465,31.2369266,4,-1
Dw,119,121.4385552,31.2350654,4,-1
Aa,186,121.5552024,31.2720755,4,-1
Dw,120,121.4544398,31.2306815,4,-1
Aa,187,121.4759997,31.3392369,4,-1
Aa,188,121.4544067,31.2307359,4,-1
Al,74,121.3909999,31.2252114,4,-1
Dw,121,121.4664334,31.2343333,4,-1
Dh,60,121.4543431,31.2313132,4,-1
Aa,189,121.4474985,31.2342613,4,-1
Dw,122,121.3912225,31.2245386,4,-1
Aa,190,121.4642531,31.209428,4,-1
Dh,61,121.5556051,31.2727436,4,-1
Dh,62,121.5545592,31.2741159,4,-1
Aa,191,121.4187764,31.1788973,4,-1
Aa,192,121.4393458,31.2158659,4,-1
Dh,63,121.5035521,31.267659,4,-1
Cn,514,121.4117538,31.1768242,4,-1
Al,75,121.478532,31.2626732,4,-1
Al,76,121.4775025,31.2635503,4,-1
Al,77,121.4889934,31.234014,4,-1
Al,78,121.4862844,31.2407465,4,-1
Cn,515,121.4756429,31.2378654,4,-1
Cn,516,121.4788356,31.2411452,4,-1
Cn,517,121.4827334,31.2402805,4,-1
Cy,154,121.495774,31.1807193,4,-1
Cy,155,121.4957571,31.1819523,4,-1
Cn,518,121.4440169,31.2341968,4,-1
Br,193,121.4845392,31.2054493,4,-1
Cn,519,121.4410846,31.2175777,4,-1
Cn,520,121.4645252,31.2094907,4,-1
Dw,123,121.4887356,31.2278709,4,-1
Dh,64,121.478775,31.2388512,4,-1
Cn,521,121.4333182,31.2046888,4,-1
Cn,522,121.2579267,31.3534517,4,-1
Cn,523,121.4740455,31.2377157,4,-1
Dw,124,121.4693233,31.2365973,4,-1
Dh,65,121.4780759,31.2480306,4,-1
Dh,66,121.4357385,31.1957485,4,-1
An,137,121.4486591,30.9307469,4,-1
Dw,125,121.399401,31.008225,4,-1
Cn,524,121.3991159,31.0081519,4,-1
Dw,126,121.415035,31.0058383,4,-1
Cn,525,121.4547337,31.2309259,4,-1
Dh,67,121.4712387,31.226017,4,-1
Cn,526,121.4663217,31.2364436,4,-1
Cn,527,121.4760012,31.2296824,4,-1
Cn,528,121.4486845,31.2315933,4,-1
Cn,529,121.4764891,31.2293948,4,-1
Cy,156,121.4609154,30.9288357,4,-1
Aa,193,121.4586691,30.9324954,4,-1
Aa,194,121.381264,31.0938776,4,-1
Cn,530,121.4811721,31.2362061,4,-1
Aa,195,121.4504386,31.2765813,4,-1
An,138,121.4391464,31.2035588,4,-1
Cz,238,121.4394548,31.2039121,4,-1
Aa,196,121.4655483,31.2211552,4,-1
Cn,531,121.4429347,31.2061065,4,-1
Al,79,121.4863376,31.2460883,4,-1
Cn,532,121.4527224,31.2176873,4,-1
Cn,533,121.4331389,31.1970365,4,-1
Cn,534,121.4957261,31.2393044,4,-1
Cn,535,121.3876748,31.2021905,4,-1
Cy,157,121.3870784,31.1563788,4,-1
Cn,536,121.4746309,31.2359012,4,-1
Cn,537,121.4782843,31.2379193,4,-1
Al,80,121.6422526,31.0269438,4,-1
Cn,538,121.4748245,31.2357793,4,-1
Cn,539,121.4743216,31.235693,4,-1
Cm,68,121.433314,31.2191304,4,-1
Cz,239,121.4679519,31.200117,4,-1
Cy,158,121.4678922,31.2005738,4,-1
Cm,69,121.4612965,31.2275488,4,-1
Cm,70,121.4617398,31.2276264,4,-1
Cm,71,121.4618678,31.2276308,4,-1
Cm,72,121.4506382,31.2178227,4,-1
Cm,73,121.4456786,31.2124489,4,-1
Dw,127,121.4102318,31.2709712,4,-1
Br,194,121.4161372,31.2721086,4,-1
Cz,240,121.4199775,31.2722596,4,-1
Br,195,121.4049428,31.3100587,4,-1
Cz,241,121.4195451,31.2718104,4,-1
Aa,197,121.4104481,31.1998407,4,-1
Br,196,121.4666348,31.2274814,4,-1
Dh,68,121.4524331,31.2151706,4,-1
Dh,69,121.4400386,31.2245476,4,-1
Dh,70,121.4470001,31.2199885,4,-1
Dh,71,121.4704041,31.2210932,4,-1
Dh,72,121.4470236,31.2127239,4,-1
Dh,73,121.4457793,31.2178996,4,-1
Dh,74,121.4704157,31.2209788,4,-1
Dh,75,121.4391436,31.213614,4,-1
Cm,74,121.4691141,31.1946955,4,-1
Cm,75,121.4589552,31.2270348,4,-1
Aa,198,121.4976929,31.2404506,4,-1
Cz,242,121.4647515,31.235482,4,-1
Br,197,121.4650962,31.2356165,4,-1
Cy,159,121.4873812,31.1409529,4,-1
Cz,243,121.45195,31.2271885,4,-1
An,139,121.4610512,31.2546369,4,-1
An,140,121.5888238,31.1384933,4,-1
An,141,121.3916326,31.0895066,4,-1
Cm,76,121.3919741,31.0896668,4,-1
An,142,121.3921368,31.0901194,4,-1
Cn,540,121.393023,31.0903491,4,-1
An,143,121.3932507,31.0899314,4,-1
Cn,541,121.3929255,31.0895345,4,-1
Cn,542,121.3937142,31.0897851,4,-1
Cz,244,121.4359199,31.1952784,4,-1
An,144,121.3567077,31.141019,4,-1
Cy,160,121.3742502,31.1226053,4,-1
Cz,245,121.356229,31.1418554,4,-1
Cm,77,121.4604991,31.217041,4,-1
An,145,121.4516229,31.2323908,4,-1
Dh,76,121.4688418,31.2250469,4,-1
Dh,77,121.4699668,31.2179984,4,-1
Cn,543,121.4416236,31.2141704,4,-1
Cn,544,121.5340171,31.2932979,4,-1
Cz,246,121.3571631,31.1401554,4,-1
Cm,78,121.4193169,31.2015188,4,-1
An,146,121.4373453,31.2317245,4,-1
Dw,128,121.3772466,31.3168457,4,-1
Cn,545,121.4550212,31.2310287,4,-1
Cn,546,121.3046818,31.2031389,4,-1
Cm,79,121.4328613,31.2077462,4,-1
Cn,547,121.4474742,31.2196369,4,-1
Aa,199,121.4932279,31.2368626,4,-1
Cn,548,121.4929476,31.2370495,4,-1
Dw,129,121.6578602,31.1422167,4,-1
Cn,549,121.6577782,31.142243,4,-1
Aa,200,121.6577032,31.1413503,4,-1
Dh,78,121.6571251,31.1417209,4,-1
Cz,247,121.6567915,31.1418352,4,-1
Dh,79,121.6575373,31.1423307,4,-1
Dh,80,121.6573196,31.1424733,4,-1
Dw,130,121.6565253,31.1421662,4,-1
Cn,550,121.6568763,31.1422847,4,-1
Cn,551,121.6566662,31.1424119,4,-1
Cn,552,121.6565176,31.1425083,4,-1
Cn,553,121.6560974,31.1424689,4,-1
Cn,554,121.6491028,31.1420961,4,-1
Dw,131,121.6489173,31.1417524,4,-1
Cn,555,121.6587596,31.1406384,4,-1
Cn,556,121.6587824,31.1405044,4,-1
Cn,557,121.6587881,31.1403046,4,-1
Dh,81,121.6587141,31.1400268,4,-1
Cn,558,121.6587995,31.1398977,4,-1
Al,81,121.6522269,31.1436374,4,-1
Cn,559,121.4326949,31.2323745,4,-1
Cm,80,121.4351676,31.2322396,4,-1
Cn,560,121.4329713,31.2324666,4,-1
Cn,561,121.4502711,31.2322294,4,-1
Cn,562,121.4446601,31.2261012,4,-1
Cy,161,121.4707586,31.21872,4,-1
An,147,121.2297067,31.23036,4,-1
Cn,563,121.451746,31.2430195,4,-1
Cn,564,121.4531395,31.1886293,4,-1
Cy,162,121.4938077,31.1277333,4,-1
Al,82,121.3978431,31.2243604,4,-1
Cz,248,121.4370306,31.1947276,4,-1
Cz,249,121.4366621,31.1948831,4,-1
Dw,132,121.4971803,31.240347,4,-1
Cz,250,121.4361615,31.1948258,4,-1
Cn,565,121.4994078,31.0974156,4,-1
Cn,566,121.4703031,31.2231462,4,-1
Aa,201,121.4631945,31.2196383,4,-1
Cm,81,121.4642075,31.210338,4,-1
Cn,567,121.4485532,31.2080391,4,-1
Cn,568,121.4422578,31.2029053,4,-1
Cn,569,121.4358435,31.1977693,4,-1
Br,198,121.4465953,31.2309812,4,-1
Aa,202,121.6675555,31.1511099,4,-1
Aa,203,121.4512839,31.1845818,4,-1
Cn,570,121.4401782,31.2325872,4,-1
Cm,82,121.4400889,31.2321244,4,-1
Cn,571,121.4390037,31.2300506,4,-1
Cn,572,121.4525267,31.2152338,4,-1
Dw,133,121.4712034,31.2470753,4,-1
Cm,83,121.4599012,31.2320165,4,-1
Cm,84,121.4864956,31.2362241,4,-1
Cn,573,121.4549672,31.229557,4,-1
Aa,204,121.1907433,31.0367205,4,-1
Cy,163,121.441713,31.2254897,4,-1
Aa,205,121.447389,31.2339883,4,-1
Dw,134,121.4416561,31.2248709,4,-1
Dw,135,121.4875819,31.2283058,4,-1
Cz,251,121.4237407,31.2207108,4,-1
Cn,574,121.4240377,31.2207292,4,-1
Cn,575,121.3964811,31.2504388,4,-1
Aa,206,121.7996584,31.1459441,4,-1
Aa,207,121.7988461,31.1479231,4,-1
Cy,164,121.3898723,31.2619808,4,-1
An,148,121.5834359,31.2547284,4,-1
Cn,576,121.379047,31.20901,4,-1
Aa,208,121.4615297,31.21902,4,-1
Cm,85,121.4413054,31.2248873,4,-1
Aa,209,121.4350969,31.1976462,4,-1
Cn,577,121.4418683,31.1949618,4,-1
Cn,578,121.4385351,31.1924783,4,-1
Al,83,121.53905,31.2201333,4,-1
An,149,121.4420452,31.2434951,4,-1
An,150,121.4762008,31.237552,4,-1
Cn,579,121.4547365,31.2133314,4,-1
Aa,210,121.5055522,31.2266179,4,-1
An,151,121.6341956,31.1001668,4,-1
Cz,252,121.4783751,31.2373661,4,-1
Cm,86,121.479848,31.2364461,4,-1
Cm,87,121.4861689,31.2362152,4,-1
Al,84,121.463827,31.2108057,4,-1
Al,85,121.4636896,31.2102706,4,-1
Cn,580,121.4444253,31.2135829,4,-1
Br,199,121.5383769,31.2172385,4,-1
Dw,136,121.4683399,31.2376028,4,-1
Dw,137,121.462644,31.241075,4,-1
Cz,253,121.4395459,31.2036499,4,-1
Aa,211,121.2566629,31.3550529,4,-1
Aa,212,121.2562241,31.3483502,4,-1
Aa,213,121.4314466,31.2227519,4,-1
Aa,214,121.5112797,31.2623067,4,-1
Cz,254,121.3871402,31.1919249,4,-1
Cy,165,121.3885105,31.190191,4,-1
Cn,581,121.5375931,31.2182341,4,-1
Cm,88,121.4556599,31.2162084,4,-1
Dh,82,121.4557895,31.2159602,4,-1
Dw,138,121.6588101,31.1476609,4,-1
Al,86,121.6577387,31.143999,4,-1
Cn,582,121.5637506,31.2131705,4,-1
Cn,583,121.4557549,31.2144627,4,-1
Cn,584,121.4517637,31.2272894,4,-1
Aa,215,121.5244555,31.2139308,4,-1
Br,200,121.5152577,31.2258895,4,-1
Al,87,121.5246215,31.2191716,4,-1
Cz,255,121.4609574,31.2147457,4,-1
Cn,585,121.4498039,31.2309436,4,-1
Cn,586,121.488476,31.1847381,4,-1
Cn,587,121.4883969,31.1851481,4,-1
Cn,588,121.488159,31.1864208,4,-1
Cn,589,121.487566,31.1891868,4,-1
Br,201,121.4883254,31.185438,4,-1
Cn,590,121.4876078,31.1863607,4,-1
Cn,591,121.4880953,31.1867046,4,-1
Cn,592,121.4878988,31.1875984,4,-1
Cn,593,121.4873198,31.189705,4,-1
Cn,594,121.4874172,31.1899485,4,-1
Cn,595,121.4868482,31.189692,4,-1
Cn,596,121.4868783,31.1893982,4,-1
Cn,597,121.4868908,31.1889838,4,-1
Cn,598,121.4875981,31.1890259,4,-1
Dw,139,121.4881322,31.1840973,4,-1
Cn,599,121.4878921,31.1850789,4,-1
Aa,216,121.4875553,31.1892841,4,-1
Cn,600,121.4869055,31.1891444,4,-1
Cn,601,121.4882111,31.1861801,4,-1
Cn,602,121.4882334,31.1841985,4,-1
Aa,217,121.4886596,31.1840198,4,-1
Cn,603,121.4874416,31.1867275,4,-1
Cn,604,121.4875982,31.189105,4,-1
Cn,605,121.4877056,31.1890124,4,-1
Cn,606,121.4870267,31.1890008,4,-1
Cn,607,121.4874667,31.1872009,4,-1
Cn,608,121.4875008,31.1870089,4,-1
Dw,140,121.4876614,31.1864979,4,-1
Dw,141,121.4883845,31.1852242,4,-1
Cn,609,121.425422,31.210137,4,-1
Cn,610,121.4626412,31.2105023,4,-1
Cn,611,121.4549195,31.2234885,4,-1
Dw,142,121.6037231,31.2811555,4,-1
An,152,121.4638298,31.2293594,4,-1
Dh,83,121.4573016,31.2329966,4,-1
Cn,612,121.4892198,31.247274,4,-1
Cn,613,121.4937839,31.2380245,4,-1
Cn,614,121.4867835,31.2284404,4,-1
Cn,615,121.4895923,31.2326792,4,-1
Cm,89,121.4643881,31.2225275,4,-1
Cn,616,121.4285716,31.1798058,4,-1
Cn,617,121.489131,31.2038513,4,-1
Cn,618,121.4957048,31.2381447,4,-1
Cn,619,121.4502523,31.2180247,4,-1
Cn,620,121.4771372,31.2405528,4,-1
Cn,621,121.4644593,31.2107291,4,-1
Cn,622,121.4596613,31.2335934,4,-1
Cn,623,121.4699196,31.2229969,4,-1
An,153,121.58347,31.2446117,4,-1
Cz,256,121.5343808,31.0645171,4,-1
Cy,166,121.5311602,31.2146521,4,-1
Dh,84,121.4326764,31.1989366,4,-1
Dh,85,121.4327128,31.1988381,4,-1
Dw,143,121.4328113,31.1987119,4,-1
Br,202,121.4656001,31.2374347,4,-1
Cn,624,121.4465079,31.2078181,4,-1
Cn,625,121.4513458,31.2175343,4,-1
An,154,121.536326,31.2097267,4,-1
Cn,626,121.4366776,31.2307498,4,-1
Aa,218,121.4330357,31.2348032,4,-1
Dh,86,121.4326641,31.1985956,4,-1
Cz,257,121.4888824,31.2653445,4,-1
Cz,258,121.3931729,31.2508451,4,-1
Cz,259,121.3930346,31.2493305,4,-1
Br,203,121.3929251,31.2482055,4,-1
Cz,260,121.3922177,31.2492861,4,-1
Cz,261,121.392031,31.250277,4,-1
Cz,262,121.3914923,31.2503261,4,-1
Dw,144,121.3946458,31.2462047,4,-1
Cz,263,121.4272807,31.2508088,4,-1
Br,204,121.4623354,31.228475,4,-1
Cz,264,121.3931859,31.2511558,4,-1
Cz,265,121.3930687,31.2502082,4,-1
Cz,266,121.3930648,31.2498188,4,-1
Cn,627,121.3930504,31.2495924,4,-1
Cn,628,121.3922225,31.2491438,4,-1
Cn,629,121.4584514,31.2599453,4,-1
Cn,630,121.4261088,31.2063294,4,-1
Dh,87,121.4026055,31.2076687,4,-1
Dw,145,121.4641506,31.2171592,4,-1
Cn,631,121.4252453,31.2485247,4,-1
Al,88,121.3658346,31.0727459,4,-1
Br,205,121.374654,31.1937968,4,-1
Cz,267,121.2804691,31.204193,4,-1
An,155,121.4007902,31.0096916,4,-1
Cn,632,121.3997796,31.0087366,4,-1
Cy,167,121.3993495,31.0084783,4,-1
Dw,146,121.4000805,31.0081665,4,-1
Cn,633,121.400684,31.0088779,4,-1
Cn,634,121.400548,31.00877,4,-1
Cn,635,121.4003567,31.0086181,4,-1
Cn,636,121.4001938,31.0084889,4,-1
Cn,637,121.4007708,31.0094625,4,-1
Cn,638,121.4007828,31.0094412,4,-1
Dw,147,121.3996779,31.0082964,4,-1
Dw,148,121.3996522,31.0083815,4,-1
Cn,639,121.4348847,31.2069762,4,-1
Cy,168,121.3550234,31.2080067,4,-1
Aa,219,121.3598519,31.2062661,4,-1
Cn,640,121.4568249,31.2321298,4,-1
Aa,220,121.4274968,31.2526258,4,-1
An,156,121.146586,31.308185,4,-1
Cn,641,121.1463304,31.3092288,4,-1
Cn,642,121.2798774,31.3322302,4,-1
Cz,268,121.2859463,31.2096292,4,-1
Cn,643,121.311062,31.2924328,4,-1
Cn,644,121.4366378,31.2080663,4,-1
Cn,645,121.4312924,31.2066962,4,-1
Dw,149,121.4419568,31.2027938,4,-1
Dw,150,121.4692208,31.2254326,4,-1
Dw,151,121.4232993,31.2295751,4,-1
Dw,152,121.4765985,31.2029738,4,-1
Cn,646,121.4206703,31.1696415,4,-1
Aa,221,121.4287653,31.2068881,4,-1
Aa,222,121.432255,31.199617,4,-1
Cn,647,121.4937086,31.2930447,4,-1
Al,89,121.4643097,31.2095528,4,-1
Al,90,121.4645764,31.2103502,4,-1
Br,206,121.4897474,31.1627392,4,-1
Dw,153,121.4947047,31.1459105,4,-1
Br,207,121.48831,31.1475439,4,-1
Cn,648,121.3679336,31.1208,4,-1
Br,208,121.4981632,31.0768974,4,-1
Cz,269,121.4946623,31.1460533,4,-1
Br,209,121.4905073,31.1481282,4,-1
Cz,270,121.3738993,31.1230947,4,-1
Br,210,121.3722514,31.1224989,4,-1
Cz,271,121.3687484,31.1217958,4,-1
Dw,154,121.368085,31.1207097,4,-1
Cy,169,121.4975571,31.0785973,4,-1
Cz,272,121.3685747,31.1212504,4,-1
Cz,273,121.36708,31.1222894,4,-1
Br,211,121.4966131,31.0818299,4,-1
Br,212,121.3978421,31.1303512,4,-1
An,157,121.4836563,31.2413809,4,-1
Al,91,121.3955604,31.1339468,4,-1
Cy,170,121.4104824,31.1322726,4,-1
Cy,171,121.4095172,31.1299112,4,-1
Br,213,121.4036274,31.1318724,4,-1
Br,214,121.4037038,31.1319808,4,-1
Br,215,121.4080372,31.1296814,4,-1
Aa,223,121.3570612,31.1381619,4,-1
Cz,274,121.3564153,31.1394746,4,-1
Cn,649,121.356557,31.1414082,4,-1
Cy,172,121.4041701,31.1292999,4,-1
Br,216,121.5036688,31.1940584,4,-1
Br,217,121.5034429,31.1941309,4,-1
Cn,650,121.3672076,31.1099898,4,-1
Cy,173,121.4032702,31.131964,4,-1
Br,218,121.3989441,31.1328993,4,-1
Br,219,121.5031892,31.194213,4,-1
Cn,651,121.4994997,31.2007927,4,-1
Br,220,121.4161952,31.0064877,4,-1
Cz,275,121.4168118,31.0065479,4,-1
Br,221,121.419208,31.0076279,4,-1
Cy,174,121.4122869,31.0102743,4,-1
Cz,276,121.4168801,31.0067482,4,-1
Dw,155,121.4283276,31.2219147,4,-1
Cn,652,121.3736328,31.1097786,4,-1
Cn,653,121.3737583,31.1097857,4,-1
Al,92,121.4617503,31.2267598,4,-1
Al,93,121.4694155,31.2307469,4,-1
Cy,175,121.3723227,31.2175344,4,-1
Cy,176,121.5235381,31.2632752,4,-1
Br,222,121.487152,31.2311711,4,-1
Aa,224,121.4519843,31.2172291,4,-1
Aa,225,121.4522891,31.2164768,4,-1
Br,223,121.3826418,31.0656019,4,-1
Br,224,121.3825456,31.0655726,4,-1
Cn,654,121.4154973,31.0049848,4,-1
Br,225,121.4151488,31.0047773,4,-1
Br,226,121.4165311,31.0020715,4,-1
Cy,177,121.4167692,31.0022967,4,-1
Br,227,121.4522169,31.0402607,4,-1
Cy,178,121.4014326,31.0160737,4,-1
Cy,179,121.3718631,31.0901825,4,-1
Br,228,121.4972644,31.1018345,4,-1
Br,229,121.4156586,31.0037895,4,-1
Br,230,121.4632746,31.043998,4,-1
Br,231,121.4978191,31.1019584,4,-1
Cz,277,121.4521929,31.0396186,4,-1
An,158,121.4523363,31.0398835,4,-1
Br,232,121.395919,31.0697505,4,-1
Aa,226,121.4469641,31.0407402,4,-1
Br,233,121.4200357,31.0032588,4,-1
Cn,655,121.4449131,31.1893988,4,-1
Cn,656,121.451714,31.188351,4,-1
Cn,657,121.3653768,31.2111475,4,-1
An,159,121.4780609,31.2415731,4,-1
Cn,658,121.4627201,31.206213,4,-1
An,160,121.6482149,31.2123668,4,-1
An,161,121.6482216,31.2123803,4,-1
Cn,659,121.6180888,31.221109,4,-1
Br,234,121.4657154,31.211884,4,-1
Br,235,121.4655133,31.2118148,4,-1
Dw,156,121.4315694,31.2227789,4,-1
Dw,157,121.4607777,31.213319,4,-1
Dw,158,121.4537374,31.2048595,4,-1
Cz,278,121.4666967,31.2101111,4,-1
Aa,227,121.5040059,31.2939739,4,-1
Al,94,121.1084698,31.1551407,4,-1
Cz,279,121.5286925,31.2167491,4,-1
Cz,280,121.5208071,31.2136499,4,-1
Cn,660,121.4778622,31.2342494,4,-1
An,162,121.4778906,31.2114276,4,-1
An,163,121.4774036,31.2344779,4,-1
An,164,121.4779686,31.2112569,4,-1
Cz,281,121.4663151,31.2108903,4,-1
Cm,90,121.4652899,31.2212111,4,-1
Dw,159,121.443161,31.2189236,4,-1
Dh,88,121.456927,31.2121662,4,-1
Br,236,121.4788005,31.2378478,4,-1
Al,95,121.4648175,31.2097512,4,-1
Cn,661,121.4705907,31.2250686,4,-1
Cn,662,121.470642,31.2228612,4,-1
Cn,663,121.4756743,31.2298574,4,-1
Cn,664,121.4574422,31.2293626,4,-1
Dw,160,121.4653545,31.2229532,4,-1
Dw,161,121.4718202,31.2367365,4,-1
Cn,665,121.1685564,31.2704205,4,-1
Br,237,121.1669133,31.2701962,4,-1
Cn,666,121.1664714,31.2717565,4,-1
Aa,228,121.1664818,31.2707514,4,-1
Aa,229,121.4851545,31.2467655,4,-1
Cn,667,121.4341916,31.2042174,4,-1
Cy,180,121.3871615,31.1043075,4,-1
Br,238,121.4247674,31.0184713,4,-1
Cn,668,121.3968149,31.1075783,4,-1
Cy,181,121.4038062,31.1100853,4,-1
Aa,230,121.3914355,31.1057409,4,-1
Br,239,121.3960215,31.1077423,4,-1
Cz,282,121.3968855,31.108113,4,-1
Cz,283,121.3965299,31.1074273,4,-1
Dw,162,121.4035572,31.110221,4,-1
Al,96,121.4931245,31.3065721,4,-1
Al,97,121.4936994,31.2288669,4,-1
Cn,669,121.45284,31.2321,4,-1
Dw,163,121.2427755,31.3685616,4,-1
Cy,182,121.2428318,31.36847,4,-1
Cy,183,121.242746,31.368667,4,-1
Cy,184,121.2432851,31.3687952,4,-1
Cn,670,121.2435426,31.368825,4,-1
Cn,671,121.2437679,31.3689166,4,-1
Cy,185,121.2428721,31.3687219,4,-1
Cy,186,121.2429231,31.3687356,4,-1
Cn,672,121.2429633,31.3687562,4,-1
Cn,673,121.243084,31.3687952,4,-1
Cy,187,121.2431189,31.3688227,4,-1
Cz,284,121.2431537,31.3688387,4,-1
Aa,231,121.2763586,31.2598463,4,-1
Cy,188,121.2765468,31.2598615,4,-1
Cn,674,121.2430585,31.3687532,4,-1
Aa,232,121.4386258,31.1809984,4,-1
Cn,675,121.4756995,31.2302108,4,-1
Cn,676,121.4759363,31.2302063,4,-1
Aa,233,121.4802389,31.238734,4,-1
Cn,677,121.446325,31.2251348,4,-1
Cz,285,121.4198512,31.1446171,4,-1
Cz,286,121.418186,31.1467017,4,-1
Cn,678,121.4852724,31.2403491,4,-1
Al,98,121.4857295,31.3135175,4,-1
Br,240,121.4645972,31.2096668,4,-1
Cz,287,121.4926309,31.1650611,4,-1
Cz,288,121.463745,31.2080169,4,-1
Al,99,121.5464921,31.3208176,4,-1
Cy,189,121.5152133,31.2306358,4,-1
Al,100,121.5045174,31.2982449,4,-1
Cm,91,121.4674011,31.2334063,4,-1
Cn,679,121.4783706,31.2385117,4,-1
Aa,234,121.4597033,31.2338717,4,-1
Cn,680,121.506534,31.3063538,4,-1
Cn,681,121.4795701,31.2542199,4,-1
Cn,682,121.476154,31.2256903,4,-1
Cn,683,121.4326396,31.2418726,4,-1
Cn,684,121.5143161,31.233726,4,-1
Cy,190,121.1918315,31.0186528,4,-1
Br,241,121.4903533,31.2923744,4,-1
Br,242,121.1594053,31.2882727,4,-1
Aa,235,121.443599,31.2097208,4,-1
Aa,236,121.4429086,31.2247852,4,-1
Aa,237,121.452971,31.2320575,4,-1
Aa,238,121.4362932,31.2244979,4,-1
Aa,239,121.4388685,31.215806,4,-1
Aa,240,121.3913343,31.1433772,4,-1
Aa,241,121.4352695,31.2177434,4,-1
An,165,121.4390738,31.2024097,4,-1
Dh,89,121.4889401,31.1826129,4,-1
Dw,164,121.4730026,31.2542931,4,-1
Cn,685,121.4747815,31.2654758,4,-1
An,166,121.5298945,31.2131919,4,-1
Aa,242,121.4775227,31.1993382,4,-1
Cm,92,121.4772265,31.1998938,4,-1
Aa,243,121.4771028,31.2029497,4,-1
Al,101,121.4869972,31.2442707,4,-1
Br,243,121.4774132,31.209675,4,-1
Br,244,121.4772432,31.2097842,4,-1
An,167,121.4435808,31.2130625,4,-1
Aa,244,121.4971074,31.2518429,4,-1
Cn,686,121.4451456,31.2113106,4,-1
Aa,245,121.4174428,31.2193665,4,-1
Cy,191,121.4532284,31.2464965,4,-1
An,168,121.4872657,31.2555859,4,-1
Cn,687,121.4265452,31.2199184,4,-1
Dw,165,121.8064349,31.1529153,4,-1
Aa,246,121.8062973,31.1531144,4,-1
Br,245,121.5001992,31.0603756,4,-1
Br,246,121.498717,31.0633441,4,-1
Br,247,121.5026613,31.0622321,4,-1
Aa,247,121.4420673,31.2128542,4,-1
Cm,93,121.4864135,31.2361984,4,-1
Br,248,121.4772412,31.2329963,4,-1
Br,249,121.3487147,31.2328403,4,-1
Cn,688,121.4418101,31.2132726,4,-1
Br,250,121.4525449,31.2487878,4,-1
Br,251,121.4525865,31.249155,4,-1
Cy,192,121.4493515,31.2134961,4,-1
Cm,94,121.400173,31.1399578,4,-1
Dw,166,121.4991126,31.0969867,4,-1
Cy,193,121.6866437,30.9254137,4,-1
Cn,689,121.6875449,30.9255494,4,-1
Cn,690,121.6879579,30.9256277,4,-1
Cn,691,121.4391086,31.2445442,4,-1
Aa,248,121.4246839,31.2072771,4,-1
Cn,692,121.4777501,31.2391148,4,-1
An,169,121.4818672,31.2444214,4,-1
Cn,693,121.4822518,31.2522558,4,-1
Cy,194,121.4609322,31.2461008,4,-1
Cn,694,121.5230373,31.227897,4,-1
Cy,195,121.5383277,31.2214188,4,-1
Cz,289,121.4747819,31.2272967,4,-1
Cn,695,121.4769284,31.2295884,4,-1
Cn,696,121.4389632,31.2386313,4,-1
Cy,196,121.4629503,31.2410791,4,-1
Dw,167,121.4125113,31.1726254,4,-1
Aa,249,121.4117068,31.1741245,4,-1
Cy,197,121.425163,31.2042868,4,-1
Cn,697,121.44405,31.2113299,4,-1
Br,252,121.4402215,31.2034556,4,-1
Br,253,121.4387479,31.2057407,4,-1
Cn,698,121.4246895,31.2113837,4,-1
Br,254,121.4246748,31.2109383,4,-1
Br,255,121.4249498,31.2117039,4,-1
Cn,699,121.3991831,31.1918161,4,-1
Aa,250,121.0517465,31.113278,4,-1
Al,102,121.4702774,31.2189277,4,-1
Cz,290,121.4246608,31.2112036,4,-1
Br,256,121.410672,31.175327,4,-1
Cn,700,121.411485,31.17431,4,-1
Br,257,121.4110311,31.1760289,4,-1
Cn,701,121.4775787,31.223102,4,-1
Cn,702,121.4358932,31.2282323,4,-1
Cn,703,121.4316801,31.2226338,4,-1
Cn,704,121.4353415,31.2327156,4,-1
Br,258,121.4266178,31.2145262,4,-1
Br,259,121.4254668,31.2121127,4,-1
Br,260,121.4262488,31.2134702,4,-1
Br,261,121.4256385,31.2121066,4,-1
Cn,705,121.475311,31.234203,4,-1
Cn,706,121.4859557,31.2339431,4,-1
Cn,707,121.412638,31.1770024,4,-1
Br,262,121.4120497,31.17595,4,-1
Cz,291,121.485291,31.2410329,4,-1
Cn,708,121.4659223,31.2370934,4,-1
Cn,709,121.417562,31.1982767,4,-1
Cn,710,121.444607,31.2280975,4,-1
Cm,95,121.4547963,31.2579449,4,-1
Cn,711,121.4586252,31.2206795,4,-1
An,170,121.4394902,31.2020932,4,-1
Cn,712,121.4762445,31.2333885,4,-1
An,171,121.7366804,31.1729203,4,-1
Dw,168,121.4218497,31.2308857,4,-1
Aa,251,121.4219503,31.2309263,4,-1
Cy,198,121.4224977,31.2303531,4,-1
Cy,199,121.4225527,31.2304607,4,-1
An,172,121.5578116,31.2105247,4,-1
Dw,169,121.4212504,31.1369399,4,-1
Aa,252,121.4213798,31.1369873,4,-1
Dw,170,121.427169,31.1388919,4,-1
Dw,171,121.4266098,31.1383196,4,-1
Br,263,121.5340923,31.3137786,4,-1
Cz,292,121.4383596,31.0560804,4,-1
Br,264,121.421459,31.0175076,4,-1
Br,265,121.3762552,31.1178778,4,-1
Br,266,121.5341087,31.3134299,4,-1
Cz,293,121.527445,31.3086615,4,-1
Br,267,121.439135,31.0580213,4,-1
Aa,253,121.4375468,31.1904118,4,-1
Dw,172,121.4364757,31.1957782,4,-1
Aa,254,121.4359949,31.1947253,4,-1
Dw,173,121.4373369,31.1867964,4,-1
Dw,174,121.5806452,31.2033252,4,-1
Dw,175,121.5805206,31.2033081,4,-1
Dw,176,121.5810638,31.2031704,4,-1
Dw,177,121.5803163,31.2030642,4,-1
Aa,255,121.58099,31.2031128,4,-1
Dw,178,121.5809293,31.2031088,4,-1
Dw,179,121.5811219,31.2024254,4,-1
Cy,200,121.5065829,31.2675647,4,-1
Aa,256,121.5068936,31.2635615,4,-1
Cy,201,121.5067836,31.2636371,4,-1
Aa,257,121.457822,31.2326377,4,-1
Cz,294,121.4522693,31.2165937,4,-1
Aa,258,121.4532473,31.218379,4,-1
Cn,713,121.4718591,31.2386869,4,-1
Cn,714,121.4546913,31.2131465,4,-1
Aa,259,121.425463,31.2166961,4,-1
Aa,260,121.4490746,31.2183066,4,-1
An,173,121.2771343,31.2175914,4,-1
Cn,715,121.520827,31.213993,4,-1
Cy,202,121.4408101,31.2157064,4,-1
Aa,261,121.4482066,31.2195742,4,-1
Cy,203,121.509605,30.8399082,4,-1
Br,268,121.5160146,30.8413995,4,-1
Dw,180,121.2293005,31.0091654,4,-1
An,174,121.7936034,31.165346,4,-1
Cy,204,121.2041102,31.0110226,4,-1
Aa,262,121.5095709,30.8366622,4,-1
Cz,295,121.1958642,31.0264647,4,-1
Aa,263,121.4770364,31.2326725,4,-1
Cn,716,121.5047898,31.2984698,4,-1
Aa,264,121.4386356,31.2320481,4,-1
Cz,296,121.4776916,31.2330699,4,-1
Br,269,121.5060796,31.1859965,4,-1
Cy,205,121.5037134,31.2818679,5,-1
Cy,206,121.5028596,31.2433109,5,-1
Cn,717,121.4430582,31.2190448,5,-1
Cn,718,121.483273,31.2644887,5,-1
Cy,207,121.5327141,31.2726178,5,-1
Cn,719,121.3846289,31.2159403,5,-1
Cm,96,121.4543619,31.2305917,5,-1
Cn,720,121.4733423,31.2381297,5,-1
Cn,721,121.4730368,31.2380732,5,-1
Dw,181,121.4705556,31.2344371,5,-1
Cn,722,121.4808508,31.2392535,5,-1
Cn,723,121.3715661,31.1755414,5,-1
Cy,208,121.4416259,31.2140317,5,-1
Aa,265,121.480471,31.2383643,5,-1
Cz,297,121.4865509,31.2281905,5,-1
Cn,724,121.4873452,31.228275,5,-1
Cn,725,121.4871333,31.2282406,5,-1
Cn,726,121.4875436,31.2284191,5,-1
Dw,182,121.4867468,31.2273798,5,-1
Dw,183,121.488375,31.2274632,5,-1
Cn,727,121.4764222,31.2158143,5,-1
Cy,209,121.4292888,31.1762933,5,-1
Cn,728,121.3917784,31.1960327,5,-1
Cn,729,121.4868662,31.2349497,5,-1
An,175,121.452427,31.2270333,5,-1
Cn,730,121.4849314,31.2406922,5,-1
Aa,266,121.4427093,31.2167914,5,-1
An,176,121.6799382,31.1594503,5,-1
Dw,184,121.4613348,31.2251408,5,-1
Cm,97,121.4618239,31.2420456,5,-1
Aa,267,121.445487,31.2026971,5,-1
Cn,731,121.4722859,31.2383393,5,-1
Cn,732,121.4723537,31.2380816,5,-1
Aa,268,121.4675369,31.2427948,5,-1
Cn,733,121.4730753,31.2380824,5,-1
Aa,269,121.0492991,31.109194,5,-1
An,177,121.7097299,31.040631,5,-1
Cn,734,121.427784,31.0227158,5,-1
Cy,210,121.4281212,31.0228226,5,-1
Cn,735,121.3675988,31.169654,5,-1
Cn,736,121.4550161,31.2303453,5,-1
Aa,270,121.4871611,31.2564655,5,-1
Cn,737,121.5111155,31.2662929,5,-1
Cn,738,121.2726043,31.1684393,5,-1
Cn,739,121.4491336,31.2182418,5,-1
Cn,740,121.5457906,31.2139327,5,-1
Aa,271,121.4498533,31.2209153,5,-1
Cn,741,121.4462971,31.2314092,5,-1
Aa,272,121.4357134,31.2151768,5,-1
Cn,742,121.4704895,31.2230724,5,-1
Aa,273,121.4564094,31.2317537,5,-1
Aa,274,121.4535123,31.2311731,5,-1
Cn,743,121.4774137,31.2402267,5,-1
Cz,298,121.3389516,30.7302809,5,-1
Cz,299,121.338619,30.727634,5,-1
Cm,98,121.4104766,31.2190714,5,-1
Cm,99,121.4460788,31.2298007,5,-1
Cm,100,121.4449328,31.229237,5,-1
Cn,744,121.4363601,31.2312177,5,-1
Cm,101,121.4496907,31.2177067,5,-1
Cn,745,121.4380036,31.2318607,5,-1
Cn,746,121.4235724,31.2310629,5,-1
Dw,185,121.4234222,31.2311629,5,-1
An,178,121.4466448,31.2356484,5,-1
Cm,102,121.4635927,31.2103076,5,-1
An,179,121.5038822,31.1741137,5,-1
Cn,747,121.4477058,31.2290108,5,-1
Cn,748,121.4533041,31.2070386,5,-1
Cn,749,121.4431218,31.2194637,5,-1
Dw,186,121.5309754,31.1524477,5,-1
Dh,90,121.4392086,31.2124262,5,-1
An,180,121.4315235,31.1839892,5,-1
Cn,750,121.2723211,31.1683493,5,-1
Cn,751,121.2724404,31.168409,5,-1
Cy,211,121.4227547,31.0275896,5,-1
Al,103,121.46657,31.2175272,5,-1
Cn,752,121.4424725,31.2201154,5,-1
Dw,187,121.4354794,31.1372425,5,-1
Cn,753,121.4852793,31.2403353,5,-1
Dw,188,121.4311747,31.2434761,5,-1
Cy,212,121.4580581,31.2325269,5,-1
Cn,754,121.4467265,31.2358588,5,-1
Cz,300,121.4587151,31.2281422,5,-1
Br,270,121.4434487,31.2381886,5,-1
Al,104,121.4580612,31.208713,5,-1
Cn,755,121.4753442,31.2272897,5,-1
Cn,756,121.5363057,31.0043998,5,-1
Br,271,121.4650935,31.2340124,5,-1
Br,272,121.4459821,31.2322162,5,-1
Br,273,121.4440952,31.2345141,5,-1
Br,274,121.4543246,31.2324919,5,-1
Br,275,121.4508647,31.2309526,5,-1
Br,276,121.466621,31.234773,5,-1
Dw,189,121.4445126,31.2340303,5,-1
Cz,301,121.4408249,31.2376268,5,-1
Cn,757,121.4447634,31.2387111,5,-1
Br,277,121.4435697,31.2409446,5,-1
Br,278,121.4566892,31.247115,5,-1
Br,279,121.4698779,31.2384092,5,-1
Aa,275,121.4297588,31.1983172,5,-1
Cn,758,121.4301898,31.1944684,5,-1
Cn,759,121.43964,31.19511,5,-1
Cz,302,121.4390158,31.1950593,5,-1
Br,280,121.4753293,31.2269278,5,-1
Br,281,121.4706718,31.2174539,5,-1
Br,282,121.4589772,31.2218027,5,-1
Br,283,121.4572922,31.231706,5,-1
Aa,276,121.4549842,31.2310992,5,-1
Br,284,121.4550703,31.2309708,5,-1
An,181,121.4807788,31.2470787,5,-1
Br,285,121.430753,31.2257383,5,-1
Br,286,121.4397651,31.2378654,5,-1
Br,287,121.4377056,31.2385237,5,-1
Br,288,121.4311488,31.2285828,5,-1
Br,289,121.4478215,31.2361747,5,-1
Br,290,121.4558769,31.2364658,5,-1
Br,291,121.4566958,31.2346593,5,-1
Cm,103,121.4443242,31.2385503,5,-1
Cn,760,121.4514512,31.1978228,5,-1
Cn,761,121.4513457,31.1977843,5,-1
Cn,762,121.4449679,31.2244905,5,-1
Cm,104,121.4832481,31.2427843,5,-1
Br,292,121.4502096,31.1999997,5,-1
Br,293,121.4502845,31.1998445,5,-1
Dw,190,121.4575547,31.2001908,5,-1
Br,294,121.4422347,31.2287721,5,-1
An,182,121.4496427,31.2029917,5,-1
Dw,191,121.4574826,31.200253,5,-1
Cn,763,121.4732876,31.2343812,5,-1
Cm,105,121.4435915,31.2105517,5,-1
Aa,277,121.4718817,31.2007036,5,-1
Aa,278,121.4287297,31.176413,5,-1
Cn,764,121.4293951,31.1763486,5,-1
Aa,279,121.4297409,31.1763165,5,-1
Cz,303,121.4280951,31.1764831,5,-1
Br,295,121.3913754,31.1973802,5,-1
Cz,304,121.3898116,31.1965336,5,-1
Aa,280,121.3907799,31.1967493,5,-1
Aa,281,121.3889372,31.1985136,5,-1
Br,296,121.4327116,31.241698,5,-1
Br,297,121.4358737,31.239002,5,-1
Br,298,121.4333304,31.2429334,5,-1
Br,299,121.4346047,31.2413462,5,-1
Br,300,121.4372074,31.2334893,5,-1
Cm,106,121.444137,31.2375131,5,-1
Cy,213,121.1334659,31.1547608,5,-1
Cm,107,121.4617683,31.2252041,5,-1
Cm,108,121.4457325,31.2361772,5,-1
Cy,214,121.1412889,31.1487417,5,-1
Aa,282,121.4350612,31.2088313,5,-1
Br,301,121.461717,31.2116197,5,-1
Aa,283,121.4268204,31.0253061,5,-1
Br,302,121.4269096,31.0254978,5,-1
Aa,284,121.418058,31.1983074,5,-1
Cn,765,121.4331775,31.206071,5,-1
Aa,285,121.4450048,31.2269416,5,-1
Cy,215,121.4693681,31.20476,5,-1
Cn,766,121.4358808,31.232698,5,-1
Br,303,121.3022841,31.1518841,5,-1
Cn,767,121.4341176,31.2098566,5,-1
Cn,768,121.4802134,31.2395011,5,-1
An,183,121.7301672,31.0529378,5,-1
Al,105,121.5421821,31.2732123,5,-1
Cz,305,121.535162,31.0465392,5,-1
Cz,306,121.5328006,31.0637367,5,-1
An,184,121.3121077,31.1922508,5,-1
Cn,769,121.4491749,31.2121989,5,-1
Cz,307,121.4176357,31.2669311,5,-1
Cz,308,121.4112687,31.2674015,5,-1
Cn,770,121.4465792,31.2207706,5,-1
Cn,771,121.3785853,31.091322,5,-1
An,185,121.7822488,31.1806732,5,-1
Cm,109,121.5768852,31.1373673,5,-1
Cm,110,121.4021531,31.2084487,5,-1
Al,106,121.6557859,31.1466343,5,-1
Al,107,121.6523074,31.1457374,5,-1
Al,108,121.652747,31.1457399,5,-1
Al,109,121.6528192,31.1460554,5,-1
Al,110,121.6526999,31.145914,5,-1
Al,111,121.6600393,31.1459189,5,-1
Dw,192,121.5004427,31.235727,5,-1
Br,304,121.4406159,31.2161166,5,-1
Cz,309,121.594464,31.1806541,5,-1
Br,305,121.5926858,31.1794779,5,-1
Aa,286,121.5931634,31.1807609,5,-1
Cy,216,121.4853353,31.2329523,5,-1
Cy,217,121.4861738,31.2329531,5,-1
Cy,218,121.4459639,31.2150309,5,-1
Cy,219,121.4828568,31.2321365,5,-1
An,186,121.515073,31.0874674,5,-1
Cn,772,121.4970056,31.2394929,5,-1
Cy,220,121.052772,31.1109341,5,-1
Cy,221,121.3092169,31.2946204,5,-1
Cy,222,121.30286,31.291309,5,-1
Aa,287,121.8064814,31.1531837,5,-1
Al,112,121.6675635,31.1494161,5,-1
Cn,773,121.3477599,31.2235934,5,-1
Cn,774,121.4708676,31.2372757,5,-1
Cy,223,121.346156,31.1548151,5,-1
Aa,288,121.4414205,31.2126221,5,-1
Cm,111,121.3437299,30.73583,5,-1
Cm,112,121.3471061,30.7317411,5,-1
Cm,113,121.3593116,30.7398712,5,-1
Cy,224,121.3437492,30.7330393,5,-1
Aa,289,121.3299031,30.7546859,5,-1
Dw,193,121.4854636,31.2245601,5,-1
Cm,114,121.4384174,31.240065,5,-1
Aa,290,121.4766816,31.2344954,5,-1
An,187,121.6388236,31.0215778,5,-1
Al,113,121.4842513,31.2453415,5,-1
Al,114,121.1906959,31.0978485,5,-1
Al,115,121.4783343,31.2277051,5,-1
Cn,775,121.3804791,31.1929204,5,-1
Br,306,121.4817833,31.1839618,5,-1
Aa,291,121.4817603,31.1840584,5,-1
Cy,225,121.4822178,31.1841402,5,-1
Cn,776,121.4292621,31.220274,5,-1
Cm,115,121.4977254,31.2857751,5,-1
Br,307,121.2492962,31.0933695,5,-1
Cn,777,121.4702448,31.2556602,5,-1
Cz,310,121.4707249,31.2565833,5,-1
Cz,311,121.4711648,31.2568378,5,-1
Cn,778,121.5546825,31.2074201,5,-1
Dw,194,121.5547025,31.2071781,5,-1
Dw,195,121.5546939,31.2076146,5,-1
Cm,116,121.5569593,31.2129532,5,-1
Aa,292,121.55739,31.2132432,5,-1
Aa,293,121.4358696,31.2823302,5,-1
Cn,779,121.418918,31.2414267,5,-1
Dw,196,121.4131637,31.2411281,5,-1
Cy,226,121.4169338,31.2420806,5,-1
Cy,227,121.4167853,31.2422243,5,-1
Aa,294,121.5230244,31.2314333,5,-1
Cn,780,121.4654067,31.2228959,5,-1
Aa,295,121.4753443,31.2270856,5,-1
Dh,91,121.4768461,31.2480612,5,-1
Dh,92,121.4733677,31.2262276,5,-1
Cn,781,121.4791335,31.2411792,5,-1
Cn,782,121.4260449,31.2062367,5,-1
Aa,296,121.4037227,31.2118856,5,-1
Cz,312,121.4720776,31.2403133,5,-1
Br,308,121.4765849,31.2413506,5,-1
Cm,117,121.4702115,31.2388913,5,-1
Br,309,121.4770598,31.2416364,5,-1
Br,310,121.4720434,31.2404799,5,-1
Aa,297,121.3992388,31.2132391,5,-1
Br,311,121.3959591,31.2131818,5,-1
Br,312,121.4817247,31.2410738,5,-1
Cn,783,121.4705715,31.2230591,5,-1
Aa,298,121.4716382,31.2361755,5,-1
Br,313,121.4577391,31.2187721,5,-1
Dh,93,121.5229474,31.2295957,5,-1
Cy,228,121.6492711,31.2689203,5,-1
Cn,784,121.4083723,31.1748398,5,-1
Aa,299,121.4239722,31.2117622,5,-1
Aa,300,121.4252755,31.2121064,5,-1
Cz,313,121.5226558,31.2315579,5,-1
Cy,229,121.1712758,31.3648347,5,-1
Cy,230,121.6813229,31.266045,5,-1
Cz,314,121.6476294,31.267874,5,-1
Cm,118,121.3571176,30.7764965,5,-1
Br,314,121.452811,31.2145624,5,-1
Cm,119,121.4345492,31.2355829,5,-1
Cm,120,121.2423797,31.0592634,5,-1
Aa,301,121.4642286,31.2329813,5,-1
Cn,785,121.4207674,31.2152735,5,-1
Cn,786,121.4187455,31.2148667,5,-1
Cn,787,121.4175862,31.2147317,5,-1
Cn,788,121.4250338,31.2154005,5,-1
Cn,789,121.4182961,31.1800768,5,-1
An,188,121.3385047,31.164881,5,-1
Dh,94,121.4117,31.2212278,5,-1
Cn,790,121.4478473,31.2181467,5,-1
An,189,121.7405976,31.1857931,5,-1
Cn,791,121.4068924,31.1949896,5,-1
Cn,792,121.4079743,31.194872,5,-1
Aa,302,121.4183933,31.1977116,5,-1
Br,315,121.4247469,31.2090335,5,-1
Cy,231,121.4087783,31.1984479,5,-1
Br,316,121.4085509,31.1984517,5,-1
Cn,793,121.4079234,31.1718165,5,-1
Dw,197,121.4081436,31.1718943,5,-1
Cm,121,121.4208285,31.2187532,5,-1
An,190,121.4914215,31.2576082,5,-1
Cn,794,121.4249362,31.2117564,5,-1
Cn,795,121.4251177,31.2142399,5,-1
Cn,796,121.5088115,31.3048986,5,-1
Cn,797,121.4182957,31.2163676,5,-1
Cn,798,121.450286,31.2211898,5,-1
Cn,799,121.4419246,31.2267136,5,-1
Cn,800,121.4489026,31.278053,5,-1
Cn,801,121.4760403,31.2298586,5,-1
Cm,122,121.4838972,31.2293768,5,-1
Cm,123,121.5032546,31.2376294,5,-1
Cn,802,121.3914566,31.2171429,5,-1
Cn,803,121.3914588,31.2169466,5,-1
Cm,124,121.3949505,31.2196994,5,-1
Cm,125,121.4500115,31.2134267,5,-1
Dw,198,121.4741154,31.237694,5,-1
Cn,804,121.481029,31.240198,5,-1
Aa,303,121.4377766,31.2100752,5,-1
Br,317,121.4528436,31.2699038,5,-1
Al,116,121.3488785,31.1557557,5,-1
Dw,199,121.4721495,31.2170281,5,-1
Aa,304,121.4857993,31.2473826,5,-1
Cn,805,121.4498808,31.2445793,5,-1
An,191,121.4607317,31.2211773,5,-1
Al,117,121.4127189,31.2402371,5,-1
Aa,305,121.4764389,31.2378048,5,-1
An,192,121.537246,31.2091244,5,-1
An,193,121.5366518,31.209256,5,-1
Br,318,121.3927342,31.2165848,5,-1
Cy,232,121.3929677,31.2163476,5,-1
Br,319,121.3941082,31.2169903,5,-1
Br,320,121.3944067,31.217074,5,-1
Br,321,121.3969438,31.2168456,5,-1
Br,322,121.3996683,31.2158453,5,-1
Br,323,121.399674,31.2153966,5,-1
Br,324,121.399674,31.2153966,5,-1
Br,325,121.3996723,31.2157587,5,-1
Br,326,121.405762,31.214537,5,-1
Br,327,121.4032035,31.2149112,5,-1
Br,328,121.4095603,31.2143766,5,-1
Br,329,121.4096693,31.2143775,5,-1
Br,330,121.4188738,31.1789961,5,-1
Br,331,121.4218496,31.1835902,5,-1
Cm,126,121.4833114,31.2294334,5,-1
Br,332,121.401781,31.2067264,5,-1
Cn,806,121.4007139,31.2129487,5,-1
Cn,807,121.444324,31.2274,5,-1
An,194,121.4374925,31.2270531,5,-1
Cn,808,121.7540831,31.2339316,5,-1
Aa,306,121.4391001,31.2250698,5,-1
Cm,127,121.455653,31.2243465,5,-1
Cn,809,121.4102276,31.1750883,5,-1
Br,333,121.4298114,31.2173462,5,-1
Al,118,121.5380803,31.2221305,5,-1
Cm,128,121.4424733,31.2148935,5,-1
Cm,129,121.4532702,31.2204101,5,-1
Aa,307,121.4745298,31.2312782,5,-1
Dh,95,121.4510121,31.2233745,5,-1
Cz,315,121.4142443,31.1772024,5,-1
Cn,810,121.4126877,31.1768859,5,-1
Cn,811,121.4477817,31.2192235,5,-1
Cm,130,121.4632167,31.2108663,5,-1
Cn,812,121.4633904,31.2091907,5,-1
Cn,813,121.168506,31.356795,5,-1
Br,334,121.420052,31.180453,5,-1
Cz,316,121.3397777,30.7315259,5,-1
Cz,317,121.3388711,30.7306682,5,-1
Cn,814,121.4548018,31.2135962,5,-1
Cm,131,121.4495134,31.212516,5,-1
Cm,132,121.4554823,31.2237976,5,-1
Cn,815,121.4426894,31.2069748,5,-1
Cm,133,121.4323,31.207649,5,-1
Cm,134,121.4392738,31.2391209,5,-1
Cn,816,121.453917,31.2202062,5,-1
Cm,135,121.4451906,31.2081555,5,-1
Cm,136,121.4331026,31.2046943,5,-1
Cm,137,121.4331214,31.2050279,5,-1
Cm,138,121.4258937,31.2103459,5,-1
Cm,139,121.4257375,31.2103398,5,-1
Al,119,121.4691066,31.2336618,5,-1
Al,120,121.4703238,31.2310546,5,-1
Al,121,121.4869796,31.244296,5,-1
Al,122,121.4687151,31.2319118,5,-1
Cn,817,121.4752249,31.2310189,5,-1
Cy,233,121.3015912,31.1522987,5,-1
Cy,234,121.3024933,31.1522987,5,-1
Cn,818,121.4498731,31.2323455,5,-1
An,195,121.4829919,31.237233,5,-1
Br,335,121.3012269,31.1519971,5,-1
Br,336,121.5462364,31.2122476,5,-1
Aa,308,121.5469253,31.2118754,5,-1
Br,337,121.5494234,31.2113803,5,-1
Cy,235,121.5501751,31.2114767,5,-1
Cz,318,121.5503008,31.2114743,5,-1
Dw,200,121.548859,31.2113023,5,-1
Cy,236,121.53642,31.2181796,5,-1
Aa,309,121.5365422,31.2184231,5,-1
Aa,310,121.5366767,31.2183118,5,-1
Cn,819,121.538219,31.2176188,5,-1
Aa,311,121.4802031,30.9296254,5,-1
Cy,237,121.522841,31.2318631,5,-1
Aa,312,121.5564019,31.208106,5,-1
Aa,313,121.5587254,31.2088097,5,-1
Br,338,121.55621,31.2081348,5,-1
Dw,201,121.5584284,31.2097736,5,-1
Aa,314,121.5579987,31.210855,5,-1
Aa,315,121.5585264,31.2094929,5,-1
Cm,140,121.4235309,31.2202472,5,-1
Cn,820,121.4343774,31.2081344,5,-1
Br,339,121.4295833,31.1980494,5,-1
Br,340,121.5589302,31.2142252,5,-1
Cm,141,121.4534522,31.2232592,5,-1
Cn,821,121.4534284,31.2279508,5,-1
Aa,316,121.5588381,31.2141615,5,-1
Cz,319,121.4862011,31.2574514,5,-1
Dw,202,121.4864177,31.2573682,5,-1
Cn,822,121.5983894,31.207616,5,-1
Cz,320,121.6185881,31.2622376,5,-1
Cm,142,121.4867246,31.2346899,5,-1
Dh,96,121.4402294,31.2245397,5,-1
Aa,317,121.472194,31.2367661,5,-1
Cn,823,121.446933,31.2285192,5,-1
Cn,824,121.4193017,31.2088003,5,-1
Br,341,121.4638358,31.2375966,5,-1
Aa,318,121.4606723,31.2176619,5,-1
Cn,825,121.4738376,31.2377142,5,-1
Al,123,121.4428344,31.2204492,5,-1
Cn,826,121.4194847,31.2150039,5,-1
Cn,827,121.4263064,31.2054947,5,-1
Aa,319,121.4252627,31.2125826,5,-1
Aa,320,121.4836311,31.2442903,5,-1
Aa,321,121.4279488,31.2329241,5,-1
Cz,321,121.4607616,31.2152878,5,-1
Cz,322,121.4607459,31.2153426,5,-1
Cn,828,121.4163306,31.1783239,5,-1
Dw,203,121.4160137,31.1786778,5,-1
Cn,829,121.4158246,31.1790469,5,-1
Cn,830,121.4157662,31.1792782,5,-1
Cn,831,121.4157544,31.1794408,5,-1
Cn,832,121.4110806,31.174087,5,-1
Dw,204,121.5879751,31.262971,5,-1
Aa,322,121.5880472,31.2630911,5,-1
Cn,833,121.5879099,31.2628267,5,-1
Cz,323,121.5234574,31.2266273,5,-1
Aa,323,121.4082376,31.2352821,5,-1
Aa,324,121.3684982,31.218863,5,-1
Aa,325,121.3659986,31.2107896,5,-1
Cn,834,121.4035681,31.233021,5,-1
Br,342,121.4256594,31.2197883,5,-1
Cn,835,121.4097992,31.1752349,5,-1
Cz,324,121.4104379,31.1750105,5,-1
Aa,326,121.410297,31.1749882,5,-1
Cn,836,121.4094727,31.1750956,5,-1
Aa,327,121.4092771,31.1750719,5,-1
Cn,837,121.4093355,31.1750811,5,-1
Br,343,121.4103719,31.1753143,5,-1
Br,344,121.4098147,31.1751716,5,-1
Cn,838,121.4097096,31.1751492,5,-1
Cn,839,121.4337468,31.2327767,5,-1
Cn,840,121.4415452,31.213991,5,-1
Cn,841,121.4094041,31.1750869,5,-1
Aa,328,121.4632838,31.2093932,5,-1
Cn,842,121.4654391,31.2211499,5,-1
Cn,843,121.4496241,31.2204755,5,-1
Cn,844,121.4256427,31.2045732,5,-1
Aa,329,121.4553306,31.207734,5,-1
Cm,143,121.4502323,31.2178757,5,-1
Aa,330,121.425658,31.2046685,5,-1
Cn,845,121.4651015,31.2212053,5,-1
Br,345,121.4257019,31.2048131,5,-1
Aa,331,121.4627142,31.2205213,5,-1
Aa,332,121.4605194,31.216916,5,-1
Aa,333,121.4428957,31.2017762,5,-1
Aa,334,121.4624682,31.2183112,5,-1
Cm,144,121.462279,31.2170956,5,-1
Br,346,121.1120729,31.1525619,5,-1
Aa,335,121.2903695,31.1734273,5,-1
Aa,336,121.4341768,31.2167627,5,-1
Br,347,121.4373209,31.2210613,5,-1
Cn,846,121.4732834,31.2274622,5,-1
Aa,337,121.4598664,31.2206081,5,-1
Cn,847,121.4573664,31.2200626,5,-1
Cm,145,121.455629,31.2243789,5,-1
Cm,146,121.4596008,31.2272435,5,-1
Cm,147,121.4616535,31.2276084,5,-1
Br,348,121.4094669,31.214377,5,-1
Br,349,121.4718605,31.2268346,5,-1
Aa,338,121.4701912,31.2261643,5,-1
Aa,339,121.4585953,31.2202564,5,-1
Cn,848,121.4610942,31.2275721,5,-1
Br,350,121.4095104,31.2143852,5,-1
Aa,340,121.4709968,31.2264409,5,-1
Dw,205,121.4588753,31.2203804,5,-1
Cn,849,121.4784795,31.2374835,5,-1
Cn,850,121.4529756,31.2129275,5,-1
Cn,851,121.4417528,31.223495,5,-1
Aa,341,121.4238597,31.2331573,5,-1
Cn,852,121.4357302,31.2441595,5,-1
Aa,342,121.4440314,31.2493921,5,-1
Aa,343,121.4812764,31.2468708,5,-1
Br,351,121.431581,31.2400095,5,-1
Aa,344,121.4365332,31.2446674,5,-1
Cz,325,121.4376096,31.2451634,5,-1
Cm,148,121.4455506,31.2502553,5,-1
Br,352,121.481312,31.2470255,5,-1
Cn,853,121.4766726,31.2377505,5,-1
Cn,854,121.4835602,31.2532189,5,-1
Cn,855,121.3674257,31.1734621,5,-1
Cn,856,121.3866786,31.2130251,5,-1
Cn,857,121.4258972,31.2052209,5,-1
Cn,858,121.443402,31.2200999,5,-1
Cn,859,121.4741058,31.231993,5,-1
Cn,860,121.4848361,31.2365141,5,-1
Cn,861,121.4832913,31.2479124,5,-1
Cn,862,121.3813872,31.2160577,5,-1
Cn,863,121.443478,31.2201639,5,-1
Cn,864,121.4255662,31.2040609,5,-1
Cn,865,121.4547918,31.219619,5,-1
Al,124,121.0107779,30.8868624,5,-1
Al,125,121.4088948,31.2898761,5,-1
Cn,866,121.5185971,31.1815856,5,-1
Aa,345,121.5177345,31.1816012,5,-1
Cn,867,121.5173115,31.1816323,5,-1
Br,353,121.5139987,31.1858844,5,-1
Aa,346,121.5034961,31.1874531,5,-1
Cn,868,121.5171873,31.1815606,5,-1
Br,354,121.5139736,31.1854696,5,-1
Cn,869,121.513912,31.1871383,5,-1
Br,355,121.5157065,31.1824592,5,-1
Aa,347,121.5154036,31.1826506,5,-1
Br,356,121.5148934,31.1839016,5,-1
Cn,870,121.5136171,31.1877029,5,-1
Br,357,121.5135992,31.1878365,5,-1
Al,126,121.4825528,31.2422665,5,-1
Aa,348,121.4618767,31.2393938,5,-1
An,196,121.3860561,31.2124702,5,-1
An,197,121.392709,31.2108768,5,-1
Cn,871,121.4777819,31.2282728,5,-1
Br,358,121.5068217,31.234505,5,-1
An,198,121.5256505,31.2411052,5,-1
Cn,872,121.5207692,31.2240952,5,-1
Cn,873,121.3814117,31.2087411,5,-1
Cm,149,121.4082863,31.2121113,5,-1
Cn,874,121.4429747,31.2195084,5,-1
Aa,349,121.4642934,31.2108206,5,-1
Cz,326,121.4798906,31.2399537,5,-1
An,199,121.3381797,30.7543243,5,-1
An,200,121.3110804,31.1915988,5,-1
Cn,875,121.4843465,31.2380763,5,-1
Cm,150,121.4822183,31.2399694,5,-1
Cn,876,121.3938235,31.2117847,5,-1
Cn,877,121.3942326,31.211787,5,-1
Cn,878,121.3943399,31.2117898,5,-1
Cn,879,121.3943677,31.2117901,5,-1
Dh,97,121.394478,31.2117915,5,-1
Dh,98,121.39454,31.2117927,5,-1
Cz,327,121.3951727,31.2118259,5,-1
Dh,99,121.3952183,31.2118271,5,-1
Br,359,121.3953082,31.2118262,5,-1
Dh,100,121.3955492,31.2118437,5,-1
Br,360,121.3957091,31.2118483,5,-1
Aa,350,121.3962328,31.2114675,5,-1
Br,361,121.396261,31.2111188,5,-1
Cz,328,121.3962556,31.2107713,5,-1
Cz,329,121.3962892,31.2106027,5,-1
Cz,330,121.395966,31.2096759,5,-1
Cn,880,121.3976987,31.2077237,5,-1
Cn,881,121.3979548,31.2077348,5,-1
Dw,206,121.3980792,31.2077288,5,-1
Cn,882,121.3981235,31.2077259,5,-1
Cn,883,121.3981725,31.2077214,5,-1
Cn,884,121.3981878,31.2077202,5,-1
Dh,101,121.3982088,31.207712,5,-1
Cn,885,121.4001174,31.2071507,5,-1
Cn,886,121.4003246,31.2070848,5,-1
Aa,351,121.4006048,31.2069746,5,-1
Cz,331,121.4007698,31.2069299,5,-1
Cn,887,121.4015718,31.206634,5,-1
An,201,121.6963802,31.1861665,5,-1
An,202,121.1505935,31.0619135,5,-1
Aa,352,121.4421048,31.2169534,5,-1
Aa,353,121.4403309,31.2166246,5,-1
Aa,354,121.4397756,31.2160489,5,-1
Aa,355,121.3439133,31.1936038,5,-1
Cn,888,121.3979461,31.2079067,5,-1
Br,362,121.3070321,31.1774484,5,-1
An,203,121.3309803,31.2850844,5,-1
Cz,332,121.2972094,31.1914777,5,-1
Cn,889,121.4655767,31.2377254,5,-1
Cm,151,121.475314,31.2265949,5,-1
Cn,890,121.4540632,31.2306921,5,-1
Cm,152,121.4499047,31.2137268,5,-1
Cn,891,121.4553275,31.2193026,5,-1
Dh,102,121.3716491,31.1119927,5,-1
Dh,103,121.3718033,31.1117229,5,-1
An,204,121.4407234,31.2212776,5,-1
An,205,121.4437175,31.2225117,5,-1
Br,363,121.4387257,31.2265031,5,-1
Br,364,121.3957687,31.2120268,5,-1
An,206,121.7584935,31.1846597,5,-1
Aa,356,121.4859735,31.3977864,5,-1
Aa,357,121.4842514,31.3949458,5,-1
Aa,358,121.4804614,31.401244,5,-1
Cn,892,121.4655411,31.22267,5,-1
Cn,893,121.34523,31.1547613,5,-1
Cz,333,121.3966513,31.1739391,5,-1
Cn,894,121.4078361,31.1980594,5,-1
Aa,359,121.444313,31.2161347,5,-1
Cn,895,121.4536264,31.2233049,5,-1
Dh,104,121.4494685,31.2230755,5,-1
Cn,896,121.4475156,31.2158623,5,-1
Aa,360,121.4478092,31.2180197,5,-1
Aa,361,121.4429455,31.216874,5,-1
Aa,362,121.4442136,31.2164311,5,-1
Cm,153,121.4426786,31.2167737,5,-1
Dh,105,121.4465386,31.2190542,5,-1
Aa,363,121.4517776,31.2236935,5,-1
Cn,897,121.453311,31.2231364,5,-1
Dh,106,121.4493186,31.2230061,5,-1
Aa,364,121.4466494,31.2190836,5,-1
Cy,238,121.4932908,31.0777462,5,-1
Cz,334,121.5587132,31.2143973,6,-1
Cn,898,121.3654089,31.2109204,6,-1
Aa,365,121.3648055,31.2074279,6,-1
Cn,899,121.4322608,31.2324883,6,-1
Cy,239,121.3643112,31.1420171,6,-1
Dw,207,121.3641519,31.1418322,6,-1
Aa,366,121.5026778,31.0991045,6,-1
Cz,335,121.4885214,31.0758091,6,-1
Cz,336,121.5031907,31.0986416,6,-1
Aa,367,121.4999438,31.0845819,6,-1
Cy,240,121.5011925,31.0849533,6,-1
Cn,900,121.5001568,31.0853754,6,-1
Cz,337,121.5089937,31.0857043,6,-1
Dw,208,121.3646075,31.1420713,6,-1
Dw,209,121.1581499,31.290411,6,-1
Dh,107,121.1582633,31.2900798,6,-1
Dw,210,121.1583042,31.2904104,6,-1
Aa,368,121.158162,31.2902488,6,-1
Dh,108,121.158219,31.2899159,6,-1
Dh,109,121.1579173,31.289858,6,-1
Dh,110,121.1575793,31.2899904,6,-1
Br,365,121.3087596,31.2037399,6,-1
Cn,901,121.363861,31.1417867,6,-1
Cz,338,121.3805393,31.1129014,6,-1
Cz,339,121.4328258,31.196566,6,-1
Cz,340,121.6427075,31.0269493,6,-1
Cz,341,121.6420141,31.0269442,6,-1
Cz,342,121.6391183,31.0264443,6,-1
Cz,343,121.6402701,31.0247279,6,-1
Cn,902,121.3640205,31.1420552,6,-1
Cz,344,121.5027288,31.0981814,6,-1
Cn,903,121.4732532,31.2271812,6,-1
Br,366,121.3982713,31.1330569,6,-1
Br,367,121.3980829,31.1329136,6,-1
Cn,904,121.4891908,31.0817721,6,-1
Cz,345,121.3959822,31.1368329,6,-1
Dh,111,121.382385,31.1097988,6,-1
Cn,905,121.3960368,31.1333213,6,-1
Cz,346,121.3822388,31.1104669,6,-1
Cy,241,121.3825063,31.1087252,6,-1
Aa,369,121.4662061,31.2303032,6,-1
Cz,347,121.5945384,31.1807964,6,-1
Cn,906,121.4589667,31.2194632,6,-1
Dh,112,121.4469238,31.2104604,6,-1
Dh,113,121.4439262,31.2259244,6,-1
Dh,114,121.4443229,31.2261613,6,-1
Dh,115,121.4450074,31.226352,6,-1
Dh,116,121.4431098,31.2254355,6,-1
Dh,117,121.4447399,31.2263093,6,-1
Dh,118,121.4441869,31.2261015,6,-1
Aa,370,121.3485621,31.2231931,6,-1
Cy,242,121.4091792,31.2739331,6,-1
Cz,348,121.4731377,31.2371204,6,-1
Dh,119,121.4727693,31.2370271,6,-1
Aa,371,121.4754629,31.23851,6,-1
Dh,120,121.4709732,31.2365491,6,-1
Dh,121,121.4680936,31.224076,6,-1
Cn,907,121.4635208,31.2167854,6,-1
Br,368,121.4649283,31.2206885,6,-1
Br,369,121.4754441,31.238601,6,-1
Cn,908,121.4642361,31.2168469,6,-1
Dh,122,121.4652447,31.2219523,6,-1
Cn,909,121.4655206,31.2223746,6,-1
Aa,372,121.4709585,31.2364619,6,-1
Br,370,121.4653618,31.2226796,6,-1
Cn,910,121.4633945,31.2105946,6,-1
Dw,211,121.4637531,31.2097306,6,-1
Dw,212,121.4635247,31.2105364,6,-1
An,207,121.4776803,31.2399102,6,-1
Dh,123,121.4524834,31.217444,6,-1
Aa,373,121.464329,31.2093215,6,-1
Br,371,121.4524942,31.2153313,6,-1
Aa,374,121.4644225,31.2094565,6,-1
Br,372,121.4774418,31.2401625,6,-1
Cn,911,121.4637706,31.209692,6,-1
Al,127,121.489787,31.2276445,6,-1
Aa,375,121.3699001,31.2096467,6,-1
Br,373,121.369555,31.2099867,6,-1
Cn,912,121.3662147,31.2110117,6,-1
Br,374,121.3716251,31.2095616,6,-1
Br,375,121.3667919,31.2106626,6,-1
Cn,913,121.3669272,31.2107934,6,-1
Cn,914,121.5013338,31.2368481,6,-1
Cz,349,121.4302904,31.1361514,6,-1
Cz,350,121.4538381,31.1177682,6,-1
Cm,154,121.4649148,31.2314638,6,-1
Cn,915,121.4472284,31.222446,6,-1
Cm,155,121.096926,31.1705872,6,-1
An,208,121.4769646,31.2371234,6,-1
An,209,121.4468131,31.0399945,6,-1
An,210,121.4038227,31.2106739,6,-1
Aa,376,121.4363773,31.0315051,6,-1
Cn,916,121.4618848,31.2274222,6,-1
Cn,917,121.4540107,31.2181403,6,-1
Cn,918,121.4318157,31.1866279,6,-1
Dw,213,121.3145813,31.1953286,6,-1
Aa,377,121.3148515,31.1965276,6,-1
Dh,124,121.3145969,31.1964613,6,-1
Aa,378,121.3681064,31.1846094,6,-1
Br,376,121.4252443,31.2021918,6,-1
Cn,919,121.4548762,31.2219821,6,-1
Cn,920,121.4550452,31.222028,6,-1
Cm,156,121.4551498,31.2220234,6,-1
Cm,157,121.4549513,31.2219546,6,-1
Cn,921,121.4550291,31.2219867,6,-1
Cn,922,121.455131,31.2220028,6,-1
Aa,379,121.4554422,31.222067,6,-1
Cm,158,121.454954,31.2220555,6,-1
Aa,380,121.4511088,31.2191206,6,-1
Aa,381,121.4144688,31.2209425,6,-1
Cn,923,121.4018486,31.206072,6,-1
Cn,924,121.4451118,31.2261388,6,-1
Br,377,121.332535,31.1515367,6,-1
Cn,925,121.4540687,31.2303951,6,-1
Dw,214,121.4541712,31.2304298,6,-1
Cy,243,121.3707984,31.2191154,6,-1
Cn,926,121.3476034,31.223327,6,-1
Dw,215,121.3478478,31.223617,6,-1
Cn,927,121.3474097,31.2234713,6,-1
Br,378,121.3478772,31.2230948,6,-1
Cn,928,121.3469933,31.2238149,6,-1
Cn,929,121.3474744,31.2239067,6,-1
Br,379,121.3487284,31.2231106,6,-1
Cn,930,121.4406711,31.1806425,6,-1
Cn,931,121.4406397,31.1808102,6,-1
Cn,932,121.4883047,31.1907283,6,-1
Aa,382,121.4898629,31.2046534,6,-1
Aa,383,121.347722,31.2232368,6,-1
Cn,933,121.3471818,31.2236565,6,-1
Cn,934,121.3480031,31.2234903,6,-1
Cn,935,121.3479336,31.2235351,6,-1
Aa,384,121.3482151,31.2233901,6,-1
Aa,385,121.3479359,31.2230566,6,-1
Cn,936,121.3474036,31.2239363,6,-1
Cn,937,121.34759,31.2237784,6,-1
An,211,121.4252391,31.2049389,6,-1
An,212,121.42561,31.1698647,6,-1
Cz,351,121.4271564,31.2202175,6,-1
Cn,938,121.3468166,31.2239586,6,-1
Cn,939,121.3467367,31.2240256,6,-1
Cn,940,121.3466683,31.2240734,6,-1
Cn,941,121.3466013,31.2241322,6,-1
Cn,942,121.3465518,31.2241735,6,-1
Cn,943,121.3464598,31.2242321,6,-1
Cn,944,121.3463784,31.2242876,6,-1
Cn,945,121.3462346,31.2243703,6,-1
Cn,946,121.3461913,31.2244008,6,-1
Cn,947,121.346132,31.2244316,6,-1
Cn,948,121.3460837,31.224473,6,-1
Cn,949,121.3460378,31.2244969,6,-1
Cn,950,121.8108938,31.1371925,6,-1
Aa,386,121.8107901,31.1373438,6,-1
Aa,387,121.8110637,31.1372207,6,-1
Cn,951,121.3467679,31.2245816,6,-1
Cn,952,121.3468028,31.2245013,6,-1
Aa,388,121.3469611,31.2243384,6,-1
Cn,953,121.3470362,31.2242673,6,-1
Cn,954,121.3470898,31.2241962,6,-1
Dw,216,121.3471434,31.2241595,6,-1
Cn,955,121.3472132,31.2241045,6,-1
Cn,956,121.3472534,31.224077,6,-1
Cn,957,121.3472963,31.2240288,6,-1
Cy,244,121.4798829,31.3218069,6,-1
Cn,958,121.3169614,31.1961655,6,-1
Cn,959,121.3473301,31.2240049,6,-1
Cn,960,121.3473766,31.2240475,6,-1
Cn,961,121.3480432,31.2235025,6,-1
Cn,962,121.3481337,31.2234487,6,-1
Cn,963,121.3481836,31.2234203,6,-1
Cn,964,121.3483591,31.2232939,6,-1
Cn,965,121.3484515,31.2232528,6,-1
Cn,966,121.348845,31.2230759,6,-1
Br,380,121.3471135,31.2245806,6,-1
Cn,967,121.3473469,31.2243351,6,-1
Aa,389,121.3480528,31.2237206,6,-1
Aa,390,121.3482003,31.2236174,6,-1
Aa,391,121.3483371,31.2235325,6,-1
Cn,968,121.3484993,31.2234404,6,-1
Cn,969,121.3485557,31.223414,6,-1
Aa,392,121.3486294,31.2233923,6,-1
Cn,970,121.3486898,31.2233613,6,-1
Cn,971,121.3488065,31.2233211,6,-1
Aa,393,121.3107671,31.1975078,6,-1
Aa,394,121.3101478,31.1952646,6,-1
Aa,395,121.3104658,31.1952514,6,-1
Aa,396,121.3707035,31.2186718,6,-1
Cn,972,121.3706855,31.2187545,6,-1
Aa,397,121.3706676,31.219001,6,-1
Cn,973,121.3708456,31.2190147,6,-1
Cn,974,121.3709558,31.2190228,6,-1
Cn,975,121.3710034,31.2187139,6,-1
Dw,217,121.3706344,31.2191975,6,-1
Cn,976,121.3706194,31.2194091,6,-1
Cn,977,121.3706946,31.219443,6,-1
Aa,398,121.370752,31.2194734,6,-1
Cn,978,121.3710432,31.2192442,6,-1
Cn,979,121.3708422,31.2192197,6,-1
Cn,980,121.3706207,31.2193764,6,-1
Cn,981,121.3709366,31.2194641,6,-1
Aa,399,121.3709981,31.2193296,6,-1
Cn,982,121.4129483,31.1736476,6,-1
Br,381,121.3706542,31.2195814,6,-1
An,213,121.3635874,31.2202305,6,-1
Br,382,121.36359,31.2203733,6,-1
Cn,983,121.3636929,31.2218553,6,-1
Br,383,121.3636919,31.222017,6,-1
Br,384,121.363729,31.2221918,6,-1
Cn,984,121.3635883,31.220545,6,-1
Br,385,121.3811919,31.2178539,6,-1
An,214,121.356575,31.226849,6,-1
Cn,985,121.356446,31.2276568,6,-1
Br,386,121.35229,31.2276933,6,-1
Dw,218,121.3509484,31.2277292,6,-1
Cn,986,121.3511924,31.2277031,6,-1
Aa,400,121.3506901,31.2290776,6,-1
Aa,401,121.350699,31.2289648,6,-1
Aa,402,121.351059,31.2293542,6,-1
Br,387,121.4406884,31.1811986,6,-1
Br,388,121.4405959,31.1814361,6,-1
Br,389,121.4406036,31.1811194,6,-1
Br,390,121.4402489,31.181258,6,-1
Cy,245,121.4402257,31.1810601,6,-1
An,215,121.3513033,31.2295999,6,-1
Cn,987,121.35698,31.2228017,6,-1
Al,128,121.4922708,31.1992809,6,-1
Cn,988,121.5264918,31.2622402,6,-1
An,216,121.2740116,31.2269098,6,-1
Aa,403,121.3440776,31.2323964,6,-1
Br,391,121.2582673,31.1151317,6,-1
Br,392,121.4330637,31.1847038,6,-1
Aa,404,121.4331111,31.1848048,6,-1
Aa,405,121.4332832,31.1850293,6,-1
Aa,406,121.3453128,31.1558785,6,-1
Dh,125,121.311069,31.1945125,6,-1
Dw,219,121.3092371,31.1933722,6,-1
Aa,407,121.3088186,31.1931772,6,-1
Aa,408,121.3085209,31.1935672,6,-1
Dh,126,121.3087382,31.1937898,6,-1
Dh,127,121.3086041,31.1945974,6,-1
Dw,220,121.3891642,31.1987961,6,-1
Cz,352,121.1590321,31.2983519,6,-1
Cy,246,121.1586358,31.2981519,6,-1
Al,129,121.3886665,30.8873482,6,-1
Cn,989,121.4534149,31.0435209,6,-1
Cn,990,121.3937135,30.8866526,6,-1
Br,393,121.3560014,31.120275,6,-1
An,217,121.642256,31.022849,6,-1
Aa,409,121.4425181,31.2275368,6,-1
Cn,991,121.3179919,31.1954522,6,-1
Dw,221,121.3180679,31.1956825,6,-1
Cy,247,121.5245591,31.214391,6,-1
Cy,248,121.5496146,31.226185,6,-1
Aa,410,121.309222,31.1950434,6,-1
Aa,411,121.4552736,31.2064252,6,-1
Aa,412,121.4784338,31.2212577,6,-1
Aa,413,121.4738734,31.2273578,6,-1
Aa,414,121.4721233,31.2343599,6,-1
Aa,415,121.4529683,31.1663271,6,-1
Aa,416,121.4660856,31.2313142,6,-1
Aa,417,121.4445046,31.2255137,6,-1
Aa,418,121.4527953,31.1884641,6,-1
Cn,992,121.4347225,31.1980034,6,-1
Aa,419,121.4532497,31.1664978,6,-1
Br,394,121.3913953,31.1827438,6,-1
Dh,128,121.4614961,31.1860854,6,-1
An,218,121.3912969,31.1826496,6,-1
Cz,353,121.4408429,31.1979377,6,-1
Aa,420,121.457598,31.1691977,6,-1
Cn,993,121.4596701,31.1695632,6,-1
Cn,994,121.4596379,31.169358,6,-1
Cz,354,121.4345633,31.1972931,6,-1
Aa,421,121.4596672,31.1695929,6,-1
Br,395,121.4408217,31.1967823,6,-1
Aa,422,121.4407028,31.1970695,6,-1
Aa,423,121.4041651,31.1876218,6,-1
An,219,121.4558355,31.2251985,6,-1
Cn,995,121.418199,31.1916438,6,-1
Cn,996,121.4412583,31.195756,6,-1
Br,396,121.3816803,31.190857,6,-1
An,220,121.4092124,31.1885354,6,-1
Dh,129,121.3485789,31.155906,6,-1
An,221,121.4876008,31.2001171,6,-1
Dw,222,121.3419169,31.1592965,6,-1
Dh,130,121.3482741,31.1560275,6,-1
Dw,223,121.3426403,31.1584937,6,-1
Dh,131,121.3486273,31.1559266,6,-1
Dh,132,121.3484078,31.1560772,6,-1
Dw,224,121.4527239,31.2150751,6,-1
Aa,424,121.4557238,31.2117317,6,-1
Dh,133,121.3485262,31.1558835,6,-1
Dh,134,121.3482359,31.1560133,6,-1
Dh,135,121.348184,31.155994,6,-1
Dh,136,121.3483795,31.1560667,6,-1
Dh,137,121.3483104,31.156041,6,-1
Aa,425,121.3509681,31.1592745,6,-1
Cy,249,121.3893154,31.1985412,6,-1
Cn,997,121.3496388,31.1544975,6,-1
Cn,998,121.3497381,31.1546743,6,-1
Cn,999,121.4704426,31.2174538,6,-1
Cz,355,121.3809848,31.2165975,6,-1
Cn,1000,121.3973632,31.2081485,6,-1
Br,397,121.3972538,31.208185,6,-1
Cn,1001,121.3975037,31.2081412,6,-1
Aa,426,121.3946372,31.0876004,6,-1
Dw,225,121.3946139,31.0882035,6,-1
Dw,226,121.3904018,31.0584782,6,-1
Dw,227,121.4049154,31.0462573,6,-1
Br,398,121.4517517,31.0431087,6,-1
Cn,1002,121.5440348,31.0768244,6,-1
Al,130,121.1795891,31.068188,6,-1
Br,399,121.5036093,31.3054541,6,-1
Aa,427,121.5029977,31.3050324,6,-1
Br,400,121.5528278,31.2478557,6,-1
Cy,250,121.4060185,31.2704458,6,-1
Aa,428,121.4856765,31.2243776,6,-1
Cz,356,121.4957932,30.9904866,6,-1
Cz,357,121.4955371,30.9902808,6,-1
Cz,358,121.4944387,30.9904016,6,-1
Cn,1003,121.4648957,31.2326333,6,-1
Br,401,121.4656713,31.2318419,6,-1
Br,402,121.4647645,31.2326262,6,-1
Dw,228,121.4638996,31.2312614,6,-1
Aa,429,121.4649677,31.2325824,6,-1
Aa,430,121.6747663,31.1411474,6,-1
Cn,1004,121.3557454,31.2230973,6,-1
Br,403,121.3539333,31.2241283,6,-1
Cn,1005,121.354857,31.222566,6,-1
Dw,229,121.3548268,31.2225646,6,-1
Dh,138,121.3548724,31.2229432,6,-1
Aa,431,121.3539955,31.2235596,6,-1
Cn,1006,121.3734997,31.1101686,6,-1
Dh,139,121.4232375,31.1863978,6,-1
Dh,140,121.4238695,31.1858985,6,-1
Cn,1007,121.4233629,31.1850875,6,-1
Dh,141,121.4238381,31.1858097,6,-1
Aa,432,121.423182,31.1856446,6,-1
Cn,1008,121.4641992,31.2082033,6,-1
Dh,142,121.4638964,31.2086364,6,-1
Cy,251,121.4064558,31.2695832,6,-1
Dh,143,121.4075743,31.272396,6,-1
Cn,1009,121.4089418,31.2723459,6,-1
Dw,230,121.4446972,31.2255626,6,-1
Cy,252,121.449721,31.2230579,6,-1
Cn,1010,121.4726816,31.2394333,6,-1
Dh,144,121.1574743,31.2896349,6,-1
Cm,159,121.4398937,31.2237548,6,-1
Al,131,121.496838,30.9423704,6,-1
Aa,433,121.3457955,31.2321574,6,-1
An,222,121.4311576,31.2201424,6,-1
Br,404,121.4292085,31.2219174,6,-1
Cn,1011,121.4293593,31.2219505,6,-1
Aa,434,121.4274686,31.2215414,6,-1
Br,405,121.3455716,31.2321797,6,-1
Br,406,121.4273585,31.2215065,6,-1
Cn,1012,121.4308617,31.22007,6,-1
Cn,1013,121.3454372,31.2321338,6,-1
Dw,231,121.4285405,31.2220101,6,-1
Cn,1014,121.451143,31.2215276,6,-1
Dw,232,121.3486112,31.2231616,6,-1
Aa,435,121.4262091,31.2133587,6,-1
Al,132,121.4320204,31.2087623,6,-1
Aa,436,121.4555998,31.2285229,6,-1
Aa,437,121.4497133,31.2252482,6,-1
Aa,438,121.4490844,31.2248162,6,-1
Cz,359,121.4265107,31.2202687,6,-1
Aa,439,121.4452801,31.2143077,6,-1
An,223,121.4473041,31.2091135,6,-1
Cm,160,121.452152,31.2066008,6,-1
An,224,121.4535067,31.2056978,6,-1
Aa,440,121.4536583,31.2051861,6,-1
Cm,161,121.4418121,31.2138113,6,-1
Cn,1015,121.4518495,31.2063469,6,-1
Br,407,121.4509419,31.2060529,6,-1
Br,408,121.4534898,31.2058159,6,-1
An,225,121.4498922,31.2079381,6,-1
Dh,145,121.4425012,31.2147383,6,-1
Cm,162,121.4525339,31.2067175,6,-1
Aa,441,121.4481211,31.2080694,6,-1
Cm,163,121.451549,31.2063893,6,-1
Br,409,121.4478587,31.2078334,6,-1
Br,410,121.4529814,31.2068721,6,-1
Br,411,121.4500677,31.2091815,6,-1
Br,412,121.4455968,31.2105316,6,-1
Br,413,121.4534074,31.2068096,6,-1
An,226,121.4536516,31.205133,6,-1
Dh,146,121.4612297,31.2056064,6,-1
Dh,147,121.4535273,31.2073099,6,-1
Aa,442,121.4534082,31.2072606,6,-1
Dw,233,121.457699,31.2046881,6,-1
Aa,443,121.4578638,31.1725595,6,-1
Aa,444,121.4554509,31.2079214,6,-1
Aa,445,121.4600957,31.1855585,6,-1
Aa,446,121.45398,31.2070183,6,-1
Br,414,121.4641478,31.1995677,6,-1
Aa,447,121.4534034,31.2071121,6,-1
Cn,1016,121.3146179,31.1953251,6,-1
Dw,234,121.314695,31.1953324,6,-1
An,227,121.3719226,31.193288,6,-1
An,228,121.6142957,31.1197019,6,-1
An,229,121.5873715,31.2460862,6,-1
An,230,121.6586732,31.0324864,6,-1
An,231,121.4414385,31.2817541,6,-1
An,232,121.4791683,31.3937843,6,-1
An,233,121.2001672,31.0974175,6,-1
An,234,121.351742,31.1596361,6,-1
Dw,235,121.3606467,31.2196167,6,-1
Cn,1017,121.3977739,31.2112915,6,-1
Aa,448,121.3976958,31.2111817,6,-1
An,235,121.541967,31.2788263,6,-1
An,236,121.177942,31.4139706,6,-1
Cn,1018,121.4556243,31.211731,6,-1
Cn,1019,121.4556323,31.2117008,6,-1
Cn,1020,121.4747002,31.2278446,6,-1
Cn,1021,121.3692176,31.178597,6,-1
Cn,1022,121.3690661,31.1785362,6,-1
Cn,1023,121.3693276,31.1788196,6,-1
Dw,236,121.4154024,31.2568369,6,-1
Dw,237,121.4165796,31.2576298,6,-1
Br,415,121.4155259,31.2573354,6,-1
Dw,238,121.4538728,31.2700567,6,-1
Cm,164,121.4422681,31.2055006,6,-1
Cn,1024,121.0524575,31.1141974,6,-1
Cn,1025,121.8055003,31.1530522,6,-1
Dh,148,121.8084047,31.147711,6,-1
Br,416,121.8082795,31.147817,6,-1
Aa,449,121.8084342,31.1478127,6,-1
Br,417,121.8084322,31.1484305,6,-1
Aa,450,121.8062465,31.1535651,6,-1
Aa,451,121.8062738,31.1534599,6,-1
Br,418,121.8085348,31.1479979,6,-1
Aa,452,121.2728544,31.2000053,6,-1
Br,419,121.2731892,31.1996657,6,-1
Cm,165,121.2709504,31.2030905,6,-1
Cn,1026,121.2709791,31.2030701,6,-1
Cy,253,121.280164,31.2054146,6,-1
Cn,1027,121.2804414,31.205075,6,-1
Cn,1028,121.279322,31.2061716,6,-1
Aa,453,121.2728544,31.2000053,6,-1
Br,420,121.2731892,31.1996657,6,-1
Cm,166,121.2709504,31.2030905,6,-1
Cn,1029,121.2709791,31.2030701,6,-1
Cn,1030,121.2770832,31.2044408,6,-1
Cn,1031,121.2771598,31.2045267,6,-1
Cn,1032,121.2783892,31.2053205,6,-1
Cn,1033,121.2888835,31.1744037,6,-1
Cn,1034,121.2886771,31.1744861,6,-1
Cn,1035,121.2892549,31.1744978,6,-1
Cy,254,121.5946499,31.2715391,6,-1
Cn,1036,121.438614,31.235429,6,-1
Cn,1037,121.4418603,31.212765,6,-1
Cn,1038,121.4354506,31.2070634,6,-1
Cm,167,121.4445665,31.2136403,6,-1
Cy,255,121.2546658,31.1194006,6,-1
Cy,256,121.5102217,31.2259837,6,-1
Cy,257,121.4939996,31.2672932,6,-1
Cn,1039,121.4948714,31.2665337,6,-1
Dh,149,121.493875,31.2656388,6,-1
Aa,454,121.4931451,31.2661641,6,-1
Aa,455,121.4946152,31.2659239,6,-1
Cn,1040,121.2733178,31.169128,6,-1
Cy,258,121.1346364,31.2519631,6,-1
Cn,1041,121.1372592,31.2508777,6,-1
Br,421,121.1679251,31.270025,6,-1
Cn,1042,121.4565316,31.2756303,6,-1
Aa,456,121.4002204,31.2130666,6,-1
Cm,168,121.3876074,31.2152515,6,-1
An,237,121.3879165,31.2151628,6,-1
Dh,150,121.3849817,31.2158908,6,-1
Dh,151,121.3657733,31.2193167,6,-1
Cn,1043,121.3992284,31.2077439,6,-1
Cn,1044,121.4176412,31.1983567,6,-1
Cn,1045,121.4119193,31.2207909,6,-1
Dh,152,121.5547865,31.229929,6,-1
Cz,360,121.5546511,31.2290382,6,-1
Cn,1046,121.5545706,31.2293885,6,-1
Al,133,121.4845192,31.197558,6,-1
Dw,239,121.5172471,31.2907411,6,-1
Cn,1047,121.5173018,31.2906336,6,-1
Dw,240,121.5173861,31.2911166,6,-1
Cy,259,121.3094618,31.1542163,6,-1
Cz,361,121.5099571,31.2350225,6,-1
Br,422,121.5528655,31.2340782,6,-1
Cn,1048,121.4110941,31.1998006,6,-1
Cn,1049,121.3563776,31.2109847,6,-1
Br,423,121.3733145,31.2097531,6,-1
Aa,457,121.4107937,31.200158,6,-1
Dw,241,121.3959568,31.2030909,6,-1
Cn,1050,121.3884439,31.2017424,6,-1
Cz,362,121.3797139,31.2092636,6,-1
Aa,458,121.3885065,31.2018426,6,-1
Cz,363,121.3614008,31.2101947,6,-1
Dw,242,121.3975425,31.2077459,6,-1
Cz,364,121.3898202,31.2075158,6,-1
Br,424,121.3573327,31.2108378,6,-1
Cz,365,121.3786049,31.2090704,6,-1
Cn,1051,121.4392054,31.2301467,6,-1
Cn,1052,121.4398887,31.21765,6,-1
Cn,1053,121.4398887,31.21765,6,-1
Cn,1054,121.4556395,31.2228611,6,-1
Cn,1055,121.2736984,31.1601103,6,-1
Cn,1056,121.4447961,31.2123904,6,-1
Aa,459,121.4529163,31.2173167,6,-1
Br,425,121.4456391,31.2124476,6,-1
Aa,460,121.4478613,31.2127568,6,-1
Cm,169,121.447641,31.2127607,6,-1
Cm,170,121.4479512,31.2125204,6,-1
Cn,1057,121.4483423,31.2124415,6,-1
Cn,1058,121.448376,31.2123377,6,-1
Cn,1059,121.4483693,31.2122897,6,-1
Cn,1060,121.4485289,31.2126492,6,-1
Cn,1061,121.4485154,31.2125819,6,-1
Cn,1062,121.432444,31.1964864,6,-1
Aa,461,121.4456003,31.236977,6,-1
Cz,366,121.4307296,31.2036485,6,-1
Dw,243,121.4507134,31.2061239,6,-1
Aa,462,121.4186961,31.1981337,6,-1
Br,426,121.4246774,31.2013463,6,-1
Dh,153,121.4286933,31.20344,6,-1
Cz,367,121.4451481,31.2039509,6,-1
Br,427,121.4434116,31.2032347,6,-1
Dw,244,121.4084654,31.1985448,6,-1
Br,428,121.4217941,31.2009761,6,-1
Dh,154,121.4504604,31.2060604,6,-1
Dw,245,121.4507642,31.2061352,6,-1
Br,429,121.4157604,31.1973353,6,-1
Dh,155,121.4522731,31.2064781,6,-1
Aa,463,121.4473487,31.2051984,6,-1
Cy,260,121.4483684,31.2055395,6,-1
Aa,464,121.4396431,31.2022389,6,-1
Br,430,121.4287899,31.203466,6,-1
Cz,368,121.4447261,31.2040817,6,-1
Aa,465,121.4390051,31.2022694,6,-1
Cz,369,121.4222196,31.2009271,6,-1
Dh,156,121.4321744,31.2018983,6,-1
Cn,1063,121.4403577,31.2024589,6,-1
Cm,171,121.452638,31.2067223,6,-1
Cm,172,121.448059,31.2053557,6,-1
Br,431,121.455307,31.2040803,6,-1
An,238,121.4530464,31.2483174,6,-1
Br,432,121.4146462,31.1980143,6,-1
Dw,246,121.4172227,31.1981067,6,-1
Dh,157,121.4466741,31.2050289,6,-1
Dh,158,121.4468628,31.2050721,6,-1
Cn,1064,121.4147982,31.1979997,6,-1
An,239,121.439912,31.2020569,6,-1
Aa,466,121.4184846,31.197825,6,-1
Dh,159,121.4502646,31.2060036,6,-1
Dh,160,121.453269,31.2067481,6,-1
Cm,173,121.4534238,31.2066004,6,-1
Aa,467,121.4245754,31.2018925,6,-1
Cm,174,121.4244904,31.2018665,6,-1
Br,433,121.4301878,31.2035928,6,-1
Cn,1065,121.4478015,31.2053028,6,-1
Aa,468,121.4486182,31.2055613,6,-1
Cz,370,121.4218817,31.2009302,6,-1
Br,434,121.4394348,31.2021709,6,-1
An,240,121.4531504,31.2497552,6,-1
Aa,469,121.4525461,31.2066989,6,-1
Cn,1066,121.4461325,31.2046239,6,-1
An,241,121.4535295,31.2497163,6,-1
Cz,371,121.4522799,31.2457801,6,-1
Aa,470,121.4525967,31.2067114,6,-1
Cz,372,121.4364262,31.1719004,6,-1
Cn,1067,121.5177832,31.3178371,6,-1
Cz,373,121.5166701,31.3173101,6,-1
Aa,471,121.5173202,31.3172773,6,-1
Br,435,121.5172981,31.3176478,6,-1
